{"type":"FeatureCollection","name":"GEM active faults — Türkiye processing extent","attribution":"© GEM Foundation contributors","license":"CC BY-SA 4.0","source":"https://github.com/GEMScienceTools/gem-global-active-faults","sourceRevision":"56816508ad92fd6846dad1163b1c8c01376a2cd1","processedAt":"2026-09-06T00:00:00.000Z","bbox":[22,33,47,44],"features":[{"type":"Feature","properties":{"id":"EAF_1494","name":null,"slip_type":"Strike-Slip","catalog_name":"Macgregor_AfricaFaults","catalog_id":"EAF_1494","average_dip":null,"dip_dir":null,"net_slip_rate":null},"geometry":{"type":"LineString","coordinates":[[35.6511,33],[35.65982,33.07866],[35.79693,33.63096],[35.92033,33.89434],[36.33166,34.4641]]}},{"type":"Feature","properties":{"id":"ME_BGCS001","name":null,"slip_type":"Sinistral-Normal","catalog_name":"EMME","catalog_id":"ME_BGCS001","average_dip":"(45.0,35.0,55.0)","dip_dir":null,"net_slip_rate":"(0.2,0.1,0.4)"},"geometry":{"type":"LineString","coordinates":[[26.34799,41.84449],[26.23418,41.8739],[26.12505,41.90219],[26.00567,41.91855],[25.83611,41.94015],[25.66722,41.95143],[25.53541,41.98038],[25.3993,42.01196],[25.32168,42.0356],[25.22216,42.06663],[25.13658,42.09471],[25.04303,42.13165],[24.95347,42.16268],[24.82372,42.21739],[24.70436,42.2595],[24.60385,42.29927]]}},{"type":"Feature","properties":{"id":"ME_BGCS006","name":null,"slip_type":"Normal","catalog_name":"EMME","catalog_id":"ME_BGCS006","average_dip":"(47.5,40.0,55.0)","dip_dir":null,"net_slip_rate":"(0.2,0.1,0.4)"},"geometry":{"type":"LineString","coordinates":[[26.17679,41.7112],[26.12365,41.72388],[26.08145,41.7354],[26.01893,41.74578],[25.97048,41.74808],[25.91109,41.74693],[25.8392,41.74347],[25.78293,41.75154],[25.72547,41.76539],[25.68577,41.78345],[25.64607,41.8015],[25.59332,41.82071],[25.54058,41.83992],[25.48883,41.8547],[25.43708,41.86947]]}},{"type":"Feature","properties":{"id":"ME_BGCS007","name":null,"slip_type":"Normal","catalog_name":"EMME","catalog_id":"ME_BGCS007","average_dip":"(62.5,50.0,75.0)","dip_dir":null,"net_slip_rate":"(0.2,0.1,0.4)"},"geometry":{"type":"LineString","coordinates":[[26.5917,41.83427],[26.566,41.85871],[26.54031,41.88314],[26.51461,41.90757],[26.49794,41.92667],[26.48127,41.94577],[26.46287,41.97106],[26.44446,41.99635],[26.42536,42.01803],[26.40627,42.03971],[26.37948,42.06934],[26.3527,42.09898],[26.33087,42.11657],[26.30903,42.13416],[26.27061,42.16039]]}},{"type":"Feature","properties":{"id":"ME_BGCS008","name":null,"slip_type":"Normal","catalog_name":"EMME","catalog_id":"ME_BGCS008","average_dip":"(50.0,40.0,60.0)","dip_dir":null,"net_slip_rate":"(0.2,0.1,0.4)"},"geometry":{"type":"LineString","coordinates":[[27.18506,42.17524],[27.15466,42.17853],[27.12426,42.18181],[27.07871,42.18762],[27.03317,42.19344],[26.98448,42.19984],[26.93579,42.20624],[26.89164,42.20745],[26.84749,42.20865],[26.81266,42.21087],[26.77783,42.21308],[26.74218,42.21381],[26.70652,42.21453]]}},{"type":"Feature","properties":{"id":"ME_BGCS009","name":null,"slip_type":"Normal","catalog_name":"EMME","catalog_id":"ME_BGCS009","average_dip":"(50.0,40.0,60.0)","dip_dir":null,"net_slip_rate":"(0.2,0.1,0.4)"},"geometry":{"type":"LineString","coordinates":[[27.38762,42.32672],[27.32822,42.32442],[27.28915,42.32557],[27.24852,42.32788],[27.20006,42.33249],[27.16244,42.3357],[27.12071,42.33218],[27.07898,42.32867],[27.04207,42.32632],[27.00516,42.32398],[26.95257,42.32189],[26.89998,42.31981]]}},{"type":"Feature","properties":{"id":"ME_BGCS044","name":null,"slip_type":"Normal","catalog_name":"EMME","catalog_id":"ME_BGCS044","average_dip":"(50.0,40.0,60.0)","dip_dir":null,"net_slip_rate":"(0.2,0.1,0.3)"},"geometry":{"type":"LineString","coordinates":[[27.72071,42.62859],[27.67442,42.62459],[27.62027,42.62356],[27.57096,42.61657],[27.53284,42.61457],[27.49734,42.60776],[27.44159,42.60302],[27.39422,42.59905],[27.34767,42.59835],[27.29507,42.59512],[27.26434,42.59196],[27.23361,42.5888],[27.19287,42.58143]]}},{"type":"Feature","properties":{"id":"ME_GRCS150","name":null,"slip_type":"Dextral-Normal","catalog_name":"EMME","catalog_id":"ME_GRCS150","average_dip":"(55.0,35.0,75.0)","dip_dir":null,"net_slip_rate":"(0.3,0.2,0.5)"},"geometry":{"type":"LineString","coordinates":[[24.47903,40.94717],[24.53642,40.9663],[24.56372,40.97745],[24.60018,40.98851],[24.64214,41.00587],[24.6697,41.0189],[24.6975,41.03963],[24.73226,41.06473],[24.76217,41.08937],[24.78703,41.10597],[24.81539,41.12026],[24.84847,41.13355],[24.87252,41.14252],[24.89524,41.14702],[24.91666,41.14841],[24.93055,41.1491],[24.94581,41.14783],[24.95677,41.14472],[24.9724,41.14184],[25.00068,41.13956],[25.01733,41.14012],[25.03327,41.13756],[25.03971,41.13518],[25.05537,41.13116],[25.07436,41.12723],[25.09168,41.12398],[25.11221,41.12066],[25.13001,41.12028],[25.14487,41.12087],[25.15857,41.12192],[25.16819,41.12531],[25.1856,41.13032],[25.19758,41.1332],[25.20772,41.13433],[25.2166,41.13369],[25.22428,41.13262],[25.23494,41.13194],[25.25107,41.13428],[25.28464,41.14251],[25.30574,41.15056],[25.34955,41.16169],[25.37602,41.17006],[25.39166,41.17463],[25.40781,41.1774],[25.42091,41.17799],[25.43568,41.17585],[25.4545,41.17136],[25.47972,41.16357],[25.51268,41.15532],[25.56647,41.14282],[25.60331,41.13445],[25.6445,41.12505],[25.68988,41.11296],[25.74329,41.1],[25.78696,41.09173],[25.82663,41.08602]]}},{"type":"Feature","properties":{"id":"ME_GRCS160","name":null,"slip_type":"Normal","catalog_name":"EMME","catalog_id":"ME_GRCS160","average_dip":"(60.0,45.0,75.0)","dip_dir":null,"net_slip_rate":"(0.6,0.4,0.7)"},"geometry":{"type":"LineString","coordinates":[[26.12964,40.84769],[26.07529,40.84588],[26.04348,40.84633],[26.00937,40.84724],[25.97756,40.84724],[25.93882,40.84994],[25.89892,40.8513],[25.87276,40.85164],[25.84803,40.85087],[25.81898,40.85109],[25.79554,40.85095],[25.77257,40.85],[25.73267,40.84715],[25.70337,40.84766],[25.66439,40.85547],[25.63269,40.86217],[25.6054,40.86492],[25.59381,40.8641],[25.58223,40.86122],[25.56801,40.85629],[25.55747,40.85629],[25.53176,40.86396],[25.49954,40.8752]]}},{"type":"Feature","properties":{"id":"ME_GRCS170","name":null,"slip_type":"Normal","catalog_name":"EMME","catalog_id":"ME_GRCS170","average_dip":"(62.5,45.0,80.0)","dip_dir":null,"net_slip_rate":"(0.3,0.3,0.3)"},"geometry":{"type":"LineString","coordinates":[[26.12172,41.54261],[26.16526,41.55124],[26.2088,41.55987],[26.23859,41.56681],[26.28979,41.57412],[26.32842,41.58033],[26.36705,41.58654],[26.40708,41.59275],[26.44711,41.59896],[26.48155,41.60481],[26.516,41.61066],[26.57433,41.61939]]}},{"type":"Feature","properties":{"id":"ME_GRCS288","name":null,"slip_type":"Normal","catalog_name":"EMME","catalog_id":"ME_GRCS288","average_dip":"(60.0,45.0,75.0)","dip_dir":null,"net_slip_rate":"(0.6,0.1,1.0)"},"geometry":{"type":"LineString","coordinates":[[25.45941,40.51949],[25.49426,40.51221],[25.52911,40.50493],[25.57234,40.49534],[25.61557,40.48575],[25.66774,40.47357],[25.7199,40.4614],[25.75483,40.45373],[25.78977,40.44605]]}},{"type":"Feature","properties":{"id":"ME_GRCS696","name":null,"slip_type":"Reverse","catalog_name":"EMME","catalog_id":"ME_GRCS696","average_dip":"(35.0,25.0,45.0)","dip_dir":null,"net_slip_rate":"(0.8,0.19,1.5)"},"geometry":{"type":"LineString","coordinates":[[33.26777,35.3152],[33.3608,35.21563],[33.45383,35.11606],[33.55841,35.0383],[33.69346,34.924],[33.8601,34.8438],[33.99645,34.78455],[34.12783,34.73928],[34.30488,34.69409],[34.48758,34.6944],[34.65638,34.71918],[34.8422,34.73699],[35.01373,34.78628],[35.11422,34.80744],[35.21472,34.82861]]}},{"type":"Feature","properties":{"id":"ME_GRCS697","name":null,"slip_type":"Dextral-Reverse","catalog_name":"EMME","catalog_id":"ME_GRCS697","average_dip":"(35.0,25.0,45.0)","dip_dir":null,"net_slip_rate":"(0.8,0.14,1.5)"},"geometry":{"type":"LineString","coordinates":[[32.38428,34.81936],[32.44931,34.7449],[32.52636,34.68112],[32.59939,34.64289],[32.69542,34.60044],[32.7711,34.56009],[32.84654,34.524],[32.94618,34.46043],[33.08382,34.40083],[33.22183,34.3755],[33.33949,34.35227],[33.44616,34.34392],[33.56888,34.3207],[33.69628,34.30387],[33.82683,34.2764]]}},{"type":"Feature","properties":{"id":"ME_GRCS698","name":null,"slip_type":"Reverse","catalog_name":"EMME","catalog_id":"ME_GRCS698","average_dip":"(35.0,25.0,45.0)","dip_dir":null,"net_slip_rate":"(0.8,0.14,1.5)"},"geometry":{"type":"LineString","coordinates":[[33.40675,34.84453],[33.44634,34.81106],[33.48594,34.77758],[33.53365,34.75214],[33.58136,34.7267],[33.64229,34.69323],[33.70322,34.65975],[33.75373,34.64104],[33.80423,34.62232],[33.85395,34.61703],[33.90367,34.61174],[33.96397,34.58901],[34.03437,34.57502],[34.07966,34.55699],[34.12497,34.53896],[34.18044,34.51988],[34.23591,34.5008],[34.29798,34.49877],[34.36004,34.49675]]}},{"type":"Feature","properties":{"id":"ME_GRCS699","name":null,"slip_type":"Dextral-Reverse","catalog_name":"EMME","catalog_id":"ME_GRCS699","average_dip":"(80.0,70.0,90.0)","dip_dir":null,"net_slip_rate":"(6.0,2.0,10.0)"},"geometry":{"type":"LineString","coordinates":[[32.85725,35.73092],[32.80094,35.66433],[32.74462,35.59775],[32.66541,35.46115],[32.57395,35.32102],[32.50027,35.20551],[32.42659,35.09001],[32.34571,34.95991],[32.27142,34.84686],[32.1908,34.7125],[32.08452,34.58449],[32.0224,34.5226],[31.96029,34.46071],[31.8625,34.36041]]}},{"type":"Feature","properties":{"id":"ME_GRCS778","name":null,"slip_type":"Normal","catalog_name":"EMME","catalog_id":"ME_GRCS778","average_dip":"(80.0,70.0,90.0)","dip_dir":null,"net_slip_rate":"(1.8,0.5,3.0)"},"geometry":{"type":"LineString","coordinates":[[26.93079,35.85743],[26.9353,35.8813],[26.9398,35.90518],[26.94094,35.93035],[26.94208,35.95553],[26.93692,35.982],[26.93183,36.00997],[26.92878,36.04273],[26.93091,36.07301],[26.93047,36.10397],[26.93285,36.13383],[26.92776,36.1634]]}},{"type":"Feature","properties":{"id":"ME_GRCS779","name":null,"slip_type":"Normal","catalog_name":"EMME","catalog_id":"ME_GRCS779","average_dip":"(60.0,50.0,70.0)","dip_dir":null,"net_slip_rate":"(0.6,0.1,1.0)"},"geometry":{"type":"LineString","coordinates":[[27.18771,36.2469],[27.14495,36.24571],[27.10219,36.24451],[27.06809,36.24251],[27.03399,36.24051],[27.00243,36.23732],[26.97087,36.23412],[26.93219,36.22773],[26.88231,36.21814],[26.84464,36.21095]]}},{"type":"Feature","properties":{"id":"ME_GRCS780","name":null,"slip_type":"Normal","catalog_name":"EMME","catalog_id":"ME_GRCS780","average_dip":"(80.0,70.0,90.0)","dip_dir":null,"net_slip_rate":"(1.8,0.5,3.0)"},"geometry":{"type":"LineString","coordinates":[[27.05255,35.61879],[27.0774,35.66077],[27.09458,35.70144],[27.10998,35.74147],[27.11507,35.78782],[27.12635,35.84203],[27.13747,35.8909],[27.14432,35.93651],[27.14636,35.98286],[27.16163,36.0332],[27.17588,36.07395],[27.18401,36.10391],[27.18833,36.13576],[27.19244,36.1578],[27.19753,36.17858]]}},{"type":"Feature","properties":{"id":"ME_GRCS831","name":null,"slip_type":"Dextral","catalog_name":"EMME","catalog_id":"ME_GRCS831","average_dip":"(80.0,70.0,90.0)","dip_dir":null,"net_slip_rate":"(1.2,0.8,1.6)"},"geometry":{"type":"LineString","coordinates":[[25.38281,39.7427],[25.30965,39.69476],[25.23649,39.64683],[25.16334,39.59889],[25.09018,39.55095],[25.01702,39.50302],[24.98044,39.47905],[24.94386,39.45508],[24.90728,39.43111],[24.87071,39.40714],[24.83413,39.38318],[24.79755,39.35921],[24.76097,39.33524],[24.72439,39.31127],[24.68781,39.2873],[24.65123,39.26333]]}},{"type":"Feature","properties":{"id":"ME_GRCS838","name":null,"slip_type":"Normal","catalog_name":"EMME","catalog_id":"ME_GRCS838","average_dip":"(62.5,50.0,75.0)","dip_dir":null,"net_slip_rate":"(0.6,0.1,1.0)"},"geometry":{"type":"LineString","coordinates":[[25.14713,39.31094],[25.10642,39.3041],[25.06571,39.29726],[25.0272,39.29336],[24.98868,39.28946],[24.9438,39.28862],[24.89892,39.28778],[24.85354,39.28904],[24.80815,39.2903],[24.76618,39.29422],[24.72421,39.29813]]}},{"type":"Feature","properties":{"id":"ME_GRCS840","name":null,"slip_type":"Dextral","catalog_name":"EMME","catalog_id":"ME_GRCS840","average_dip":"(80.0,70.0,90.0)","dip_dir":null,"net_slip_rate":"(0.8,0.7,0.9)"},"geometry":{"type":"LineString","coordinates":[[25.33545,39.35655],[25.29629,39.3188],[25.25714,39.28105],[25.21144,39.23919],[25.16573,39.19734],[25.12953,39.16247],[25.08865,39.1226],[25.04654,39.08079],[25.023,39.05745],[25.0069,39.038],[24.99946,39.01758],[24.99079,39.00494],[24.95611,38.97577],[24.90656,38.93396],[24.86816,38.90284],[24.83099,38.87464]]}},{"type":"Feature","properties":{"id":"ME_GRCS845","name":null,"slip_type":"Dextral","catalog_name":"EMME","catalog_id":"ME_GRCS845","average_dip":"(80.0,70.0,90.0)","dip_dir":null,"net_slip_rate":"(0.8,0.6,0.9)"},"geometry":{"type":"LineString","coordinates":[[25.15587,39.05465],[25.17495,39.0739],[25.19402,39.09314],[25.22399,39.12309],[25.25397,39.15303],[25.28939,39.18298],[25.32481,39.21292],[25.36023,39.24287],[25.38339,39.26746],[25.40656,39.29206],[25.42563,39.30917],[25.4447,39.32628]]}},{"type":"Feature","properties":{"id":"ME_GRCS850","name":null,"slip_type":"Dextral","catalog_name":"EMME","catalog_id":"ME_GRCS850","average_dip":"(80.0,70.0,90.0)","dip_dir":null,"net_slip_rate":"(1.2,0.5,2.0)"},"geometry":{"type":"LineString","coordinates":[[26.35451,39.37932],[26.3331,39.35704],[26.31169,39.32521],[26.2913,39.2886],[26.27702,39.25438],[26.26581,39.22096],[26.2393,39.18356],[26.21534,39.16008],[26.19138,39.13661],[26.16284,39.11154],[26.13429,39.08647],[26.09453,39.05066],[26.05893,39.0196],[26.02085,38.98971],[26.00172,38.97414]]}},{"type":"Feature","properties":{"id":"ME_GRCS853","name":null,"slip_type":"Dextral","catalog_name":"EMME","catalog_id":"ME_GRCS853","average_dip":"(85.0,80.0,90.0)","dip_dir":null,"net_slip_rate":"(1.2,0.5,2.0)"},"geometry":{"type":"LineString","coordinates":[[25.4319,38.60036],[25.46252,38.61959],[25.49314,38.63882],[25.52377,38.65805],[25.55643,38.67969],[25.58909,38.70132],[25.61951,38.7214],[25.64993,38.74148],[25.67198,38.75758],[25.69403,38.77368],[25.72121,38.79139],[25.74839,38.8091],[25.77762,38.82681],[25.80685,38.84452],[25.83271,38.85983],[25.85857,38.87513]]}},{"type":"Feature","properties":{"id":"ME_GRCS855","name":null,"slip_type":"Normal","catalog_name":"EMME","catalog_id":"ME_GRCS855","average_dip":"(67.5,55.0,80.0)","dip_dir":null,"net_slip_rate":"(1.0,0.5,1.5)"},"geometry":{"type":"LineString","coordinates":[[26.3259,38.92574],[26.36255,38.94391],[26.39727,38.9545],[26.42716,38.96283],[26.45899,38.96813],[26.48407,38.9704],[26.5101,38.97494],[26.55157,38.98857],[26.59208,38.99993],[26.6403,39.01734]]}},{"type":"Feature","properties":{"id":"ME_GRCS865","name":null,"slip_type":"Sinistral","catalog_name":"EMME","catalog_id":"ME_GRCS865","average_dip":"(67.5,55.0,80.0)","dip_dir":null,"net_slip_rate":"(0.8,0.5,1.0)"},"geometry":{"type":"LineString","coordinates":[[25.18585,38.8322],[25.20083,38.80868],[25.21582,38.78515],[25.22536,38.75628],[25.23489,38.7274],[25.2548,38.70795],[25.27471,38.6885],[25.29614,38.67168],[25.31758,38.65485],[25.34003,38.62841],[25.36249,38.60197],[25.38699,38.56271],[25.41149,38.52344],[25.43082,38.49495],[25.45015,38.46646]]}},{"type":"Feature","properties":{"id":"ME_GRCS868","name":null,"slip_type":"Normal","catalog_name":"EMME","catalog_id":"ME_GRCS868","average_dip":"(60.0,45.0,75.0)","dip_dir":null,"net_slip_rate":"(0.8,0.5,1.0)"},"geometry":{"type":"LineString","coordinates":[[25.4665,38.4579],[25.52099,38.46967],[25.57549,38.48143],[25.63135,38.49106],[25.68721,38.50068],[25.72944,38.51138],[25.77167,38.52207]]}},{"type":"Feature","properties":{"id":"ME_GRCS880","name":null,"slip_type":"Normal","catalog_name":"EMME","catalog_id":"ME_GRCS880","average_dip":"(60.0,50.0,70.0)","dip_dir":null,"net_slip_rate":"(2.9,2.2,3.6)"},"geometry":{"type":"LineString","coordinates":[[26.46151,38.70668],[26.40522,38.68956],[26.35737,38.6763],[26.30529,38.66304],[26.27363,38.65752],[26.24196,38.65199],[26.20255,38.64592],[26.16315,38.63984],[26.12867,38.63515],[26.09418,38.63045],[26.06252,38.62852],[26.03085,38.62658],[25.97878,38.62327],[25.94359,38.61885],[25.8873,38.61333],[25.83297,38.60908]]}},{"type":"Feature","properties":{"id":"ME_GRCS900","name":null,"slip_type":"Normal","catalog_name":"EMME","catalog_id":"ME_GRCS900","average_dip":"(57.5,45.0,70.0)","dip_dir":null,"net_slip_rate":"(2.0,1.0,3.0)"},"geometry":{"type":"LineString","coordinates":[[26.64562,38.06144],[26.60469,38.07088],[26.54189,38.07995],[26.47909,38.08903],[26.4211,38.09726],[26.36311,38.10549],[26.30512,38.11372],[26.26697,38.11808],[26.22883,38.12244],[26.18883,38.11989],[26.14882,38.11735],[26.09207,38.11154],[26.05951,38.10537],[26.02695,38.0992],[25.96647,38.0854]]}},{"type":"Feature","properties":{"id":"ME_GRCS905","name":null,"slip_type":"Sinistral-Normal","catalog_name":"EMME","catalog_id":"ME_GRCS905","average_dip":"(62.5,50.0,75.0)","dip_dir":null,"net_slip_rate":"(0.6,0.1,1.0)"},"geometry":{"type":"LineString","coordinates":[[25.71173,37.97024],[25.74034,37.94672],[25.76895,37.92319],[25.78938,37.89859],[25.80982,37.87399],[25.83707,37.85475],[25.86432,37.8355],[25.88748,37.81625],[25.91064,37.797],[25.94061,37.76384],[25.97058,37.73069]]}},{"type":"Feature","properties":{"id":"ME_GRCS907","name":null,"slip_type":"Dextral-Normal","catalog_name":"EMME","catalog_id":"ME_GRCS907","average_dip":"(72.5,60.0,85.0)","dip_dir":null,"net_slip_rate":"(1.2,0.5,2.0)"},"geometry":{"type":"LineString","coordinates":[[26.35037,37.71843],[26.31851,37.70854],[26.28665,37.69865],[26.24991,37.68698],[26.21316,37.6753],[26.17791,37.66251],[26.13831,37.65553],[26.11163,37.65045],[26.08657,37.65172],[26.05263,37.64411],[26.01625,37.62888],[25.97422,37.6054],[25.94755,37.587],[25.92087,37.5686],[25.89501,37.55115],[25.86914,37.5337]]}},{"type":"Feature","properties":{"id":"ME_GRCS910","name":null,"slip_type":"Dextral-Normal","catalog_name":"EMME","catalog_id":"ME_GRCS910","average_dip":"(77.5,70.0,85.0)","dip_dir":null,"net_slip_rate":"(0.6,0.1,1.0)"},"geometry":{"type":"LineString","coordinates":[[26.61955,37.79817],[26.59539,37.76523],[26.56228,37.7362],[26.52917,37.70716],[26.49511,37.67508],[26.46105,37.643],[26.4229,37.61091],[26.38475,37.57883],[26.36023,37.55388],[26.33571,37.52893],[26.31118,37.50397],[26.2744,37.46975],[26.23761,37.43553]]}},{"type":"Feature","properties":{"id":"ME_GRCS912","name":null,"slip_type":"Normal","catalog_name":"EMME","catalog_id":"ME_GRCS912","average_dip":"(57.5,45.0,70.0)","dip_dir":null,"net_slip_rate":"(1.1,0.1,2.0)"},"geometry":{"type":"LineString","coordinates":[[26.59944,37.82122],[26.64799,37.82343],[26.69655,37.82564],[26.74159,37.82619],[26.78662,37.82674],[26.82744,37.82509],[26.86825,37.82343],[26.90695,37.82067],[26.94566,37.8179],[26.98788,37.81238],[27.0301,37.80686],[27.06458,37.79912],[27.09906,37.79139]]}},{"type":"Feature","properties":{"id":"ME_GRCS915","name":null,"slip_type":"Normal","catalog_name":"EMME","catalog_id":"ME_GRCS915","average_dip":"(62.5,50.0,75.0)","dip_dir":null,"net_slip_rate":"(3.0,3.0,3.0)"},"geometry":{"type":"LineString","coordinates":[[26.58648,37.70825],[26.60789,37.70944],[26.62854,37.70765],[26.64996,37.70884],[26.66755,37.71243],[26.6882,37.7172],[26.70503,37.71899],[26.72415,37.72257],[26.74481,37.72317],[26.77999,37.71959],[26.80829,37.71661],[26.83583,37.71302],[26.86948,37.70466],[26.91844,37.69571],[26.95668,37.68616]]}},{"type":"Feature","properties":{"id":"ME_GRCS960","name":null,"slip_type":"Normal","catalog_name":"EMME","catalog_id":"ME_GRCS960","average_dip":"(60.0,50.0,70.0)","dip_dir":null,"net_slip_rate":"(2.4,2.4,2.4)"},"geometry":{"type":"LineString","coordinates":[[26.16444,36.85907],[26.20627,36.87871],[26.24809,36.89836],[26.28991,36.91801],[26.321,36.9292],[26.3521,36.94039],[26.38558,36.94412],[26.41907,36.94785],[26.45734,36.96153],[26.4956,36.9752],[26.53387,36.98888],[26.58011,37.0125],[26.62636,37.03613],[26.6726,37.05975]]}},{"type":"Feature","properties":{"id":"ME_GRCS965","name":null,"slip_type":"Normal","catalog_name":"EMME","catalog_id":"ME_GRCS965","average_dip":"(62.5,45.0,80.0)","dip_dir":null,"net_slip_rate":"(3.0,3.0,3.0)"},"geometry":{"type":"LineString","coordinates":[[27.3778,36.85704],[27.33988,36.84667],[27.30195,36.83629],[27.26403,36.82592],[27.21231,36.81239],[27.17439,36.79344],[27.13991,36.76638],[27.09681,36.7454],[27.05371,36.72443],[27.02785,36.70278],[27.00199,36.68113],[26.98217,36.66083],[26.96234,36.64053]]}},{"type":"Feature","properties":{"id":"ME_GRCS981","name":null,"slip_type":"Normal","catalog_name":"EMME","catalog_id":"ME_GRCS981","average_dip":"(62.5,50.0,75.0)","dip_dir":null,"net_slip_rate":"(0.6,0.1,1.0)"},"geometry":{"type":"LineString","coordinates":[[26.54217,36.16033],[26.57844,36.15394],[26.61471,36.14754],[26.66813,36.13876],[26.70705,36.13681],[26.74598,36.13486],[26.7849,36.13291],[26.82232,36.13182],[26.85973,36.13074],[26.89715,36.12965]]}},{"type":"Feature","properties":{"id":"ME_GRCS999","name":null,"slip_type":"Dextral","catalog_name":"EMME","catalog_id":"ME_GRCS999","average_dip":"(82.5,75.0,90.0)","dip_dir":null,"net_slip_rate":"(4.0,1.0,7.0)"},"geometry":{"type":"LineString","coordinates":[[25.45136,40.04208],[25.42116,40.02456],[25.39358,40.01064],[25.366,39.99673],[25.33449,39.97714],[25.31282,39.96014],[25.29115,39.94313],[25.24782,39.91324],[25.22484,39.89262],[25.20186,39.87201],[25.17558,39.85152],[25.1493,39.83103],[25.10521,39.79721],[25.06112,39.7634],[25.02083,39.73251],[24.98054,39.70161],[24.94026,39.67072]]}},{"type":"Feature","properties":{"id":"ME_TRCS001","name":null,"slip_type":"Dextral","catalog_name":"EMME","catalog_id":"ME_TRCS001","average_dip":"(85.0,85.0,85.0)","dip_dir":null,"net_slip_rate":"(13.5,1.0,25.9613)"},"geometry":{"type":"LineString","coordinates":[[40.54807,39.41405],[40.58753,39.40182],[40.62698,39.38959],[40.66644,39.37736],[40.70878,39.38024],[40.75112,39.38312],[40.79346,39.386],[40.83591,39.38452],[40.87837,39.38304],[40.92083,39.38156],[40.96026,39.36931],[40.99968,39.35705],[41.0391,39.34479],[41.08461,39.33129],[41.13012,39.3178]]}},{"type":"Feature","properties":{"id":"ME_TRCS002","name":null,"slip_type":"Dextral","catalog_name":"EMME","catalog_id":"ME_TRCS002","average_dip":"(87.0,84.0,90.0)","dip_dir":null,"net_slip_rate":"None"},"geometry":{"type":"LineString","coordinates":[[39.72241,39.6731],[39.7519,39.63995],[39.81681,39.61061],[39.87421,39.59898],[39.9315,39.58908],[39.98879,39.57444],[40.04534,39.55823],[40.1019,39.54202],[40.1599,39.52927],[40.2179,39.51651],[40.27571,39.50334],[40.33353,39.49016],[40.38936,39.47264],[40.44518,39.45512],[40.49687,39.4389],[40.54855,39.42267]]}},{"type":"Feature","properties":{"id":"ME_TRCS003","name":null,"slip_type":"Dextral","catalog_name":"EMME","catalog_id":"ME_TRCS003","average_dip":"(87.5,85.0,90.0)","dip_dir":null,"net_slip_rate":"(22.4,19.0,25.7031)"},"geometry":{"type":"LineString","coordinates":[[36.38317,40.5492],[36.50165,40.53954],[36.6197,40.55192],[36.73392,40.52613],[36.85277,40.51992],[36.97044,40.50588],[37.06369,40.44958],[37.17729,40.42269],[37.29086,40.39581],[37.40438,40.36894],[37.51786,40.34208],[37.6313,40.31523],[37.74471,40.28838],[37.85803,40.26147],[37.96949,40.23045],[38.08091,40.19943],[38.19228,40.16843],[38.30062,40.13179],[38.40696,40.09197],[38.51326,40.05217],[38.627,40.02733],[38.7405,40.00195],[38.85395,39.97657],[38.96712,39.95056],[39.07863,39.92074],[39.1901,39.89092],[39.30535,39.86174],[39.40179,39.82418],[39.49807,39.77954],[39.60305,39.73847],[39.70868,39.69848]]}},{"type":"Feature","properties":{"id":"ME_TRCS004","name":null,"slip_type":"Dextral","catalog_name":"EMME","catalog_id":"ME_TRCS004","average_dip":"(85.0,85.0,85.0)","dip_dir":null,"net_slip_rate":"(2.0,1.0013,3.0004)"},"geometry":{"type":"LineString","coordinates":[[34.09374,39.92728],[34.19503,39.97168],[34.29637,40.01609],[34.39776,40.06054],[34.49921,40.105],[34.6007,40.14948],[34.70224,40.19399],[34.80903,40.23073],[34.91719,40.26516],[35.0254,40.2996],[35.13366,40.33405],[35.24197,40.36852],[35.35032,40.40301],[35.45872,40.43751],[35.56717,40.47202],[35.67566,40.50655],[35.80836,40.5505],[35.95248,40.57454],[36.16047,40.57198],[36.34952,40.55177]]}},{"type":"Feature","properties":{"id":"ME_TRCS005","name":null,"slip_type":"Dextral","catalog_name":"EMME","catalog_id":"ME_TRCS005","average_dip":"(71.0,71.0,71.0)","dip_dir":null,"net_slip_rate":"None"},"geometry":{"type":"LineString","coordinates":[[36.65835,40.71253],[36.71402,40.68903],[36.76969,40.66554],[36.82533,40.64205],[36.88098,40.61857],[36.94022,40.60094],[36.99947,40.58332],[37.06244,40.57653],[37.12542,40.56974],[37.18773,40.56008],[37.25003,40.55043],[37.30315,40.52907],[37.35627,40.50771]]}},{"type":"Feature","properties":{"id":"ME_TRCS006","name":null,"slip_type":"Dextral","catalog_name":"EMME","catalog_id":"ME_TRCS006","average_dip":"(73.0,73.0,73.0)","dip_dir":null,"net_slip_rate":"(25.0,24.2,25.8008)"},"geometry":{"type":"LineString","coordinates":[[33.19744,40.91307],[33.30516,40.92189],[33.39093,40.96114],[33.52434,40.99209],[33.63948,41.0106],[33.75464,41.02912],[33.87024,41.04612],[33.98696,41.05814],[34.10371,41.07017],[34.22047,41.0822],[34.33725,41.09423],[34.44847,41.12373],[34.5663,41.12017],[34.6827,41.106],[34.79933,41.1191],[34.91674,41.11091],[35.03414,41.10273],[35.1518,41.09715],[35.26966,41.0953],[35.38751,41.09345],[35.49973,41.0663],[35.60589,41.0278],[35.71664,40.99767],[35.82486,40.96277],[35.92703,40.91878],[36.04253,40.90223],[36.15265,40.87123],[36.25832,40.83246],[36.36718,40.79921],[36.4782,40.77048],[36.58918,40.74176],[36.65078,40.72582]]}},{"type":"Feature","properties":{"id":"ME_TRCS007","name":null,"slip_type":"Dextral","catalog_name":"EMME","catalog_id":"ME_TRCS007","average_dip":"(70.0,70.0,70.0)","dip_dir":null,"net_slip_rate":"None"},"geometry":{"type":"LineString","coordinates":[[31.54162,40.68478],[31.58919,40.68576],[31.68414,40.69732],[31.79168,40.7312],[31.90635,40.74679],[32.01929,40.76852],[32.13166,40.79201],[32.24592,40.80961],[32.36116,40.82321],[32.47577,40.83967],[32.58922,40.86033],[32.70447,40.87434],[32.81729,40.89708],[32.93209,40.91327],[33.04778,40.92555],[33.16118,40.94684],[33.38667,41.0113],[33.4836,41.01925]]}},{"type":"Feature","properties":{"id":"ME_TRCS008","name":null,"slip_type":"Dextral","catalog_name":"EMME","catalog_id":"ME_TRCS008","average_dip":"(78.0,78.0,78.0)","dip_dir":null,"net_slip_rate":"(12.0,12.0,12.0)"},"geometry":{"type":"LineString","coordinates":[[31.15051,40.59446],[31.17545,40.59473],[31.21764,40.60333],[31.2687,40.61548],[31.31976,40.62763],[31.3683,40.64475],[31.41685,40.66187],[31.4632,40.67822],[31.50955,40.69457]]}},{"type":"Feature","properties":{"id":"ME_TRCS009","name":null,"slip_type":"Dextral","catalog_name":"EMME","catalog_id":"ME_TRCS009","average_dip":"(89.0,89.0,89.0)","dip_dir":null,"net_slip_rate":"(12.6,12.0,13.1899)"},"geometry":{"type":"LineString","coordinates":[[30.41703,40.64534],[30.47631,40.63396],[30.53559,40.62257],[30.59484,40.61119],[30.6541,40.59981],[30.71334,40.58843],[30.77258,40.57705],[30.83356,40.5743],[30.89455,40.57154],[30.9556,40.57319],[31.01665,40.57484],[31.07567,40.58507],[31.1347,40.59531]]}},{"type":"Feature","properties":{"id":"ME_TRCS010","name":null,"slip_type":"Dextral-Normal","catalog_name":"EMME","catalog_id":"ME_TRCS010","average_dip":"(64.0,64.0,64.0)","dip_dir":null,"net_slip_rate":"(19.3,12.1979,26.4108)"},"geometry":{"type":"LineString","coordinates":[[30.94361,40.7546],[31.00243,40.75427],[31.06126,40.75394],[31.11867,40.76366],[31.17609,40.77338],[31.23493,40.7742],[31.29376,40.77502],[31.35121,40.7654],[31.40865,40.75578],[31.44789,40.74414],[31.48713,40.7325]]}},{"type":"Feature","properties":{"id":"ME_TRCS012","name":null,"slip_type":"Dextral-Normal","catalog_name":"EMME","catalog_id":"ME_TRCS012","average_dip":"(84.0,83.0,85.0)","dip_dir":null,"net_slip_rate":"(10.7,1.4195,20.0489)"},"geometry":{"type":"LineString","coordinates":[[29.3275,40.7259],[29.44555,40.72737],[29.5636,40.72884],[29.68125,40.73646],[29.79199,40.70546],[29.90975,40.71155],[30.02667,40.72394],[30.14472,40.72527],[30.26278,40.72537],[30.37994,40.7144],[30.49791,40.71115],[30.61116,40.686],[30.72827,40.69699],[30.83603,40.73351],[30.92354,40.75529]]}},{"type":"Feature","properties":{"id":"ME_TRCS013","name":null,"slip_type":"Dextral","catalog_name":"EMME","catalog_id":"ME_TRCS013","average_dip":"(56.5,35.0,78.0)","dip_dir":null,"net_slip_rate":"(21.4,15.0,27.9)"},"geometry":{"type":"LineString","coordinates":[[28.0563,40.7968],[28.11666,40.80778],[28.17702,40.81875],[28.23752,40.82937],[28.29801,40.83998],[28.35958,40.84621],[28.42114,40.85245],[28.48283,40.85803],[28.54452,40.86361],[28.60654,40.86648],[28.66855,40.86934],[28.73058,40.87221],[28.7926,40.87507],[28.85359,40.8661],[28.91458,40.85712],[28.96792,40.83304],[29.02125,40.80897],[29.07456,40.78491],[29.12786,40.76085],[29.2279,40.7157]]}},{"type":"Feature","properties":{"id":"ME_TRCS014","name":null,"slip_type":"Dextral-Normal","catalog_name":"EMME","catalog_id":"ME_TRCS014","average_dip":"(62.0,58.0,66.0)","dip_dir":null,"net_slip_rate":"(0.8,0.7,1.0)"},"geometry":{"type":"LineString","coordinates":[[28.7511,40.7298],[28.80649,40.7199],[28.86188,40.71001],[28.89838,40.67693],[28.93489,40.64385],[28.99111,40.65022],[29.04734,40.65658],[29.10326,40.66439],[29.15918,40.6722],[29.21521,40.67964],[29.27123,40.68708],[29.32698,40.69565],[29.38274,40.70421],[29.42012,40.70996],[29.4575,40.7157]]}},{"type":"Feature","properties":{"id":"ME_TRCS015","name":null,"slip_type":"Dextral-Normal","catalog_name":"EMME","catalog_id":"ME_TRCS015","average_dip":"(85.0,80.0,90.0)","dip_dir":null,"net_slip_rate":"(0.8,0.7,1.0)"},"geometry":{"type":"LineString","coordinates":[[28.2957,40.7189],[28.3457,40.69178],[28.3957,40.66466],[28.44568,40.63755],[28.49565,40.61044],[28.5456,40.58335],[28.59555,40.55625],[28.65472,40.54396],[28.71389,40.53166],[28.76951,40.55133],[28.82514,40.571],[28.88079,40.59067],[28.93644,40.61035],[28.98602,40.62787],[29.0356,40.6454]]}},{"type":"Feature","properties":{"id":"ME_TRCS018","name":null,"slip_type":"Dextral-Normal","catalog_name":"EMME","catalog_id":"ME_TRCS018","average_dip":"(70.0,70.0,70.0)","dip_dir":null,"net_slip_rate":"(4.0,1.0,7.0)"},"geometry":{"type":"LineString","coordinates":[[25.80056,40.24504],[25.8298,40.28141],[25.85905,40.31778],[25.89593,40.34988],[25.93281,40.38198],[25.98132,40.40333],[26.02984,40.42468],[26.077,40.44544],[26.12416,40.46619]]}},{"type":"Feature","properties":{"id":"ME_TRCS019","name":null,"slip_type":"Dextral","catalog_name":"EMME","catalog_id":"ME_TRCS019","average_dip":"(70.0,70.0,70.0)","dip_dir":null,"net_slip_rate":"(4.0,1.0,7.0)"},"geometry":{"type":"LineString","coordinates":[[25.24364,40.13174],[25.29716,40.14829],[25.35069,40.16485],[25.40423,40.18141],[25.45778,40.19797],[25.51111,40.21498],[25.56444,40.23198],[25.61942,40.24566],[25.67439,40.25933],[25.7282,40.27272],[25.782,40.2861]]}},{"type":"Feature","properties":{"id":"ME_TRCS022","name":null,"slip_type":"Dextral","catalog_name":"EMME","catalog_id":"ME_TRCS022","average_dip":"(75.0,65.0,85.0)","dip_dir":null,"net_slip_rate":"(6.4,4.8589,8.0)"},"geometry":{"type":"LineString","coordinates":[[29.05049,40.42447],[29.16966,40.41959],[29.28884,40.4147],[29.40615,40.39811],[29.52377,40.38294],[29.64285,40.38824],[29.76086,40.40155],[29.87886,40.41508],[29.99669,40.42953],[30.11455,40.44398],[30.22644,40.47573],[30.34246,40.49739],[30.45852,40.51905],[30.57461,40.54072],[30.61799,40.55624],[30.68051,40.5707]]}},{"type":"Feature","properties":{"id":"ME_TRCS023","name":null,"slip_type":"Dextral","catalog_name":"EMME","catalog_id":"ME_TRCS023","average_dip":"(85.0,85.0,85.0)","dip_dir":null,"net_slip_rate":"(5.3,5.3,5.388)"},"geometry":{"type":"LineString","coordinates":[[27.957,40.4104],[28.01316,40.41847],[28.06931,40.42654],[28.12549,40.43462],[28.18166,40.44269],[28.23784,40.45076],[28.29402,40.45884],[28.35031,40.46656],[28.40659,40.47428],[28.46363,40.4711],[28.52067,40.46792],[28.57758,40.46362],[28.63449,40.45932],[28.69144,40.45542],[28.74839,40.45151],[28.80465,40.44378],[28.86091,40.43606],[28.91422,40.42037],[28.96753,40.40468],[29.0782,40.3946]]}},{"type":"Feature","properties":{"id":"ME_TRCS024","name":null,"slip_type":"Dextral","catalog_name":"EMME","catalog_id":"ME_TRCS024","average_dip":"(67.0,49.0,85.0)","dip_dir":null,"net_slip_rate":"(3.0,3.0,3.0)"},"geometry":{"type":"LineString","coordinates":[[27.466,40.2715],[27.50564,40.27075],[27.54528,40.26999],[27.58492,40.26924],[27.62219,40.27959],[27.65946,40.28993],[27.69673,40.30028],[27.73254,40.31331],[27.76836,40.32634],[27.80417,40.33937],[27.85714,40.35863],[27.9101,40.3779]]}},{"type":"Feature","properties":{"id":"ME_TRCS025","name":null,"slip_type":"Dextral","catalog_name":"EMME","catalog_id":"ME_TRCS025","average_dip":"(85.0,85.0,85.0)","dip_dir":null,"net_slip_rate":"(3.0,3.0,3.0)"},"geometry":{"type":"LineString","coordinates":[[27.2535,40.0667],[27.2898,40.0849],[27.3261,40.10311],[27.36241,40.12131],[27.39907,40.13912],[27.43574,40.15693],[27.47241,40.17473],[27.51305,40.1865],[27.5537,40.19828],[27.59435,40.21005],[27.6348,40.22177],[27.67525,40.23348],[27.7157,40.2452]]}},{"type":"Feature","properties":{"id":"ME_TRCS027","name":null,"slip_type":"Dextral","catalog_name":"EMME","catalog_id":"ME_TRCS027","average_dip":"(85.0,85.0,85.0)","dip_dir":null,"net_slip_rate":"(3.6,3.0,4.124)"},"geometry":{"type":"LineString","coordinates":[[26.139,39.7089],[26.1947,39.72284],[26.2504,39.73677],[26.30612,39.75071],[26.36184,39.76465],[26.41759,39.77859],[26.47333,39.79254],[26.52909,39.80649],[26.58485,39.82044],[26.62654,39.85215],[26.66822,39.88385],[26.71876,39.9068],[26.7693,39.92974],[26.82219,39.94939],[26.87507,39.96904],[26.93032,39.98446],[26.98556,39.99987],[27.03837,40.01973],[27.09117,40.03959],[27.1755,40.072]]}},{"type":"Feature","properties":{"id":"ME_TRCS028","name":null,"slip_type":"Dextral","catalog_name":"EMME","catalog_id":"ME_TRCS028","average_dip":"(85.0,85.0,85.0)","dip_dir":null,"net_slip_rate":"(3.4,3.4,3.4)"},"geometry":{"type":"LineString","coordinates":[[29.44746,40.16088],[29.48475,40.17302],[29.52205,40.18516],[29.55935,40.1973],[29.59618,40.21027],[29.63302,40.22325],[29.66985,40.23623],[29.70493,40.25181],[29.74001,40.26739],[29.77509,40.28297],[29.81021,40.29852],[29.84534,40.31408],[29.88046,40.32964],[29.92471,40.35197],[29.96895,40.37431]]}},{"type":"Feature","properties":{"id":"ME_TRCS029","name":null,"slip_type":"Normal","catalog_name":"EMME","catalog_id":"ME_TRCS029","average_dip":"(50.0,50.0,50.0)","dip_dir":null,"net_slip_rate":"None"},"geometry":{"type":"LineString","coordinates":[[29.21268,40.17023],[29.16825,40.17031],[29.12382,40.1704],[29.07939,40.17048],[29.03496,40.17057],[28.99052,40.17065],[28.94609,40.17073],[28.90166,40.17082],[28.85722,40.1709],[28.81279,40.17099]]}},{"type":"Feature","properties":{"id":"ME_TRCS030","name":null,"slip_type":"Normal","catalog_name":"EMME","catalog_id":"ME_TRCS030","average_dip":"(40.0,40.0,40.0)","dip_dir":null,"net_slip_rate":"None"},"geometry":{"type":"LineString","coordinates":[[27.79016,40.11542],[27.82027,40.11105],[27.87574,40.10299],[27.9312,40.09494],[27.98666,40.08689],[28.04229,40.07962],[28.09792,40.07235],[28.1531,40.06332],[28.20827,40.05428],[28.26343,40.04525],[28.31859,40.03621],[28.3736,40.02721],[28.4286,40.0182]]}},{"type":"Feature","properties":{"id":"ME_TRCS031","name":null,"slip_type":"Dextral","catalog_name":"EMME","catalog_id":"ME_TRCS031","average_dip":"(68.0,60.0,76.0)","dip_dir":null,"net_slip_rate":"(3.6,3.0,4.1306)"},"geometry":{"type":"LineString","coordinates":[[27.04728,39.87995],[27.10524,39.89069],[27.1632,39.90144],[27.22253,39.90604],[27.28187,39.91065],[27.33298,39.93426],[27.38408,39.95786],[27.43522,39.98148],[27.48636,40.0051],[27.53026,40.03613],[27.57416,40.06716],[27.63187,40.07914],[27.68958,40.09111],[27.73808,40.10118],[27.76379,40.11336],[27.78042,40.1173]]}},{"type":"Feature","properties":{"id":"ME_TRCS032","name":null,"slip_type":"Dextral","catalog_name":"EMME","catalog_id":"ME_TRCS032","average_dip":"(80.0,80.0,80.0)","dip_dir":null,"net_slip_rate":"(2.0,2.0,2.0)"},"geometry":{"type":"LineString","coordinates":[[27.4576,39.8971],[27.41108,39.87368],[27.36457,39.85026],[27.31808,39.82686],[27.27158,39.80345],[27.22511,39.78005],[27.17864,39.75666],[27.13219,39.73327],[27.08574,39.70989],[27.03932,39.68651],[26.93166,39.62282],[26.92086,39.61642],[26.84846,39.57359]]}},{"type":"Feature","properties":{"id":"ME_TRCS033","name":null,"slip_type":"Dextral-Normal","catalog_name":"EMME","catalog_id":"ME_TRCS033","average_dip":"(60.0,60.0,60.0)","dip_dir":null,"net_slip_rate":"(3.9,3.6638,4.1633)"},"geometry":{"type":"LineString","coordinates":[[25.4386,39.2214],[25.54453,39.26154],[25.64962,39.30308],[25.76196,39.33116],[25.87372,39.36068],[25.97952,39.40136],[26.08447,39.44342],[26.20143,39.45701],[26.31208,39.48935],[26.42662,39.51237],[26.53868,39.54189],[26.65079,39.57141],[26.76176,39.60347],[26.87246,39.63618]]}},{"type":"Feature","properties":{"id":"ME_TRCS038","name":null,"slip_type":"Dextral","catalog_name":"EMME","catalog_id":"ME_TRCS038","average_dip":"(85.0,85.0,85.0)","dip_dir":null,"net_slip_rate":"(5.3,5.3,5.3)"},"geometry":{"type":"LineString","coordinates":[[29.21543,40.40348],[29.16468,40.39455],[29.11392,40.38562],[29.06319,40.3767],[29.01245,40.36777],[28.96173,40.35885],[28.911,40.34993]]}},{"type":"Feature","properties":{"id":"ME_TRCS039","name":null,"slip_type":"Dextral","catalog_name":"EMME","catalog_id":"ME_TRCS039","average_dip":"(85.0,85.0,85.0)","dip_dir":null,"net_slip_rate":"(3.4,3.4,3.4)"},"geometry":{"type":"LineString","coordinates":[[29.58679,40.31422],[29.5368,40.29047],[29.48679,40.26672],[29.43682,40.24297],[29.38684,40.21923]]}},{"type":"Feature","properties":{"id":"ME_TRCS040","name":null,"slip_type":"Dextral","catalog_name":"EMME","catalog_id":"ME_TRCS040","average_dip":"(85.0,85.0,85.0)","dip_dir":null,"net_slip_rate":"(3.4,3.4,3.4)"},"geometry":{"type":"LineString","coordinates":[[28.80311,40.19099],[28.76525,40.17212],[28.72739,40.15325],[28.68952,40.13438],[28.65168,40.11552],[28.61384,40.09666],[28.576,40.0778],[28.53818,40.05895],[28.50036,40.0401],[28.46254,40.02125]]}},{"type":"Feature","properties":{"id":"ME_TRCS041","name":null,"slip_type":"Normal","catalog_name":"EMME","catalog_id":"ME_TRCS041","average_dip":"(50.0,50.0,50.0)","dip_dir":null,"net_slip_rate":"None"},"geometry":{"type":"LineString","coordinates":[[29.43194,40.19232],[29.38061,40.19719],[29.32927,40.20206],[29.27793,40.20693],[29.22659,40.21179]]}},{"type":"Feature","properties":{"id":"ME_TRCS042","name":null,"slip_type":"Normal","catalog_name":"EMME","catalog_id":"ME_TRCS042","average_dip":"(50.0,50.0,50.0)","dip_dir":null,"net_slip_rate":"None"},"geometry":{"type":"LineString","coordinates":[[29.34824,40.22113],[29.30064,40.23292],[29.25304,40.24471],[29.20542,40.2565],[29.15781,40.2683]]}},{"type":"Feature","properties":{"id":"ME_TRCS044","name":null,"slip_type":"Dextral","catalog_name":"EMME","catalog_id":"ME_TRCS044","average_dip":"(80.0,80.0,80.0)","dip_dir":null,"net_slip_rate":"None"},"geometry":{"type":"LineString","coordinates":[[29.57359,40.12288],[29.51791,40.13204],[29.46224,40.14119],[29.40655,40.15035],[29.35086,40.1595],[29.29515,40.16866],[29.23944,40.17782]]}},{"type":"Feature","properties":{"id":"ME_TRCS045","name":null,"slip_type":"Sinistral","catalog_name":"EMME","catalog_id":"ME_TRCS045","average_dip":"(86.0,86.0,86.0)","dip_dir":null,"net_slip_rate":"(8.1,8.1,8.1)"},"geometry":{"type":"LineString","coordinates":[[40.89713,39.16072],[40.93594,39.18688],[40.97476,39.21305],[41.01359,39.23923],[41.05242,39.26541],[41.09127,39.29161],[41.13012,39.3178]]}},{"type":"Feature","properties":{"id":"ME_TRCS046","name":null,"slip_type":"Sinistral","catalog_name":"EMME","catalog_id":"ME_TRCS046","average_dip":"(86.0,86.0,86.0)","dip_dir":null,"net_slip_rate":"(8.1,8.1,8.1)"},"geometry":{"type":"LineString","coordinates":[[40.53195,38.85349],[40.57252,38.88198],[40.61309,38.91048],[40.64818,38.9431],[40.68327,38.97573],[40.72829,38.99992],[40.77331,39.02411],[40.80101,39.06081],[40.8287,39.0975],[40.86434,39.12422],[40.89998,39.15093]]}},{"type":"Feature","properties":{"id":"ME_TRCS047","name":null,"slip_type":"Sinistral-Reverse","catalog_name":"EMME","catalog_id":"ME_TRCS047","average_dip":"(69.5,53.0,86.0)","dip_dir":null,"net_slip_rate":"(4.1,0.1,8.1)"},"geometry":{"type":"LineString","coordinates":[[40.06336,38.73764],[40.12317,38.73206],[40.18298,38.72649],[40.24277,38.72083],[40.30255,38.71516],[40.36265,38.71214],[40.42274,38.70912],[40.47966,38.72447],[40.53658,38.73983],[40.58818,38.76411],[40.63977,38.78839],[40.67981,38.80723],[40.71984,38.82607]]}},{"type":"Feature","properties":{"id":"ME_TRCS049","name":null,"slip_type":"Sinistral","catalog_name":"EMME","catalog_id":"ME_TRCS049","average_dip":"(80.0,80.0,80.0)","dip_dir":null,"net_slip_rate":"(10.0,10.0,10.0)"},"geometry":{"type":"LineString","coordinates":[[39.59196,38.5571],[39.63359,38.5659],[39.67521,38.5747],[39.71684,38.5835],[39.75481,38.59949],[39.79279,38.61548],[39.83077,38.63148],[39.868,38.64854],[39.90522,38.66561],[39.94245,38.68268],[39.97825,38.69938],[40.01404,38.71609],[40.04984,38.73279]]}},{"type":"Feature","properties":{"id":"ME_TRCS051","name":null,"slip_type":"Sinistral","catalog_name":"EMME","catalog_id":"ME_TRCS051","average_dip":"(83.0,83.0,83.0)","dip_dir":null,"net_slip_rate":"(10.0,10.0,10.0)"},"geometry":{"type":"LineString","coordinates":[[39.18074,38.38943],[39.23192,38.40826],[39.2831,38.42709],[39.33431,38.44593],[39.38551,38.46477],[39.43673,38.48361],[39.48796,38.50246],[39.5392,38.52131],[39.57125,38.53297],[39.60184,38.5443]]}},{"type":"Feature","properties":{"id":"ME_TRCS052","name":null,"slip_type":"Sinistral","catalog_name":"EMME","catalog_id":"ME_TRCS052","average_dip":"(85.0,80.0,90.0)","dip_dir":null,"net_slip_rate":"(5.5,1.0,10.0)"},"geometry":{"type":"LineString","coordinates":[[38.52264,38.08495],[38.76691,38.19847],[38.79892,38.21852],[38.83093,38.23857],[38.8636,38.25797],[38.89627,38.27738],[38.92894,38.29678],[38.96597,38.31059],[39.003,38.32439],[39.04003,38.33819],[39.09557,38.3473],[39.1511,38.35641]]}},{"type":"Feature","properties":{"id":"ME_TRCS054","name":null,"slip_type":"Sinistral","catalog_name":"EMME","catalog_id":"ME_TRCS054","average_dip":"(85.0,80.0,90.0)","dip_dir":null,"net_slip_rate":"(5.5,1.0,9.9)"},"geometry":{"type":"LineString","coordinates":[[37.86633,37.88333],[37.90968,37.88046],[37.968,37.89359],[38.01665,37.92931],[38.09518,37.95266],[38.15693,37.94785],[38.19248,37.96191]]}},{"type":"Feature","properties":{"id":"ME_TRCS055","name":null,"slip_type":"Sinistral","catalog_name":"EMME","catalog_id":"ME_TRCS055","average_dip":"(80.0,80.0,80.0)","dip_dir":null,"net_slip_rate":"(9.9,9.9,9.9)"},"geometry":{"type":"LineString","coordinates":[[36.98294,37.46501],[37.03861,37.48195],[37.09428,37.49888],[37.14998,37.51582],[37.20567,37.53276],[37.2588,37.5543],[37.31193,37.57585],[37.36223,37.60135],[37.41253,37.62685],[37.4563,37.65906],[37.50007,37.69128],[37.54332,37.72311],[37.58656,37.75494]]}},{"type":"Feature","properties":{"id":"ME_TRCS056","name":null,"slip_type":"Sinistral-Normal","catalog_name":"EMME","catalog_id":"ME_TRCS056","average_dip":"(80.0,80.0,80.0)","dip_dir":null,"net_slip_rate":"(6.8,6.5,7.1)"},"geometry":{"type":"LineString","coordinates":[[36.35833,36.57057],[36.41828,36.64457],[36.47314,36.72109],[36.51579,36.80248],[36.56041,36.8832],[36.59628,36.96668],[36.62747,37.05136],[36.67422,37.13136],[36.74199,37.20118],[36.78878,37.2812],[36.83558,37.36124],[36.88239,37.44129],[36.89442,37.46186]]}},{"type":"Feature","properties":{"id":"ME_TRCS057","name":null,"slip_type":"Sinistral-Normal","catalog_name":"EMME","catalog_id":"ME_TRCS057","average_dip":"(40.5,38.0,43.0)","dip_dir":null,"net_slip_rate":"(2.7,1.0,4.4219)"},"geometry":{"type":"LineString","coordinates":[[35.90248,35.9422],[35.9357,35.97308],[35.96893,36.00397],[36.00456,36.03307],[36.04018,36.06218],[36.07699,36.09032],[36.11379,36.11847],[36.13895,36.15402],[36.1641,36.18958],[36.1846,36.21834],[36.2051,36.2471]]}},{"type":"Feature","properties":{"id":"ME_TRCS059","name":null,"slip_type":"Sinistral-Normal","catalog_name":"EMME","catalog_id":"ME_TRCS059","average_dip":"(69.0,58.0,80.0)","dip_dir":null,"net_slip_rate":"(3.0,1.0,4.9043)"},"geometry":{"type":"LineString","coordinates":[[36.79192,36.78225],[36.74922,36.75233],[36.70653,36.7224],[36.66922,36.68818],[36.63191,36.65396],[36.61918,36.60967],[36.60645,36.56538],[36.59372,36.52109],[36.58099,36.4768],[36.56826,36.43252]]}},{"type":"Feature","properties":{"id":"ME_TRCS060","name":null,"slip_type":"Dextral","catalog_name":"EMME","catalog_id":"ME_TRCS060","average_dip":"(80.0,80.0,80.0)","dip_dir":null,"net_slip_rate":"(1.0,0.5,1.5)"},"geometry":{"type":"LineString","coordinates":[[36.7555,36.2157],[36.71786,36.22167],[36.68021,36.22763],[36.64256,36.2336],[36.60491,36.23956],[36.56726,36.24553],[36.5296,36.2515]]}},{"type":"Feature","properties":{"id":"ME_TRCS062","name":null,"slip_type":"Sinistral","catalog_name":"EMME","catalog_id":"ME_TRCS062","average_dip":"(85.0,80.0,90.0)","dip_dir":null,"net_slip_rate":"(5.5,1.0,9.9)"},"geometry":{"type":"LineString","coordinates":[[37.64412,37.80611],[37.68865,37.82708],[37.73317,37.84806],[37.77097,37.87611],[37.80876,37.90415],[37.85619,37.92081],[37.90361,37.93746],[37.94232,37.94858],[37.98102,37.95971]]}},{"type":"Feature","properties":{"id":"ME_TRCS064","name":null,"slip_type":"Sinistral-Normal","catalog_name":"EMME","catalog_id":"ME_TRCS064","average_dip":"(80.0,80.0,80.0)","dip_dir":null,"net_slip_rate":"(6.8,6.5,7.1)"},"geometry":{"type":"LineString","coordinates":[[35.90824,36.07222],[35.94374,36.10521],[35.97924,36.1382],[36.01476,36.1712],[36.05027,36.2042],[36.0858,36.23721],[36.12132,36.27022],[36.15686,36.30324],[36.1924,36.33627],[36.22796,36.3693],[36.26351,36.40234],[36.27928,36.44417],[36.29505,36.486],[36.33146,36.51848],[36.36787,36.55096]]}},{"type":"Feature","properties":{"id":"ME_TRCS065","name":null,"slip_type":"Sinistral-Normal","catalog_name":"EMME","catalog_id":"ME_TRCS065","average_dip":"(58.0,58.0,58.0)","dip_dir":null,"net_slip_rate":"(3.0,1.0,4.9043)"},"geometry":{"type":"LineString","coordinates":[[37.06198,37.05084],[37.02658,37.04008],[36.99119,37.02932],[36.95579,37.01855],[36.9204,37.0078],[36.88502,36.99704],[36.84963,36.98628],[36.81426,36.97553],[36.77889,36.96477],[36.74352,36.95402],[36.70815,36.94327],[36.67279,36.93251],[36.63743,36.92176]]}},{"type":"Feature","properties":{"id":"ME_TRCS066","name":null,"slip_type":"Sinistral-Normal","catalog_name":"EMME","catalog_id":"ME_TRCS066","average_dip":"(58.0,58.0,58.0)","dip_dir":null,"net_slip_rate":"(3.0,1.0,4.9043)"},"geometry":{"type":"LineString","coordinates":[[37.02548,36.85478],[36.97789,36.84097],[36.9303,36.82715],[36.88273,36.81333],[36.83516,36.79952]]}},{"type":"Feature","properties":{"id":"ME_TRCS068","name":null,"slip_type":"Dextral","catalog_name":"EMME","catalog_id":"ME_TRCS068","average_dip":"(80.0,80.0,80.0)","dip_dir":null,"net_slip_rate":"(1.8,0.5,3.0)"},"geometry":{"type":"LineString","coordinates":[[42.21505,39.78289],[42.27322,39.76666],[42.33138,39.75043],[42.38998,39.7352],[42.44858,39.71997],[42.50889,39.70952],[42.56921,39.69906],[42.62624,39.68073],[42.68326,39.6624],[42.73404,39.63531],[42.79186,39.61366],[42.84658,39.58363],[42.89866,39.55495],[42.97961,39.48432],[43.01389,39.4475]]}},{"type":"Feature","properties":{"id":"ME_TRCS070","name":null,"slip_type":"Dextral-Reverse","catalog_name":"EMME","catalog_id":"ME_TRCS070","average_dip":"(80.0,80.0,80.0)","dip_dir":null,"net_slip_rate":"(1.8,0.5,3.0)"},"geometry":{"type":"LineString","coordinates":[[43.05191,39.39289],[43.06051,39.35184],[43.10803,39.31352],[43.18472,39.26473],[43.26224,39.22929]]}},{"type":"Feature","properties":{"id":"ME_TRCS071","name":null,"slip_type":"Sinistral-Reverse","catalog_name":"EMME","catalog_id":"ME_TRCS071","average_dip":"(55.0,55.0,55.0)","dip_dir":null,"net_slip_rate":"(3.4,3.0,3.868)"},"geometry":{"type":"LineString","coordinates":[[36.8201,37.5968],[36.87343,37.60047],[36.92675,37.60414],[36.98009,37.60781],[37.03342,37.61148],[37.08665,37.61598],[37.13989,37.62047],[37.18349,37.64084],[37.2271,37.6612]]}},{"type":"Feature","properties":{"id":"ME_TRCS073","name":null,"slip_type":"Sinistral-Reverse","catalog_name":"EMME","catalog_id":"ME_TRCS073","average_dip":"(49.0,49.0,49.0)","dip_dir":null,"net_slip_rate":"(2.5,1.0,4.0028)"},"geometry":{"type":"LineString","coordinates":[[37.47825,37.96768],[37.5316,37.9648],[37.58363,37.97061],[37.62977,37.98495],[37.67459,38.00796],[37.72765,38.01341],[37.78072,38.01886],[37.83418,38.02072],[37.88765,38.02258],[37.94049,38.01589],[37.99332,38.00919],[38.04447,37.99944],[38.09826,37.99385],[38.14701,37.99385],[38.1748,37.99689],[38.19047,37.99801]]}},{"type":"Feature","properties":{"id":"ME_TRCS074","name":null,"slip_type":"Dextral","catalog_name":"EMME","catalog_id":"ME_TRCS074","average_dip":"(78.0,78.0,78.0)","dip_dir":null,"net_slip_rate":"(1.8,0.5,3.0)"},"geometry":{"type":"LineString","coordinates":[[41.50593,39.86582],[41.65872,39.87944],[41.7551,39.84376],[41.86683,39.82019],[42.01019,39.77365],[42.05206,39.71204],[42.15594,39.66841],[42.27403,39.66291],[42.38547,39.6324],[42.48899,39.59296],[42.53409,39.55058]]}},{"type":"Feature","properties":{"id":"ME_TRCS075","name":null,"slip_type":"Sinistral","catalog_name":"EMME","catalog_id":"ME_TRCS075","average_dip":"(85.0,85.0,85.0)","dip_dir":null,"net_slip_rate":"(1.0,0.5,1.5)"},"geometry":{"type":"LineString","coordinates":[[41.8572,39.9352],[41.91428,39.95005],[41.97135,39.96491],[42.02845,39.97977],[42.08555,39.99463],[42.14267,40.0095],[42.19979,40.02436],[42.25693,40.03923],[42.31408,40.0541],[42.37124,40.06898],[42.42841,40.08386],[42.4856,40.09874],[42.54279,40.11362],[42.6,40.12851],[42.65721,40.1434],[42.71445,40.1583],[42.7717,40.1732]]}},{"type":"Feature","properties":{"id":"ME_TRCS076","name":null,"slip_type":"Sinistral","catalog_name":"EMME","catalog_id":"ME_TRCS076","average_dip":"(85.0,85.0,85.0)","dip_dir":null,"net_slip_rate":"(1.0,0.5,1.5)"},"geometry":{"type":"LineString","coordinates":[[42.905,40.2602],[42.84838,40.24586],[42.79176,40.23151],[42.73541,40.21661],[42.67906,40.20172],[42.6239,40.18446],[42.56874,40.16721],[42.5115,40.15459],[42.45425,40.14197],[42.40017,40.12291],[42.34609,40.10385],[42.29061,40.08737],[42.23513,40.07089],[42.18081,40.05539],[42.1265,40.0399]]}},{"type":"Feature","properties":{"id":"ME_TRCS077","name":null,"slip_type":"Sinistral","catalog_name":"EMME","catalog_id":"ME_TRCS077","average_dip":"(90.0,90.0,90.0)","dip_dir":null,"net_slip_rate":"(2.5,2.0,3.0)"},"geometry":{"type":"LineString","coordinates":[[43.14452,40.19747],[43.08978,40.1753],[43.03505,40.15314],[42.98034,40.13099],[42.92563,40.10883],[42.8715,40.08593],[42.81736,40.06302],[42.76119,40.04323],[42.70502,40.02345],[42.64862,40.00412],[42.59221,39.98479],[42.53583,39.96547],[42.47946,39.94616],[42.4301,39.91774],[42.38074,39.88933],[42.32277,39.87318],[42.26479,39.85703],[42.21026,39.84184],[42.15572,39.82664]]}},{"type":"Feature","properties":{"id":"ME_TRCS078","name":null,"slip_type":"Sinistral","catalog_name":"EMME","catalog_id":"ME_TRCS078","average_dip":"(87.5,85.0,90.0)","dip_dir":null,"net_slip_rate":"(2.0,1.0,3.0)"},"geometry":{"type":"LineString","coordinates":[[43.85943,40.84841],[43.83208,40.80934],[43.80474,40.77027],[43.7774,40.73121],[43.75006,40.69215],[43.72273,40.6531],[43.6954,40.61406],[43.66475,40.57647],[43.6341,40.53888],[43.55941,40.49347],[43.3819,40.36241],[43.34269,40.34973],[43.25099,40.30512],[43.18827,40.24108]]}},{"type":"Feature","properties":{"id":"ME_TRCS079","name":null,"slip_type":"Sinistral","catalog_name":"EMME","catalog_id":"ME_TRCS079","average_dip":"(85.0,85.0,85.0)","dip_dir":null,"net_slip_rate":"(2.5,2.0,3.0)"},"geometry":{"type":"LineString","coordinates":[[43.09881,40.16197],[43.15681,40.1617],[43.22434,40.15182],[43.30126,40.12277],[43.45075,40.09817],[43.60493,40.06398],[43.68633,40.011]]}},{"type":"Feature","properties":{"id":"ME_TRCS080","name":null,"slip_type":"Sinistral","catalog_name":"EMME","catalog_id":"ME_TRCS080","average_dip":"(85.0,85.0,85.0)","dip_dir":null,"net_slip_rate":"(0.8,0.5,1.0)"},"geometry":{"type":"LineString","coordinates":[[42.61134,39.19202],[42.60909,39.15749],[42.60683,39.12295],[42.60457,39.08841],[42.58544,39.05813],[42.56632,39.02784],[42.5472,38.99756]]}},{"type":"Feature","properties":{"id":"ME_TRCS081","name":null,"slip_type":"Sinistral","catalog_name":"EMME","catalog_id":"ME_TRCS081","average_dip":"(87.5,85.0,90.0)","dip_dir":null,"net_slip_rate":"(1.8,0.5,3.0)"},"geometry":{"type":"LineString","coordinates":[[42.34124,39.45656],[42.31456,39.41734],[42.28789,39.37812],[42.23497,39.36111],[42.18205,39.34411],[42.12542,39.33744],[42.06878,39.33077],[42.01216,39.3241],[41.95554,39.31743],[41.89956,39.3081],[41.84358,39.29876],[41.79925,39.27074],[41.75491,39.24273],[41.70815,39.21722],[41.66139,39.19171],[41.60959,39.186],[41.5578,39.18028]]}},{"type":"Feature","properties":{"id":"ME_TRCS082","name":null,"slip_type":"Sinistral","catalog_name":"EMME","catalog_id":"ME_TRCS082","average_dip":"(81.0,81.0,81.0)","dip_dir":null,"net_slip_rate":"(0.8,0.5,1.0)"},"geometry":{"type":"LineString","coordinates":[[42.12892,40.18976],[42.16364,40.22599],[42.20224,40.25989],[42.24084,40.29378],[42.27965,40.32755],[42.31846,40.36133],[42.36038,40.3929],[42.40229,40.42448],[42.4437,40.45646],[42.48512,40.48845],[42.53634,40.5108],[42.58756,40.53315],[42.63821,40.55629],[42.68886,40.57943],[42.73953,40.60258],[42.79021,40.62573],[42.83287,40.64523]]}},{"type":"Feature","properties":{"id":"ME_TRCS083","name":null,"slip_type":"Sinistral","catalog_name":"EMME","catalog_id":"ME_TRCS083","average_dip":"(81.0,81.0,81.0)","dip_dir":null,"net_slip_rate":"(1.5,1.0,2.0)"},"geometry":{"type":"LineString","coordinates":[[41.74486,39.97451],[41.81211,39.991],[41.88,40.04488],[41.91916,40.07572],[41.96194,40.10363],[42.00473,40.13154],[42.04394,40.1603],[42.08315,40.18905]]}},{"type":"Feature","properties":{"id":"ME_TRCS084","name":null,"slip_type":"Sinistral","catalog_name":"EMME","catalog_id":"ME_TRCS084","average_dip":"(80.0,70.0,90.0)","dip_dir":null,"net_slip_rate":"(2.5,2.0,3.0)"},"geometry":{"type":"LineString","coordinates":[[41.0576,39.758],[41.15162,39.81003],[41.24569,39.86208],[41.33981,39.91415],[41.43398,39.96626],[41.49677,40.04118],[41.55037,40.12021],[41.60399,40.19925],[41.6612,40.27684],[41.71858,40.35438],[41.78184,40.42925],[41.86581,40.49127],[41.94447,40.55723],[42.03274,40.60849],[42.08458,40.65408]]}},{"type":"Feature","properties":{"id":"ME_TRCS085","name":null,"slip_type":"Sinistral","catalog_name":"EMME","catalog_id":"ME_TRCS085","average_dip":"(81.0,81.0,81.0)","dip_dir":null,"net_slip_rate":"(1.0,0.5,1.5)"},"geometry":{"type":"LineString","coordinates":[[41.92809,40.48669],[41.98126,40.51337],[42.03443,40.54005],[42.07388,40.5781],[42.11333,40.61616],[42.14807,40.6568],[42.18281,40.69744],[42.22794,40.73174],[42.27308,40.76604],[42.31824,40.80035],[42.36339,40.83467],[42.39911,40.8618],[42.43482,40.88894]]}},{"type":"Feature","properties":{"id":"ME_TRCS086","name":null,"slip_type":"Sinistral","catalog_name":"EMME","catalog_id":"ME_TRCS086","average_dip":"(81.0,81.0,81.0)","dip_dir":null,"net_slip_rate":"(0.6,0.25,1.0)"},"geometry":{"type":"LineString","coordinates":[[41.78507,40.19535],[41.82133,40.22647],[41.85759,40.2576],[41.88565,40.29334],[41.91371,40.32908],[41.93092,40.36861],[41.94813,40.40815],[41.96815,40.44531],[41.99434,40.47978],[42.02685,40.5116]]}},{"type":"Feature","properties":{"id":"ME_TRCS087","name":null,"slip_type":"Sinistral","catalog_name":"EMME","catalog_id":"ME_TRCS087","average_dip":"(81.0,81.0,81.0)","dip_dir":null,"net_slip_rate":"(0.5,0.25,0.75)"},"geometry":{"type":"LineString","coordinates":[[41.88998,40.371],[41.84851,40.34883],[41.80704,40.32666],[41.76559,40.3045],[41.72413,40.28234]]}},{"type":"Feature","properties":{"id":"ME_TRCS088","name":null,"slip_type":"Dextral","catalog_name":"EMME","catalog_id":"ME_TRCS088","average_dip":"(90.0,90.0,90.0)","dip_dir":null,"net_slip_rate":"(1.8,0.5,3.0)"},"geometry":{"type":"LineString","coordinates":[[41.86248,39.16052],[41.91705,39.16429],[41.97163,39.16806],[42.02621,39.17183],[42.08079,39.1756],[42.13385,39.16499],[42.1869,39.15438],[42.24159,39.15187],[42.29627,39.14937],[42.35104,39.15022],[42.40581,39.15108],[42.45963,39.15192],[42.51345,39.15277]]}},{"type":"Feature","properties":{"id":"ME_TRCS089","name":null,"slip_type":"Sinistral","catalog_name":"EMME","catalog_id":"ME_TRCS089","average_dip":"(83.5,77.0,90.0)","dip_dir":null,"net_slip_rate":"(1.5,1.0,2.0)"},"geometry":{"type":"LineString","coordinates":[[43.02898,40.85904],[43.04292,40.89118],[43.05686,40.92332],[43.07079,40.95546],[43.09224,40.98515],[43.11368,41.01485],[43.13512,41.04455],[43.17346,41.05869],[43.21181,41.07283],[43.25015,41.08697]]}},{"type":"Feature","properties":{"id":"ME_TRCS090","name":null,"slip_type":"Dextral","catalog_name":"EMME","catalog_id":"ME_TRCS090","average_dip":"(85.0,85.0,85.0)","dip_dir":null,"net_slip_rate":"(1.0,0.7,1.3)"},"geometry":{"type":"LineString","coordinates":[[44.09058,39.40582],[43.9772,39.47778],[43.9216,39.51956],[43.83413,39.58465],[43.7214,39.61991],[43.6335,39.68476],[43.53375,39.7386],[43.42135,39.72211],[43.3253,39.82549],[43.25196,39.92555],[43.14973,40.05148]]}},{"type":"Feature","properties":{"id":"ME_TRCS091","name":null,"slip_type":"Dextral","catalog_name":"EMME","catalog_id":"ME_TRCS091","average_dip":"(85.0,85.0,85.0)","dip_dir":null,"net_slip_rate":"(0.8,0.7,1.0)"},"geometry":{"type":"LineString","coordinates":[[43.39913,39.98277],[43.49405,39.83976],[43.54406,39.78175],[43.60707,39.74698]]}},{"type":"Feature","properties":{"id":"ME_TRCS092","name":null,"slip_type":"Dextral","catalog_name":"EMME","catalog_id":"ME_TRCS092","average_dip":"(85.0,85.0,85.0)","dip_dir":null,"net_slip_rate":"(0.8,0.7,1.0)"},"geometry":{"type":"LineString","coordinates":[[43.77712,39.70647],[43.73049,39.71353],[43.68387,39.7206],[43.63723,39.72766],[43.5906,39.73473]]}},{"type":"Feature","properties":{"id":"ME_TRCS093","name":null,"slip_type":"Dextral","catalog_name":"EMME","catalog_id":"ME_TRCS093","average_dip":"(50.0,50.0,50.0)","dip_dir":null,"net_slip_rate":"(0.8,0.7,1.0)"},"geometry":{"type":"LineString","coordinates":[[44.64161,39.1589],[44.25479,39.42065],[44.21217,39.45033],[44.17529,39.48432],[44.13842,39.51831],[44.09456,39.54698],[44.05071,39.57564],[44.001,39.59796],[43.95129,39.62028],[43.90518,39.64683],[43.85907,39.67338],[43.81976,39.69633],[43.78043,39.71928]]}},{"type":"Feature","properties":{"id":"ME_TRCS094","name":null,"slip_type":"Dextral","catalog_name":"EMME","catalog_id":"ME_TRCS094","average_dip":"(85.0,85.0,85.0)","dip_dir":null,"net_slip_rate":"(0.8,0.7,1.0)"},"geometry":{"type":"LineString","coordinates":[[44.0482,39.8254],[44.01913,39.86274],[43.99006,39.90008],[43.95546,39.93454],[43.92086,39.96901],[43.88993,40.00549],[43.85901,40.04197],[43.82857,40.07788],[43.79813,40.1138]]}},{"type":"Feature","properties":{"id":"ME_TRCS095","name":null,"slip_type":"Dextral","catalog_name":"EMME","catalog_id":"ME_TRCS095","average_dip":"(85.0,85.0,85.0)","dip_dir":null,"net_slip_rate":"(0.8,0.7,1.0)"},"geometry":{"type":"LineString","coordinates":[[43.9461,39.8452],[43.9806,39.8188],[44.0151,39.79239],[44.04958,39.766],[44.08407,39.7396]]}},{"type":"Feature","properties":{"id":"ME_TRCS096","name":null,"slip_type":"Dextral","catalog_name":"EMME","catalog_id":"ME_TRCS096","average_dip":"(85.0,85.0,85.0)","dip_dir":null,"net_slip_rate":"(0.8,0.7,1.0)"},"geometry":{"type":"LineString","coordinates":[[44.55933,39.29567],[44.4565,39.38363],[44.4158,39.41385],[44.37511,39.44411],[44.33442,39.47438],[44.30197,39.51011],[44.26952,39.54583],[44.23714,39.58162],[44.20477,39.61741],[44.17238,39.6532],[44.14,39.689]]}},{"type":"Feature","properties":{"id":"ME_TRCS097","name":null,"slip_type":"Dextral","catalog_name":"EMME","catalog_id":"ME_TRCS097","average_dip":"(85.0,85.0,85.0)","dip_dir":null,"net_slip_rate":"(1.8,0.5,3.0)"},"geometry":{"type":"LineString","coordinates":[[43.32422,39.21476],[43.3534,39.18249],[43.38257,39.15022],[43.41174,39.11796],[43.44089,39.0857],[43.47006,39.05345],[43.49921,39.0212],[43.55094,38.98613]]}},{"type":"Feature","properties":{"id":"ME_TRCS098","name":null,"slip_type":"Dextral","catalog_name":"EMME","catalog_id":"ME_TRCS098","average_dip":"(85.0,85.0,85.0)","dip_dir":null,"net_slip_rate":"(1.8,0.5,3.0)"},"geometry":{"type":"LineString","coordinates":[[43.90756,38.69063],[43.78745,38.82069],[43.76332,38.84631],[43.7392,38.87192],[43.71636,38.89825],[43.69352,38.92458],[43.67068,38.95091],[43.64254,38.97394],[43.60312,38.98286]]}},{"type":"Feature","properties":{"id":"ME_TRCS099","name":null,"slip_type":"Dextral","catalog_name":"EMME","catalog_id":"ME_TRCS099","average_dip":"(85.0,85.0,85.0)","dip_dir":null,"net_slip_rate":"(0.8,0.7,1.0)"},"geometry":{"type":"LineString","coordinates":[[44.28454,38.73073],[44.25799,38.76583],[44.23143,38.80093],[44.1934,38.8289],[44.15537,38.85688],[44.12329,38.88908],[44.09121,38.92128],[44.04831,38.94467],[44.0054,38.96805],[43.96071,38.99241]]}},{"type":"Feature","properties":{"id":"ME_TRCS100","name":null,"slip_type":"Sinistral","catalog_name":"EMME","catalog_id":"ME_TRCS100","average_dip":"(85.0,85.0,85.0)","dip_dir":null,"net_slip_rate":"(1.0,0.5,1.5)"},"geometry":{"type":"LineString","coordinates":[[42.73366,38.79867],[42.77296,38.82818],[42.81225,38.85769],[42.85806,38.88085],[42.90387,38.904],[42.94858,38.92583],[42.99329,38.94765]]}},{"type":"Feature","properties":{"id":"ME_TRCS101","name":null,"slip_type":"Sinistral","catalog_name":"EMME","catalog_id":"ME_TRCS101","average_dip":"(85.0,85.0,85.0)","dip_dir":null,"net_slip_rate":"(1.0,0.5,1.5)"},"geometry":{"type":"LineString","coordinates":[[43.15399,39.1288],[43.12622,39.08886],[43.07017,39.06114],[43.03743,39.03654],[43.0047,39.01194],[42.97198,38.98735]]}},{"type":"Feature","properties":{"id":"ME_TRCS103","name":null,"slip_type":"Dextral","catalog_name":"EMME","catalog_id":"ME_TRCS103","average_dip":"(87.5,85.0,90.0)","dip_dir":null,"net_slip_rate":"(2.0,1.0,3.0)"},"geometry":{"type":"LineString","coordinates":[[44.03349,37.63396],[44.09027,37.58925],[44.16703,37.52759],[44.26215,37.48505],[44.35755,37.44296],[44.44919,37.39598],[44.53167,37.33934],[44.61157,37.28047],[44.69216,37.22225],[44.75994,37.15451],[44.84044,37.09633],[44.92477,37.04177],[45.03849,36.9126],[45.08201,36.8113],[45.09056,36.69389]]}},{"type":"Feature","properties":{"id":"ME_TRCS104","name":null,"slip_type":"Dextral","catalog_name":"EMME","catalog_id":"ME_TRCS104","average_dip":"(85.0,85.0,85.0)","dip_dir":null,"net_slip_rate":"(0.6,0.25,1.0)"},"geometry":{"type":"LineString","coordinates":[[44.6829,37.44402],[44.5756,37.45907],[44.51896,37.47084],[44.47411,37.47662],[44.41031,37.49894],[44.36715,37.52484],[44.32316,37.5499]]}},{"type":"Feature","properties":{"id":"ME_TRCS105","name":null,"slip_type":"Dextral","catalog_name":"EMME","catalog_id":"ME_TRCS105","average_dip":"(85.0,85.0,85.0)","dip_dir":null,"net_slip_rate":"(0.6,0.25,1.0)"},"geometry":{"type":"LineString","coordinates":[[44.00281,37.69398],[43.95009,37.70274],[43.89561,37.69199],[43.842,37.70634],[43.79191,37.72904],[43.73916,37.73781],[43.68641,37.74658]]}},{"type":"Feature","properties":{"id":"ME_TRCS106","name":null,"slip_type":"Dextral","catalog_name":"EMME","catalog_id":"ME_TRCS106","average_dip":"(70.0,70.0,70.0)","dip_dir":null,"net_slip_rate":"(2.1,1.0,3.1832)"},"geometry":{"type":"LineString","coordinates":[[43.87162,37.79795],[43.89532,37.83806],[43.91902,37.87817],[43.94273,37.91829],[43.96643,37.95841],[43.99014,37.99853],[44.01335,38.03885],[44.03655,38.07916],[44.07447,38.11185],[44.11239,38.14455],[44.15228,38.17579],[44.19216,38.20704],[44.23006,38.2398],[44.26796,38.27255],[44.30638,38.30497],[44.34479,38.33738],[44.38427,38.36902],[44.42375,38.40066],[44.49186,38.46516]]}},{"type":"Feature","properties":{"id":"ME_TRCS107","name":null,"slip_type":"Reverse","catalog_name":"EMME","catalog_id":"ME_TRCS107","average_dip":"(70.0,70.0,70.0)","dip_dir":null,"net_slip_rate":"(2.1,1.0642,3.0542)"},"geometry":{"type":"LineString","coordinates":[[42.42681,38.52588],[42.53485,38.50693],[42.64286,38.48797],[42.7535,38.48587],[42.85906,38.51195],[42.93643,38.45],[42.92104,38.36421],[43.01124,38.26669],[43.1208,38.27705]]}},{"type":"Feature","properties":{"id":"ME_TRCS108","name":null,"slip_type":"Dextral-Reverse","catalog_name":"EMME","catalog_id":"ME_TRCS108","average_dip":"(68.0,68.0,68.0)","dip_dir":null,"net_slip_rate":"(1.8,1.0,2.5724)"},"geometry":{"type":"LineString","coordinates":[[43.07359,38.54046],[43.03118,38.55455],[42.98877,38.56864],[42.94636,38.58273],[42.90393,38.59683],[42.86149,38.61092],[42.81906,38.62502]]}},{"type":"Feature","properties":{"id":"ME_TRCS109","name":null,"slip_type":"Dextral-Reverse","catalog_name":"EMME","catalog_id":"ME_TRCS109","average_dip":"(68.0,68.0,68.0)","dip_dir":null,"net_slip_rate":"(1.2,0.5,2.0)"},"geometry":{"type":"LineString","coordinates":[[42.81954,38.73112],[42.76658,38.72372],[42.71363,38.71631],[42.66069,38.70891],[42.60775,38.7015]]}},{"type":"Feature","properties":{"id":"ME_TRCS112","name":null,"slip_type":"Reverse","catalog_name":"EMME","catalog_id":"ME_TRCS112","average_dip":"(34.5,29.0,40.0)","dip_dir":null,"net_slip_rate":"(1.6,0.25,3.0)"},"geometry":{"type":"LineString","coordinates":[[41.24529,38.92006],[41.3187,38.90707],[41.34055,38.89529],[41.41027,38.8741],[41.47762,38.88054],[41.54639,38.86657],[41.61668,38.85254],[41.65839,38.82308],[41.69699,38.81171],[41.74163,38.78093],[41.77209,38.76276],[41.81305,38.74291],[41.85874,38.74438],[41.90112,38.72326],[41.93281,38.70145],[41.95333,38.69212],[42.00191,38.68563]]}},{"type":"Feature","properties":{"id":"ME_TRCS113","name":null,"slip_type":"Sinistral","catalog_name":"EMME","catalog_id":"ME_TRCS113","average_dip":"(69.0,69.0,69.0)","dip_dir":null,"net_slip_rate":"(1.5,1.0,2.0)"},"geometry":{"type":"LineString","coordinates":[[42.14178,40.37456],[42.17527,40.41219],[42.20877,40.44982],[42.24228,40.48746],[42.27579,40.5251],[42.30931,40.56275],[42.34283,40.60041],[42.3725,40.6399],[42.40218,40.67939],[42.45592,40.69954],[42.50966,40.7197],[42.55004,40.75332],[42.59043,40.78694],[42.63304,40.81898],[42.67564,40.85102],[42.73555,40.90295]]}},{"type":"Feature","properties":{"id":"ME_TRCS114","name":null,"slip_type":"Sinistral","catalog_name":"EMME","catalog_id":"ME_TRCS114","average_dip":"(85.0,85.0,85.0)","dip_dir":null,"net_slip_rate":"(1.0,0.5,1.5)"},"geometry":{"type":"LineString","coordinates":[[41.34039,39.99914],[41.40802,40.07446],[41.47568,40.14979],[41.52954,40.2314],[41.57276,40.31665],[41.6203,40.40056],[41.7057,40.4648],[41.77677,40.53851],[41.86119,40.60363],[41.94062,40.67234],[42.03251,40.7315],[42.12544,40.78981],[42.19249,40.86583],[42.27012,40.93591],[42.36154,40.99581],[42.45565,41.05337],[42.54594,41.11437],[42.66237,41.22577]]}},{"type":"Feature","properties":{"id":"ME_TRCS115","name":null,"slip_type":"Sinistral","catalog_name":"EMME","catalog_id":"ME_TRCS115","average_dip":"(88.0,86.0,90.0)","dip_dir":null,"net_slip_rate":"(1.5,0.7,2.3)"},"geometry":{"type":"LineString","coordinates":[[40.32321,39.78471],[40.43951,39.78619],[40.50679,39.80494],[40.55237,39.83428],[40.59796,39.86362],[40.64757,39.88885],[40.69718,39.91408],[40.74594,39.94031],[40.79471,39.96653],[40.8435,39.99277],[40.89229,40.01901],[40.94085,40.04554],[40.99223,40.0636],[41.04535,40.08638],[41.10552,40.1134]]}},{"type":"Feature","properties":{"id":"ME_TRCS116","name":null,"slip_type":"Sinistral","catalog_name":"EMME","catalog_id":"ME_TRCS116","average_dip":"(85.0,85.0,85.0)","dip_dir":null,"net_slip_rate":"(0.6,0.1,1.0)"},"geometry":{"type":"LineString","coordinates":[[42.55206,41.38203],[42.58348,41.40317],[42.61489,41.4243],[42.64631,41.44544],[42.67775,41.46658],[42.70918,41.48773],[42.74062,41.50887],[42.77207,41.53003],[42.80353,41.55119]]}},{"type":"Feature","properties":{"id":"ME_TRCS117","name":null,"slip_type":"Sinistral","catalog_name":"EMME","catalog_id":"ME_TRCS117","average_dip":"(85.0,85.0,85.0)","dip_dir":null,"net_slip_rate":"(0.6,0.1,1.0)"},"geometry":{"type":"LineString","coordinates":[[42.35557,41.19242],[42.39396,41.22217],[42.43234,41.25192],[42.47075,41.28169],[42.50915,41.31145],[42.54757,41.34123],[42.58599,41.37101],[42.62443,41.4008],[42.66286,41.4306],[42.70132,41.4604],[42.73978,41.49021]]}},{"type":"Feature","properties":{"id":"ME_TRCS118","name":null,"slip_type":"Sinistral","catalog_name":"EMME","catalog_id":"ME_TRCS118","average_dip":"(85.0,85.0,85.0)","dip_dir":null,"net_slip_rate":"(0.6,0.1,1.0)"},"geometry":{"type":"LineString","coordinates":[[42.5807,41.4406],[42.6206,41.46472],[42.66051,41.48883],[42.70194,41.51148],[42.74338,41.53412],[42.77641,41.56161],[42.80945,41.58909]]}},{"type":"Feature","properties":{"id":"ME_TRCS119","name":null,"slip_type":"Sinistral-Reverse","catalog_name":"EMME","catalog_id":"ME_TRCS119","average_dip":"(87.5,85.0,90.0)","dip_dir":null,"net_slip_rate":"(1.5,1.0,2.0)"},"geometry":{"type":"LineString","coordinates":[[41.73838,41.06178],[41.78874,41.0836],[41.8391,41.10542],[41.88949,41.12725],[41.93988,41.14909],[41.98317,41.17834],[42.02645,41.20759],[42.07605,41.23052],[42.12565,41.25345],[42.17853,41.27181],[42.23141,41.29018],[42.26271,41.32712],[42.29401,41.36406],[42.34317,41.38766],[42.39233,41.41125],[42.44781,41.42492],[42.50328,41.43859],[42.52426,41.47946],[42.54524,41.52033],[42.5711,41.55551]]}},{"type":"Feature","properties":{"id":"ME_TRCS120","name":null,"slip_type":"Sinistral","catalog_name":"EMME","catalog_id":"ME_TRCS120","average_dip":"(87.5,85.0,90.0)","dip_dir":null,"net_slip_rate":"(2.3,2.3,2.3)"},"geometry":{"type":"LineString","coordinates":[[39.57832,40.2031],[39.69483,40.22526],[39.81139,40.24743],[39.92612,40.27467],[40.04087,40.30198],[40.1561,40.32822],[40.27124,40.35479],[40.38584,40.3828],[40.50614,40.38602],[40.62565,40.39712],[40.74056,40.42456],[40.85798,40.44505],[40.97345,40.47129],[41.04983,40.54225],[41.14631,40.59736],[41.25179,40.64205],[41.35514,40.68962],[41.45789,40.73802],[41.52451,40.81459],[41.56601,40.90074],[41.60015,40.97161]]}},{"type":"Feature","properties":{"id":"ME_TRCS121","name":null,"slip_type":"Sinistral","catalog_name":"EMME","catalog_id":"ME_TRCS121","average_dip":"(85.0,85.0,85.0)","dip_dir":null,"net_slip_rate":"(1.3,0.25,2.3)"},"geometry":{"type":"LineString","coordinates":[[41.83647,40.99404],[41.8038,40.9635],[41.77113,40.93295],[41.73847,40.90242],[41.70581,40.87188],[41.67316,40.84136],[41.64052,40.81084]]}},{"type":"Feature","properties":{"id":"ME_TRCS122","name":null,"slip_type":"Sinistral","catalog_name":"EMME","catalog_id":"ME_TRCS122","average_dip":"(85.0,85.0,85.0)","dip_dir":null,"net_slip_rate":"(0.8,0.5,1.0)"},"geometry":{"type":"LineString","coordinates":[[39.3212,40.10716],[39.3784,40.11292],[39.4356,40.11868],[39.4915,40.10776],[39.54739,40.09684],[39.60188,40.11134],[39.65636,40.12585],[39.71084,40.14043],[39.76531,40.15502],[39.8198,40.16961],[39.87429,40.1842],[39.92974,40.19656],[39.9852,40.20892],[40.04106,40.22022],[40.09691,40.23152],[40.15279,40.24283],[40.20866,40.25414],[40.30928,40.2745]]}},{"type":"Feature","properties":{"id":"ME_TRCS123","name":null,"slip_type":"Sinistral","catalog_name":"EMME","catalog_id":"ME_TRCS123","average_dip":"(85.0,85.0,85.0)","dip_dir":null,"net_slip_rate":"(1.0,0.5,1.5)"},"geometry":{"type":"LineString","coordinates":[[43.2037,41.28731],[43.18337,41.26089],[43.14366,41.2464],[43.12333,41.21998],[43.10284,41.19372],[43.08234,41.16745],[43.06185,41.14119],[43.04046,41.11534],[43.01908,41.0895],[42.97567,41.06697],[42.9458,41.03818]]}},{"type":"Feature","properties":{"id":"ME_TRCS124","name":null,"slip_type":"Sinistral","catalog_name":"EMME","catalog_id":"ME_TRCS124","average_dip":"(87.5,85.0,90.0)","dip_dir":null,"net_slip_rate":"(1.5,1.0,2.0)"},"geometry":{"type":"LineString","coordinates":[[43.0801,41.30135],[43.04646,41.2643],[43.01282,41.22725],[42.96483,41.20063],[42.91685,41.17401],[42.87426,41.15752],[42.83168,41.14102]]}},{"type":"Feature","properties":{"id":"ME_TRCS125","name":null,"slip_type":"Sinistral","catalog_name":"EMME","catalog_id":"ME_TRCS125","average_dip":"(85.0,85.0,85.0)","dip_dir":null,"net_slip_rate":"(0.8,0.5,1.0)"},"geometry":{"type":"LineString","coordinates":[[42.86432,41.28575],[42.83874,41.26104],[42.81316,41.23633],[42.78758,41.21163],[42.76201,41.18693],[42.73644,41.16224],[42.71087,41.13754],[42.68532,41.11286],[42.65976,41.08817],[42.6342,41.06349]]}},{"type":"Feature","properties":{"id":"ME_TRCS126","name":null,"slip_type":"Dextral","catalog_name":"EMME","catalog_id":"ME_TRCS126","average_dip":"(72.0,72.0,72.0)","dip_dir":null,"net_slip_rate":"(2.6,0.25,5.0)"},"geometry":{"type":"LineString","coordinates":[[41.45482,39.11282],[41.41637,39.13953],[41.37791,39.16623],[41.33944,39.19295],[41.30097,39.21966],[41.26248,39.24639],[41.224,39.27312]]}},{"type":"Feature","properties":{"id":"ME_TRCS128","name":null,"slip_type":"Dextral","catalog_name":"EMME","catalog_id":"ME_TRCS128","average_dip":"(80.0,80.0,80.0)","dip_dir":null,"net_slip_rate":"(1.5,1.0,2.0)"},"geometry":{"type":"LineString","coordinates":[[37.78046,37.61179],[37.83731,37.59649],[37.89416,37.58118],[37.95098,37.56589],[38.00781,37.55059],[38.06462,37.5353],[38.12143,37.52001],[38.17821,37.50472],[38.235,37.48943],[38.2901,37.47071],[38.3452,37.45198],[38.3936,37.42395],[38.44201,37.39592],[38.49017,37.36768],[38.53834,37.33944],[38.59061,37.32249],[38.64288,37.30554]]}},{"type":"Feature","properties":{"id":"ME_TRCS129","name":null,"slip_type":"Reverse","catalog_name":"EMME","catalog_id":"ME_TRCS129","average_dip":"(48.0,40.0,56.0)","dip_dir":null,"net_slip_rate":"(3.7,3.3,4.1)"},"geometry":{"type":"LineString","coordinates":[[42.9031,37.67922],[43.38931,37.52231],[43.6466,37.50175],[43.82629,37.60421],[43.90433,37.59104],[44.02447,37.50151],[44.1537,37.40456],[44.23868,37.33966],[44.33046,37.26999],[44.32978,37.15095]]}},{"type":"Feature","properties":{"id":"ME_TRCS130","name":null,"slip_type":"Reverse","catalog_name":"EMME","catalog_id":"ME_TRCS130","average_dip":"(52.5,40.0,65.0)","dip_dir":null,"net_slip_rate":"(3.7,3.3,4.1)"},"geometry":{"type":"LineString","coordinates":[[41.39877,38.32112],[41.80809,38.12567],[42.51632,37.87726],[42.85911,37.70716]]}},{"type":"Feature","properties":{"id":"ME_TRCS131","name":null,"slip_type":"Dextral-Reverse","catalog_name":"EMME","catalog_id":"ME_TRCS131","average_dip":"(55.0,45.0,65.0)","dip_dir":null,"net_slip_rate":"(4.8,4.4008,5.1391)"},"geometry":{"type":"LineString","coordinates":[[40.7439,38.5198],[40.79581,38.51238],[40.84772,38.50496],[40.90002,38.49952],[40.95232,38.49408],[41.00219,38.48063],[41.05205,38.46717],[41.10036,38.45063],[41.14868,38.4341],[41.19624,38.41631],[41.2438,38.39853],[41.28835,38.38147],[41.3329,38.3644]]}},{"type":"Feature","properties":{"id":"ME_TRCS132","name":null,"slip_type":"Sinistral-Reverse","catalog_name":"EMME","catalog_id":"ME_TRCS132","average_dip":"(50.0,50.0,50.0)","dip_dir":null,"net_slip_rate":"None"},"geometry":{"type":"LineString","coordinates":[[40.2581,38.4646],[40.29828,38.47267],[40.33846,38.48073],[40.37864,38.4888],[40.41891,38.49664],[40.45918,38.50448],[40.49944,38.51232],[40.54086,38.5144],[40.58228,38.51647],[40.62369,38.51855],[40.66483,38.5193],[40.70596,38.52005],[40.7471,38.5208]]}},{"type":"Feature","properties":{"id":"ME_TRCS133","name":null,"slip_type":"Reverse","catalog_name":"EMME","catalog_id":"ME_TRCS133","average_dip":"(47.5,45.0,50.0)","dip_dir":null,"net_slip_rate":"(2.5,1.0,4.062)"},"geometry":{"type":"LineString","coordinates":[[38.22302,37.99572],[38.2739,37.98314],[38.3922,37.98347],[38.50831,37.99083],[38.61391,38.02964],[38.7197,38.06822],[38.82607,38.10589],[38.93081,38.14637],[39.03083,38.19376],[39.1436,38.21774],[39.26045,38.21685],[39.37711,38.21166],[39.48607,38.24484],[39.59037,38.28634],[39.69287,38.33061],[39.79048,38.3813],[39.8517,38.45958],[39.94656,38.51357],[40.05158,38.55455],[40.1337,38.5866]]}},{"type":"Feature","properties":{"id":"ME_TRCS134","name":null,"slip_type":"Dextral","catalog_name":"EMME","catalog_id":"ME_TRCS134","average_dip":"(87.5,85.0,90.0)","dip_dir":null,"net_slip_rate":"(2.0,1.0,3.0)"},"geometry":{"type":"LineString","coordinates":[[41.85397,38.49338],[41.77565,38.50181],[41.74594,38.51037],[41.68777,38.52384],[41.6364,38.54657],[41.57984,38.56117],[41.51996,38.57232],[41.46528,38.59162],[41.4089,38.60859],[41.38545,38.6384],[41.34468,38.66063],[41.28707,38.68125],[41.23031,38.71261],[41.13269,38.74586],[40.96555,38.84096]]}},{"type":"Feature","properties":{"id":"ME_TRCS135","name":null,"slip_type":"Dextral-Reverse","catalog_name":"EMME","catalog_id":"ME_TRCS135","average_dip":"(40.0,40.0,40.0)","dip_dir":null,"net_slip_rate":"(1.6,0.0001,3.1131)"},"geometry":{"type":"LineString","coordinates":[[43.19348,38.34992],[43.24761,38.34163],[43.30174,38.33333],[43.35688,38.3335],[43.41203,38.33367],[43.45725,38.3541],[43.50248,38.37453]]}},{"type":"Feature","properties":{"id":"ME_TRCS136","name":null,"slip_type":"Sinistral","catalog_name":"EMME","catalog_id":"ME_TRCS136","average_dip":"(85.0,85.0,85.0)","dip_dir":null,"net_slip_rate":"(0.6,0.1,1.0)"},"geometry":{"type":"LineString","coordinates":[[34.76437,37.24676],[34.79785,37.33127],[34.83136,37.41578],[34.8869,37.49263],[34.96886,37.55285],[35.00291,37.63724],[35.02138,37.72463],[35.07081,37.80416],[35.11264,37.88638],[35.13999,37.97232],[35.17409,38.05675],[35.2183,38.13824],[35.24956,38.19585]]}},{"type":"Feature","properties":{"id":"ME_TRCS137","name":null,"slip_type":"Sinistral","catalog_name":"EMME","catalog_id":"ME_TRCS137","average_dip":"(87.5,85.0,90.0)","dip_dir":null,"net_slip_rate":"(0.3,0.2,0.4)"},"geometry":{"type":"LineString","coordinates":[[34.27197,37.16329],[34.3223,37.19015],[34.37263,37.21701],[34.42299,37.24388],[34.47335,37.27075],[34.51444,37.30625],[34.55554,37.34175],[34.6072,37.36711],[34.65886,37.39247],[34.70353,37.4252],[34.7482,37.45792],[34.78457,37.47458],[34.82095,37.49125]]}},{"type":"Feature","properties":{"id":"ME_TRCS138","name":null,"slip_type":"Dextral","catalog_name":"EMME","catalog_id":"ME_TRCS138","average_dip":"(60.0,60.0,60.0)","dip_dir":null,"net_slip_rate":"(0.9,0.25,1.5)"},"geometry":{"type":"LineString","coordinates":[[34.98265,37.81937],[34.87156,37.79833],[34.75739,37.80105],[34.65516,37.84135],[34.57587,37.90638],[34.47642,37.95102],[34.37767,37.9967],[34.31578,38.07266],[34.24662,38.14467],[34.17743,38.2167],[34.10821,38.28875],[34.03655,38.35936],[33.9611,38.42755],[33.88563,38.49576],[33.81788,38.56882],[33.75339,38.6437],[33.68888,38.7186],[33.62435,38.79353],[33.60568,38.8826],[33.53784,38.95582],[33.44649,39.01153],[33.41705,39.09884],[33.33465,39.16256]]}},{"type":"Feature","properties":{"id":"ME_TRCS139","name":null,"slip_type":"Dextral","catalog_name":"EMME","catalog_id":"ME_TRCS139","average_dip":"(85.0,85.0,85.0)","dip_dir":null,"net_slip_rate":"(1.2,0.5,2.0)"},"geometry":{"type":"LineString","coordinates":[[40.40488,38.94818],[40.44393,38.91568],[40.48298,38.88317],[40.51751,38.8478],[40.55204,38.81242]]}},{"type":"Feature","properties":{"id":"ME_TRCS140","name":null,"slip_type":"Dextral","catalog_name":"EMME","catalog_id":"ME_TRCS140","average_dip":"(85.0,85.0,85.0)","dip_dir":null,"net_slip_rate":"(2.6,0.25,5.0)"},"geometry":{"type":"LineString","coordinates":[[40.09628,39.04881],[40.14577,39.03002],[40.19963,39.02109],[40.25349,39.01216],[40.30436,38.9958],[40.35522,38.97944],[40.40262,38.97201],[40.45002,38.96459]]}},{"type":"Feature","properties":{"id":"ME_TRCS141","name":null,"slip_type":"Dextral","catalog_name":"EMME","catalog_id":"ME_TRCS141","average_dip":"(85.0,85.0,85.0)","dip_dir":null,"net_slip_rate":"(2.6,0.25,5.0)"},"geometry":{"type":"LineString","coordinates":[[39.35687,39.22735],[39.41356,39.21625],[39.47024,39.20515],[39.52866,39.20357],[39.58709,39.20198],[39.64485,39.19506],[39.70262,39.18815],[39.75841,39.17468],[39.81419,39.1612],[39.8661,39.14044],[39.91801,39.11967],[39.96991,39.09895],[40.02182,39.07823],[40.07056,39.07471],[40.1193,39.07119]]}},{"type":"Feature","properties":{"id":"ME_TRCS146","name":null,"slip_type":"Dextral","catalog_name":"EMME","catalog_id":"ME_TRCS146","average_dip":"(84.0,84.0,84.0)","dip_dir":null,"net_slip_rate":"(1.2,0.5,2.0)"},"geometry":{"type":"LineString","coordinates":[[40.32836,39.06367],[40.3778,39.05134],[40.42635,39.03832],[40.46517,39.01769],[40.50398,38.99226],[40.54186,38.96457],[40.5903,38.93825]]}},{"type":"Feature","properties":{"id":"ME_TRCS147","name":null,"slip_type":"Sinistral","catalog_name":"EMME","catalog_id":"ME_TRCS147","average_dip":"(85.0,85.0,85.0)","dip_dir":null,"net_slip_rate":"(2.3,2.3,2.3)"},"geometry":{"type":"LineString","coordinates":[[39.39775,39.88426],[39.45377,39.88562],[39.50856,39.8947],[39.56335,39.90378],[39.61638,39.91776],[39.66942,39.93173],[39.72469,39.93905],[39.77996,39.94638],[39.83578,39.95068],[39.8916,39.95498],[39.94738,39.9596],[40.00317,39.96422],[40.05756,39.97481],[40.11194,39.98541],[40.16374,40.002],[40.21554,40.01859],[40.26273,40.04192],[40.30993,40.06524],[40.38502,40.10559]]}},{"type":"Feature","properties":{"id":"ME_TRCS149","name":null,"slip_type":"Normal","catalog_name":"EMME","catalog_id":"ME_TRCS149","average_dip":"(60.0,60.0,60.0)","dip_dir":null,"net_slip_rate":"(1.3,0.55,2.0)"},"geometry":{"type":"LineString","coordinates":[[40.79787,39.34109],[40.82246,39.31246],[40.84705,39.28383],[40.87165,39.2552],[40.86819,39.22238],[40.86474,39.18956],[40.86129,39.15674]]}},{"type":"Feature","properties":{"id":"ME_TRCS151","name":null,"slip_type":"Dextral","catalog_name":"EMME","catalog_id":"ME_TRCS151","average_dip":"(85.0,85.0,85.0)","dip_dir":null,"net_slip_rate":"(1.6,0.25,3.0)"},"geometry":{"type":"LineString","coordinates":[[40.69686,38.54571],[40.64924,38.55809],[40.60163,38.57048],[40.56093,38.59346],[40.52023,38.61644],[40.47721,38.63668],[40.43418,38.65691]]}},{"type":"Feature","properties":{"id":"ME_TRCS152","name":null,"slip_type":"Sinistral","catalog_name":"EMME","catalog_id":"ME_TRCS152","average_dip":"(85.0,85.0,85.0)","dip_dir":null,"net_slip_rate":"(1.0,0.5,1.5)"},"geometry":{"type":"LineString","coordinates":[[40.49027,39.05615],[40.5257,39.07673],[40.5501,39.09902],[40.57973,39.13473],[40.62455,39.15858],[40.67189,39.16497]]}},{"type":"Feature","properties":{"id":"ME_TRCS155","name":null,"slip_type":"Sinistral","catalog_name":"EMME","catalog_id":"ME_TRCS155","average_dip":"(75.0,70.0,80.0)","dip_dir":null,"net_slip_rate":"(1.0,0.5,1.5)"},"geometry":{"type":"LineString","coordinates":[[40.50474,39.17064],[40.53182,39.18962],[40.56982,39.21957],[40.60538,39.25127],[40.64095,39.28298],[40.67294,39.31048],[40.70493,39.33798]]}},{"type":"Feature","properties":{"id":"ME_TRCS156","name":null,"slip_type":"Sinistral-Reverse","catalog_name":"EMME","catalog_id":"ME_TRCS156","average_dip":"(62.5,45.0,80.0)","dip_dir":null,"net_slip_rate":"(1.2,0.5,2.0)"},"geometry":{"type":"LineString","coordinates":[[40.18141,39.07706],[40.22135,39.08048],[40.26129,39.0839],[40.30123,39.08732],[40.33707,39.10144],[40.37291,39.11556],[40.40875,39.12969],[40.45362,39.14789],[40.4985,39.16609]]}},{"type":"Feature","properties":{"id":"ME_TRCS160","name":null,"slip_type":"Dextral-Normal","catalog_name":"EMME","catalog_id":"ME_TRCS160","average_dip":"(62.5,45.0,80.0)","dip_dir":null,"net_slip_rate":"(2.1,1.0,3.1672)"},"geometry":{"type":"LineString","coordinates":[[38.87262,39.2726],[38.93747,39.2808],[38.98977,39.30264],[39.04207,39.32449],[39.09416,39.34667],[39.14625,39.36886],[39.19966,39.38914],[39.25307,39.40942],[39.30733,39.42836],[39.36158,39.4473],[39.41747,39.46323],[39.47335,39.47916],[39.52808,39.49736],[39.58281,39.51557],[39.63247,39.52235],[39.68501,39.52809],[39.72431,39.54249],[39.75918,39.54815]]}},{"type":"Feature","properties":{"id":"ME_TRCS161","name":null,"slip_type":"Sinistral","catalog_name":"EMME","catalog_id":"ME_TRCS161","average_dip":"(70.0,70.0,70.0)","dip_dir":null,"net_slip_rate":"(1.5,1.0,2.0696)"},"geometry":{"type":"LineString","coordinates":[[39.02897,39.25328],[39.07065,39.27942],[39.11233,39.30555],[39.15799,39.32738],[39.20365,39.3492],[39.25029,39.34597],[39.29692,39.34274]]}},{"type":"Feature","properties":{"id":"ME_TRCS163","name":null,"slip_type":"Sinistral","catalog_name":"EMME","catalog_id":"ME_TRCS163","average_dip":"(70.0,70.0,70.0)","dip_dir":null,"net_slip_rate":"(1.6,1.0,2.2655)"},"geometry":{"type":"LineString","coordinates":[[38.61635,39.12055],[38.56385,39.08431],[38.52369,39.07405],[38.48882,39.05286],[38.461,39.02961],[38.43583,39.00569],[38.40979,38.98313],[38.35644,38.97975]]}},{"type":"Feature","properties":{"id":"ME_TRCS164","name":null,"slip_type":"Sinistral","catalog_name":"EMME","catalog_id":"ME_TRCS164","average_dip":"(85.0,85.0,85.0)","dip_dir":null,"net_slip_rate":"(2.1,1.0,3.1635)"},"geometry":{"type":"LineString","coordinates":[[38.38473,39.14387],[38.40067,39.18359],[38.40908,39.22468],[38.4175,39.26577],[38.41349,39.30726],[38.40949,39.34875],[38.418,39.38982],[38.42652,39.4309],[38.40477,39.45431],[38.38301,39.47772]]}},{"type":"Feature","properties":{"id":"ME_TRCS165","name":null,"slip_type":"Dextral","catalog_name":"EMME","catalog_id":"ME_TRCS165","average_dip":"(87.5,85.0,90.0)","dip_dir":null,"net_slip_rate":"(2.1,1.0,3.1635)"},"geometry":{"type":"LineString","coordinates":[[37.49485,37.98947],[37.59288,38.03747],[37.69692,38.07695],[37.79202,38.12861],[37.87326,38.19333],[37.92664,38.27401],[37.97557,38.35645],[38.02451,38.4389],[38.0715,38.52206],[38.13168,38.59988],[38.16954,38.68587],[38.20077,38.77348],[38.23049,38.86142],[38.26909,38.94725],[38.30858,39.03071],[38.38513,39.09835]]}},{"type":"Feature","properties":{"id":"ME_TRCS166","name":null,"slip_type":"Dextral","catalog_name":"EMME","catalog_id":"ME_TRCS166","average_dip":"(62.5,45.0,80.0)","dip_dir":null,"net_slip_rate":"(2.0,1.0,3.0)"},"geometry":{"type":"LineString","coordinates":[[38.41132,39.11857],[38.4498,39.13395],[38.48828,39.14933],[38.52676,39.16471],[38.57,39.16664],[38.61323,39.16857],[38.65647,39.1705],[38.69895,39.17705],[38.74143,39.1836],[38.78392,39.19014],[38.82127,39.20427],[38.85862,39.2184],[38.9585,39.23049]]}},{"type":"Feature","properties":{"id":"ME_TRCS168","name":null,"slip_type":"Sinistral","catalog_name":"EMME","catalog_id":"ME_TRCS168","average_dip":"(77.5,70.0,85.0)","dip_dir":null,"net_slip_rate":"(0.3,0.2,0.4)"},"geometry":{"type":"LineString","coordinates":[[37.03169,39.56668],[36.97335,39.55476],[36.91501,39.54284],[36.85669,39.53092],[36.79837,39.519],[36.74056,39.50574],[36.68275,39.49248],[36.62815,39.47275],[36.57356,39.45302],[36.51899,39.43329],[36.46442,39.41356],[36.41709,39.38814],[36.36448,39.36953],[36.31803,39.34752],[36.27687,39.32417],[36.22997,39.29504],[36.18308,39.26592],[36.13404,39.23903],[36.085,39.21214],[35.99363,39.15706]]}},{"type":"Feature","properties":{"id":"ME_TRCS169","name":null,"slip_type":"Sinistral","catalog_name":"EMME","catalog_id":"ME_TRCS169","average_dip":"(72.5,70.0,75.0)","dip_dir":null,"net_slip_rate":"(0.3,0.2,0.4)"},"geometry":{"type":"LineString","coordinates":[[37.04337,39.39373],[36.856,39.3504],[36.75323,39.303],[36.65233,39.25336],[36.54062,39.2205],[36.42653,39.19311],[36.31358,39.16313],[36.19768,39.14104],[36.08108,39.12144],[35.98534,39.06626],[35.89774,39.01528]]}},{"type":"Feature","properties":{"id":"ME_TRCS170","name":null,"slip_type":"Sinistral","catalog_name":"EMME","catalog_id":"ME_TRCS170","average_dip":"(80.0,75.0,85.0)","dip_dir":null,"net_slip_rate":"(0.3,0.2,0.4)"},"geometry":{"type":"LineString","coordinates":[[37.97852,39.5369],[37.86704,39.51387],[37.75294,39.50064],[37.63799,39.50831],[37.5234,39.51873],[37.41602,39.48617],[37.30414,39.46458],[37.19517,39.43552],[37.08633,39.40627]]}},{"type":"Feature","properties":{"id":"ME_TRCS171","name":null,"slip_type":"Sinistral","catalog_name":"EMME","catalog_id":"ME_TRCS171","average_dip":"(87.5,85.0,90.0)","dip_dir":null,"net_slip_rate":"(0.3,0.2,0.4)"},"geometry":{"type":"LineString","coordinates":[[36.26004,39.81588],[36.20928,39.79334],[36.15852,39.7708],[36.11335,39.74212],[36.06818,39.71344],[36.03149,39.67835],[35.9948,39.64325],[35.95578,39.6097],[35.91677,39.57615],[35.87777,39.54262],[35.83878,39.50908],[35.7998,39.47556],[35.76082,39.44204],[35.72228,39.40889],[35.68373,39.37574]]}},{"type":"Feature","properties":{"id":"ME_TRCS172","name":null,"slip_type":"Sinistral","catalog_name":"EMME","catalog_id":"ME_TRCS172","average_dip":"(85.0,85.0,85.0)","dip_dir":null,"net_slip_rate":"(0.3,0.2,0.4)"},"geometry":{"type":"LineString","coordinates":[[35.23279,39.26453],[35.27091,39.29112],[35.30904,39.31771],[35.34717,39.34431],[35.38531,39.37091],[35.42347,39.39753],[35.46162,39.42414]]}},{"type":"Feature","properties":{"id":"ME_TRCS173","name":null,"slip_type":"Sinistral","catalog_name":"EMME","catalog_id":"ME_TRCS173","average_dip":"(84.0,84.0,84.0)","dip_dir":null,"net_slip_rate":"(0.3,0.2,0.4)"},"geometry":{"type":"LineString","coordinates":[[37.12973,39.9616],[37.07033,39.95331],[37.01093,39.94502],[36.95179,39.93573],[36.89266,39.92644],[36.83359,39.91697],[36.77452,39.90751],[36.71809,39.89115],[36.66166,39.8748],[36.60381,39.86175],[36.54596,39.84869],[36.4897,39.83208],[36.43345,39.81546],[36.38394,39.7891],[36.33443,39.76275],[36.27481,39.75631],[36.21518,39.74988],[36.16601,39.7232],[36.11683,39.69652],[36.05919,39.66324]]}},{"type":"Feature","properties":{"id":"ME_TRCS174","name":null,"slip_type":"Sinistral","catalog_name":"EMME","catalog_id":"ME_TRCS174","average_dip":"(84.0,84.0,84.0)","dip_dir":null,"net_slip_rate":"(0.3,0.2,0.4)"},"geometry":{"type":"LineString","coordinates":[[36.67597,39.83959],[36.62662,39.83344],[36.57727,39.8273],[36.53333,39.809],[36.4894,39.79071],[36.44369,39.7773],[36.39798,39.76389]]}},{"type":"Feature","properties":{"id":"ME_TRCS175","name":null,"slip_type":"Sinistral","catalog_name":"EMME","catalog_id":"ME_TRCS175","average_dip":"(85.0,85.0,85.0)","dip_dir":null,"net_slip_rate":"(0.3,0.2,0.4)"},"geometry":{"type":"LineString","coordinates":[[35.92839,39.74595],[35.96023,39.76376],[35.99207,39.78158],[36.02392,39.79939],[36.05911,39.81302],[36.0943,39.82664],[36.12949,39.84027],[36.16516,39.85308],[36.20083,39.86588],[36.2365,39.87869]]}},{"type":"Feature","properties":{"id":"ME_TRCS177","name":null,"slip_type":"Sinistral","catalog_name":"EMME","catalog_id":"ME_TRCS177","average_dip":"(85.0,85.0,85.0)","dip_dir":null,"net_slip_rate":"(0.3,0.2,0.4)"},"geometry":{"type":"LineString","coordinates":[[35.59468,39.61564],[35.63618,39.62915],[35.67769,39.64266],[35.71919,39.65617],[35.75686,39.67463],[35.79454,39.6931],[35.83221,39.71156]]}},{"type":"Feature","properties":{"id":"ME_TRCS178","name":null,"slip_type":"Sinistral","catalog_name":"EMME","catalog_id":"ME_TRCS178","average_dip":"(87.5,85.0,90.0)","dip_dir":null,"net_slip_rate":"(0.3,0.2,0.4)"},"geometry":{"type":"LineString","coordinates":[[35.11712,39.29894],[35.15299,39.33185],[35.18887,39.36476],[35.22477,39.39768],[35.26066,39.4306],[35.29657,39.46354],[35.33247,39.49648],[35.37523,39.52414],[35.41799,39.55181],[35.44652,39.58882],[35.47505,39.62583],[35.52551,39.64436],[35.57597,39.66288],[35.61792,39.68142],[35.65987,39.69995]]}},{"type":"Feature","properties":{"id":"ME_TRCS179","name":null,"slip_type":"Sinistral","catalog_name":"EMME","catalog_id":"ME_TRCS179","average_dip":"(70.0,70.0,70.0)","dip_dir":null,"net_slip_rate":"(1.0,1.0,1.0)"},"geometry":{"type":"LineString","coordinates":[[35.76242,38.9867],[35.66455,38.93304],[35.56672,38.87941],[35.46895,38.8258],[35.37123,38.77222],[35.27355,38.71867],[35.18511,38.65617],[35.122,38.57718],[35.05891,38.49821],[35.07553,38.406],[35.0992,38.31475],[35.11861,38.22289],[35.12886,38.13012],[35.13829,38.0449]]}},{"type":"Feature","properties":{"id":"ME_TRCS180","name":null,"slip_type":"Sinistral","catalog_name":"EMME","catalog_id":"ME_TRCS180","average_dip":"(70.0,70.0,70.0)","dip_dir":null,"net_slip_rate":"(0.3,0.2,0.4)"},"geometry":{"type":"LineString","coordinates":[[35.35125,38.07883],[35.3693,38.11595],[35.38736,38.15306],[35.40541,38.19018],[35.42347,38.2273],[35.44152,38.26443],[35.45958,38.30156],[35.47764,38.33869],[35.4957,38.37582]]}},{"type":"Feature","properties":{"id":"ME_TRCS181","name":null,"slip_type":"Sinistral","catalog_name":"EMME","catalog_id":"ME_TRCS181","average_dip":"(80.0,80.0,80.0)","dip_dir":null,"net_slip_rate":"(0.3,0.2,0.4)"},"geometry":{"type":"LineString","coordinates":[[35.59336,38.73455],[35.63237,38.76375],[35.67137,38.79294],[35.71039,38.82215],[35.74941,38.85136],[35.78845,38.88058],[35.82749,38.9098],[35.86655,38.93903],[35.90561,38.96827]]}},{"type":"Feature","properties":{"id":"ME_TRCS182","name":null,"slip_type":"Sinistral","catalog_name":"EMME","catalog_id":"ME_TRCS182","average_dip":"(85.0,85.0,85.0)","dip_dir":null,"net_slip_rate":"(0.3,0.2,0.4)"},"geometry":{"type":"LineString","coordinates":[[34.87677,38.73069],[34.92293,38.74516],[34.96909,38.75963],[35.01526,38.77411],[35.06143,38.78858],[35.10762,38.80307],[35.15381,38.81755]]}},{"type":"Feature","properties":{"id":"ME_TRCS183","name":null,"slip_type":"Sinistral","catalog_name":"EMME","catalog_id":"ME_TRCS183","average_dip":"(85.0,85.0,85.0)","dip_dir":null,"net_slip_rate":"(0.3,0.2,0.4)"},"geometry":{"type":"LineString","coordinates":[[35.33678,38.90644],[35.29888,38.8998],[35.26098,38.89315],[35.22308,38.88651],[35.16549,38.88884],[35.1079,38.89117]]}},{"type":"Feature","properties":{"id":"ME_TRCS184","name":null,"slip_type":"Sinistral","catalog_name":"EMME","catalog_id":"ME_TRCS184","average_dip":"(87.5,85.0,90.0)","dip_dir":null,"net_slip_rate":"(1.0,1.0,1.0)"},"geometry":{"type":"LineString","coordinates":[[36.27645,39.45383],[36.18981,39.39159],[36.10322,39.32937],[36.02167,39.26326],[35.94835,39.19166],[35.85171,39.13932],[35.75677,39.08523],[35.6595,39.03376],[35.56065,38.98423],[35.46842,38.92758],[35.37824,38.86903],[35.29144,38.81267]]}},{"type":"Feature","properties":{"id":"ME_TRCS185","name":null,"slip_type":"Dextral","catalog_name":"EMME","catalog_id":"ME_TRCS185","average_dip":"(87.5,85.0,90.0)","dip_dir":null,"net_slip_rate":"(1.0,1.0,1.0)"},"geometry":{"type":"LineString","coordinates":[[37.13536,39.85174],[37.07678,39.83251],[37.02834,39.81193],[36.98212,39.78798],[36.93589,39.76402],[36.88688,39.74365],[36.83788,39.72328],[36.78384,39.71292],[36.7298,39.70256],[36.67634,39.69061],[36.62288,39.67866],[36.57601,39.65559],[36.52913,39.63251],[36.48305,39.60853],[36.43697,39.58456],[36.41402,39.54555],[36.36465,39.51197],[36.30265,39.47615]]}},{"type":"Feature","properties":{"id":"ME_TRCS186","name":null,"slip_type":"Sinistral-Normal","catalog_name":"EMME","catalog_id":"ME_TRCS186","average_dip":"(85.0,85.0,85.0)","dip_dir":null,"net_slip_rate":"(0.3,0.2,0.4)"},"geometry":{"type":"LineString","coordinates":[[37.26191,39.84139],[37.19785,39.81834],[37.16197,39.8007],[37.13138,39.7763],[37.09986,39.75263],[37.06834,39.72895],[37.03682,39.70529],[37.00611,39.68366],[36.9613,39.6661],[36.85659,39.62445],[36.77383,39.58069]]}},{"type":"Feature","properties":{"id":"ME_TRCS187","name":null,"slip_type":"Sinistral-Reverse","catalog_name":"EMME","catalog_id":"ME_TRCS187","average_dip":"(60.0,60.0,60.0)","dip_dir":null,"net_slip_rate":"(1.0,1.0,1.0)"},"geometry":{"type":"LineString","coordinates":[[38.16779,39.86008],[38.11064,39.86951],[38.0535,39.87894],[37.99634,39.88837],[37.93917,39.8978],[37.88083,39.90086],[37.82248,39.90391],[37.76596,39.91547],[37.70944,39.92702],[37.65103,39.92952],[37.59262,39.93201],[37.5346,39.92627],[37.47657,39.92054],[37.41809,39.91964],[37.35961,39.91875],[37.30421,39.90436],[37.24882,39.88998],[37.19538,39.87178],[37.14195,39.85358]]}},{"type":"Feature","properties":{"id":"ME_TRCS188","name":null,"slip_type":"Sinistral","catalog_name":"EMME","catalog_id":"ME_TRCS188","average_dip":"(85.0,85.0,85.0)","dip_dir":null,"net_slip_rate":"(0.2,0.1,0.3)"},"geometry":{"type":"LineString","coordinates":[[36.04815,39.41218],[36.01151,39.38097],[35.97487,39.34977],[35.93825,39.31858],[35.90162,39.28739],[35.86501,39.25621],[35.8284,39.22503],[35.79181,39.19386],[35.75521,39.16269],[35.71863,39.13153],[35.68204,39.10037]]}},{"type":"Feature","properties":{"id":"ME_TRCS190","name":null,"slip_type":"Dextral","catalog_name":"EMME","catalog_id":"ME_TRCS190","average_dip":"(85.0,85.0,85.0)","dip_dir":null,"net_slip_rate":"(0.3,0.2,0.4)"},"geometry":{"type":"LineString","coordinates":[[34.89552,39.26643],[34.94748,39.24946],[34.99944,39.23248],[35.05138,39.21552],[35.10332,39.19855],[35.15524,39.18159],[35.20716,39.16463],[35.25906,39.14768],[35.31096,39.13073],[35.36284,39.11378],[35.41472,39.09683]]}},{"type":"Feature","properties":{"id":"ME_TRCS191","name":null,"slip_type":"Dextral-Normal","catalog_name":"EMME","catalog_id":"ME_TRCS191","average_dip":"(80.0,80.0,80.0)","dip_dir":null,"net_slip_rate":"(1.5,0.0001,3.0427)"},"geometry":{"type":"LineString","coordinates":[[31.88793,39.18604],[31.98217,39.13473],[32.07637,39.08345],[32.1688,39.03035],[32.25611,38.97231],[32.35347,38.92498],[32.44524,38.8714],[32.54034,38.82153],[32.63539,38.77169],[32.7304,38.72187],[32.8343,38.68449],[32.94143,38.6589]]}},{"type":"Feature","properties":{"id":"ME_TRCS192","name":null,"slip_type":"Dextral-Normal","catalog_name":"EMME","catalog_id":"ME_TRCS192","average_dip":"(70.0,70.0,70.0)","dip_dir":null,"net_slip_rate":"(1.6,0.0001,3.1832)"},"geometry":{"type":"LineString","coordinates":[[32.16939,39.00983],[32.19133,38.97116],[32.21327,38.93248],[32.2614,38.91288],[32.30952,38.89328],[32.35871,38.88087],[32.40789,38.86846]]}},{"type":"Feature","properties":{"id":"ME_TRCS193","name":null,"slip_type":"Dextral-Normal","catalog_name":"EMME","catalog_id":"ME_TRCS193","average_dip":"(70.0,70.0,70.0)","dip_dir":null,"net_slip_rate":"(1.5,0.0001,3.0468)"},"geometry":{"type":"LineString","coordinates":[[32.02311,39.39159],[32.08732,39.32037],[32.1614,39.25519],[32.24143,39.19442],[32.32115,39.13347],[32.40405,39.07517],[32.49505,39.02476],[32.58601,38.97437],[32.65631,38.90693],[32.74317,38.85249],[32.8139,38.78541],[32.84538,38.76466]]}},{"type":"Feature","properties":{"id":"ME_TRCS194","name":null,"slip_type":"Dextral","catalog_name":"EMME","catalog_id":"ME_TRCS194","average_dip":"(80.0,80.0,80.0)","dip_dir":null,"net_slip_rate":"(1.5,0.0001,3.0)"},"geometry":{"type":"LineString","coordinates":[[32.07733,39.48293],[32.1706,39.42673],[32.26382,39.37056],[32.35699,39.31441],[32.45012,39.2583],[32.5432,39.20221],[32.62388,39.13564],[32.70413,39.06881],[32.80273,39.01901],[32.89708,38.96454],[32.95377,38.88455],[32.98139,38.84558]]}},{"type":"Feature","properties":{"id":"ME_TRCS195","name":null,"slip_type":"Dextral-Normal","catalog_name":"EMME","catalog_id":"ME_TRCS195","average_dip":"(70.0,70.0,70.0)","dip_dir":null,"net_slip_rate":"(1.6,0.0001,3.1832)"},"geometry":{"type":"LineString","coordinates":[[30.8427,39.70761],[30.94843,39.67642],[31.05583,39.64892],[31.16896,39.65132],[31.28212,39.65049],[31.39525,39.64836],[31.50054,39.61649],[31.60928,39.59254],[31.6636,39.51613],[31.76372,39.47584],[31.83982,39.41151],[31.93615,39.36624],[31.98364,39.30913],[32.03114,39.25201]]}},{"type":"Feature","properties":{"id":"ME_TRCS196","name":null,"slip_type":"Dextral-Normal","catalog_name":"EMME","catalog_id":"ME_TRCS196","average_dip":"(70.0,70.0,70.0)","dip_dir":null,"net_slip_rate":"(1.6,0.0001,3.1832)"},"geometry":{"type":"LineString","coordinates":[[30.92492,39.62242],[30.98233,39.60439],[31.03975,39.58636],[31.09713,39.56834],[31.15452,39.55032],[31.21188,39.53231],[31.26924,39.5143],[31.32663,39.4964],[31.38403,39.4785],[31.44124,39.46034],[31.49846,39.44218],[31.55032,39.41616],[31.60218,39.39015],[31.65401,39.36415],[31.70583,39.33814],[31.75146,39.31526],[31.79708,39.29237]]}},{"type":"Feature","properties":{"id":"ME_TRCS197","name":null,"slip_type":"Dextral-Normal","catalog_name":"EMME","catalog_id":"ME_TRCS197","average_dip":"(65.0,60.0,70.0)","dip_dir":null,"net_slip_rate":"(1.6,0.0001,3.1832)"},"geometry":{"type":"LineString","coordinates":[[30.73785,39.8636],[30.77592,39.87793],[30.81399,39.89226],[30.85206,39.90658],[30.89238,39.91671],[30.93269,39.92684],[30.97301,39.93697],[31.01323,39.92663],[31.05345,39.91629],[31.09368,39.90595],[31.13294,39.89586],[31.1722,39.88576],[31.21147,39.87567]]}},{"type":"Feature","properties":{"id":"ME_TRCS198","name":null,"slip_type":"Dextral-Normal","catalog_name":"EMME","catalog_id":"ME_TRCS198","average_dip":"(56.0,56.0,56.0)","dip_dir":null,"net_slip_rate":"(1.6,0.0001,3.2334)"},"geometry":{"type":"LineString","coordinates":[[30.34022,39.8507],[30.38383,39.85934],[30.42744,39.86798],[30.47105,39.87661],[30.51478,39.86835],[30.55852,39.86009],[30.60225,39.85183],[30.64392,39.84032],[30.68559,39.82882],[30.72726,39.81731]]}},{"type":"Feature","properties":{"id":"ME_TRCS199","name":null,"slip_type":"Dextral-Normal","catalog_name":"EMME","catalog_id":"ME_TRCS199","average_dip":"(70.0,70.0,70.0)","dip_dir":null,"net_slip_rate":"(1.6,0.0001,3.1832)"},"geometry":{"type":"LineString","coordinates":[[30.22487,39.80756],[30.27391,39.79238],[30.32295,39.7772],[30.37197,39.76203],[30.42099,39.74685],[30.47287,39.7392],[30.52475,39.73156],[30.57361,39.71615],[30.62247,39.70074],[30.66748,39.68452],[30.71249,39.6683]]}},{"type":"Feature","properties":{"id":"ME_TRCS200","name":null,"slip_type":"Dextral-Normal","catalog_name":"EMME","catalog_id":"ME_TRCS200","average_dip":"(70.0,70.0,70.0)","dip_dir":null,"net_slip_rate":"(1.6,0.0001,3.1832)"},"geometry":{"type":"LineString","coordinates":[[30.30345,39.86024],[30.24947,39.86971],[30.1955,39.87917],[30.14151,39.88863],[30.08752,39.8981],[30.03351,39.90757],[29.9795,39.91704]]}},{"type":"Feature","properties":{"id":"ME_TRCS202","name":null,"slip_type":"Dextral-Normal","catalog_name":"EMME","catalog_id":"ME_TRCS202","average_dip":"(72.5,70.0,75.0)","dip_dir":null,"net_slip_rate":"(1.6,0.0001,3.1736)"},"geometry":{"type":"LineString","coordinates":[[29.21728,40.16646],[29.27027,40.15013],[29.32326,40.13379],[29.37042,40.10917],[29.41757,40.08454],[29.46019,40.05551],[29.50281,40.02648],[29.5523,40.00479],[29.60178,39.9831],[29.64897,39.95863],[29.69616,39.93416],[29.74967,39.91922],[29.80317,39.90427],[29.8591,39.89612],[29.91502,39.88797],[29.96894,39.87403],[30.02287,39.86008],[30.06152,39.85431]]}},{"type":"Feature","properties":{"id":"ME_TRCS203","name":null,"slip_type":"Normal","catalog_name":"EMME","catalog_id":"ME_TRCS203","average_dip":"(40.0,40.0,40.0)","dip_dir":null,"net_slip_rate":"None"},"geometry":{"type":"LineString","coordinates":[[31.37542,38.39035],[31.44373,38.32277],[31.51202,38.25522],[31.58028,38.18769],[31.66025,38.12868],[31.7454,38.0744],[31.83051,38.02014],[31.91559,37.96591],[32.00063,37.9117],[32.08563,37.85752],[32.17059,37.80336],[32.2552,37.74943]]}},{"type":"Feature","properties":{"id":"ME_TRCS204","name":null,"slip_type":"Normal","catalog_name":"EMME","catalog_id":"ME_TRCS204","average_dip":"(40.0,40.0,40.0)","dip_dir":null,"net_slip_rate":"None"},"geometry":{"type":"LineString","coordinates":[[31.07396,38.58699],[31.11144,38.57248],[31.14893,38.55797],[31.18642,38.54346],[31.21715,38.5213],[31.24788,38.49913],[31.27861,38.47697],[31.30801,38.45401],[31.33742,38.43104],[31.36682,38.40808]]}},{"type":"Feature","properties":{"id":"ME_TRCS205","name":null,"slip_type":"Sinistral-Normal","catalog_name":"EMME","catalog_id":"ME_TRCS205","average_dip":"(54.0,54.0,54.0)","dip_dir":null,"net_slip_rate":"None"},"geometry":{"type":"LineString","coordinates":[[30.80032,38.60912],[30.84582,38.6052],[30.89132,38.60128],[30.93683,38.59736],[30.98232,38.59344],[31.05162,38.58738]]}},{"type":"Feature","properties":{"id":"ME_TRCS206","name":null,"slip_type":"Dextral-Normal","catalog_name":"EMME","catalog_id":"ME_TRCS206","average_dip":"(80.0,70.0,90.0)","dip_dir":null,"net_slip_rate":"None"},"geometry":{"type":"LineString","coordinates":[[29.821,38.80083],[29.87052,38.78357],[29.92003,38.76632],[29.96953,38.74907],[30.01903,38.73182],[30.07311,38.72901],[30.12719,38.7262],[30.18111,38.722],[30.23504,38.7178],[30.28467,38.71393],[30.3343,38.71007]]}},{"type":"Feature","properties":{"id":"ME_TRCS207","name":null,"slip_type":"Dextral-Normal","catalog_name":"EMME","catalog_id":"ME_TRCS207","average_dip":"(80.0,70.0,90.0)","dip_dir":null,"net_slip_rate":"None"},"geometry":{"type":"LineString","coordinates":[[29.47981,38.92125],[29.52124,38.89041],[29.56267,38.85958],[29.61235,38.83738],[29.66204,38.81518],[29.71607,38.80087],[29.77011,38.78657]]}},{"type":"Feature","properties":{"id":"ME_TRCS208","name":null,"slip_type":"Normal","catalog_name":"EMME","catalog_id":"ME_TRCS208","average_dip":"(52.0,52.0,52.0)","dip_dir":null,"net_slip_rate":"None"},"geometry":{"type":"LineString","coordinates":[[28.91111,39.10188],[28.96371,39.08213],[29.01632,39.06238],[29.0689,39.04264],[29.12148,39.0229],[29.17404,39.00317],[29.22659,38.98343],[29.27913,38.96371],[29.33166,38.94398],[29.38993,38.94219],[29.44821,38.9404],[29.50353,38.95476],[29.55886,38.96912],[29.60991,38.98237],[29.66097,38.99562]]}},{"type":"Feature","properties":{"id":"ME_TRCS209","name":null,"slip_type":"Normal","catalog_name":"EMME","catalog_id":"ME_TRCS209","average_dip":"(56.0,56.0,56.0)","dip_dir":null,"net_slip_rate":"None"},"geometry":{"type":"LineString","coordinates":[[28.90582,39.10894],[28.86542,39.11558],[28.82502,39.12222],[28.78461,39.12886],[28.7442,39.1355],[28.70378,39.14214],[28.66337,39.14878],[28.62295,39.15542],[28.58252,39.16206],[28.5421,39.16871],[28.50166,39.17535],[28.46122,39.182],[28.42079,39.18864]]}},{"type":"Feature","properties":{"id":"ME_TRCS210","name":null,"slip_type":"Normal","catalog_name":"EMME","catalog_id":"ME_TRCS210","average_dip":"(50.0,50.0,50.0)","dip_dir":null,"net_slip_rate":"(5.0,4.9605,5.0246)"},"geometry":{"type":"LineString","coordinates":[[28.33259,39.14657],[28.28109,39.16622],[28.22959,39.18588],[28.17807,39.20555],[28.12655,39.22521],[28.075,39.24489],[28.02345,39.26456]]}},{"type":"Feature","properties":{"id":"ME_TRCS211","name":null,"slip_type":"Normal","catalog_name":"EMME","catalog_id":"ME_TRCS211","average_dip":"(50.0,50.0,50.0)","dip_dir":null,"net_slip_rate":"(0.7,0.0001,1.3054)"},"geometry":{"type":"LineString","coordinates":[[31.69412,38.56779],[31.67364,38.53509],[31.65315,38.50239],[31.63266,38.46969],[31.61626,38.4266],[31.59987,38.38352]]}},{"type":"Feature","properties":{"id":"ME_TRCS212","name":null,"slip_type":"Normal","catalog_name":"EMME","catalog_id":"ME_TRCS212","average_dip":"(50.0,50.0,50.0)","dip_dir":null,"net_slip_rate":"(0.7,0.0001,1.3092)"},"geometry":{"type":"LineString","coordinates":[[31.40086,38.59419],[31.463,38.61064],[31.51049,38.63209],[31.55017,38.65333],[31.59326,38.67503],[31.62374,38.70316]]}},{"type":"Feature","properties":{"id":"ME_TRCS213","name":null,"slip_type":"Normal","catalog_name":"EMME","catalog_id":"ME_TRCS213","average_dip":"(50.0,50.0,50.0)","dip_dir":null,"net_slip_rate":"(0.7,0.0001,1.3054)"},"geometry":{"type":"LineString","coordinates":[[31.48407,38.96075],[31.47258,38.91892],[31.46109,38.87709],[31.44961,38.83527],[31.43812,38.79345],[31.41302,38.75542],[31.38791,38.71739],[31.37578,38.70303],[31.32156,38.6343]]}},{"type":"Feature","properties":{"id":"ME_TRCS214","name":null,"slip_type":"Sinistral","catalog_name":"EMME","catalog_id":"ME_TRCS214","average_dip":"(70.0,70.0,70.0)","dip_dir":null,"net_slip_rate":"(2.1,1.0,3.1832)"},"geometry":{"type":"LineString","coordinates":[[43.78533,38.09177],[43.81737,38.12758],[43.8494,38.1634],[43.88145,38.19923],[43.9135,38.23505],[43.92675,38.27759],[43.94,38.32014],[43.93834,38.3616],[43.93669,38.40307]]}},{"type":"Feature","properties":{"id":"ME_TRCS215","name":null,"slip_type":"Normal","catalog_name":"EMME","catalog_id":"ME_TRCS215","average_dip":"(50.0,50.0,50.0)","dip_dir":null,"net_slip_rate":"(0.7,0.0001,1.3054)"},"geometry":{"type":"LineString","coordinates":[[31.34475,38.8676],[31.32246,38.84273],[31.30017,38.81787],[31.27788,38.793],[31.2556,38.76814],[31.23332,38.74329],[31.21104,38.71843]]}},{"type":"Feature","properties":{"id":"ME_TRCS216","name":null,"slip_type":"Normal","catalog_name":"EMME","catalog_id":"ME_TRCS216","average_dip":"(50.0,50.0,50.0)","dip_dir":null,"net_slip_rate":"(0.7,0.0001,1.3092)"},"geometry":{"type":"LineString","coordinates":[[31.03033,38.86914],[31.05334,38.83795],[31.07635,38.80676],[31.09937,38.77556],[31.13659,38.75652],[31.17381,38.73747],[31.21104,38.71843]]}},{"type":"Feature","properties":{"id":"ME_TRCS217","name":null,"slip_type":"Normal","catalog_name":"EMME","catalog_id":"ME_TRCS217","average_dip":"(50.0,50.0,50.0)","dip_dir":null,"net_slip_rate":"(0.7,0.0001,1.3054)"},"geometry":{"type":"LineString","coordinates":[[30.98967,38.69791],[31.00187,38.74008],[31.01406,38.78226],[30.99177,38.82185],[30.96948,38.86144],[30.94656,38.90082],[30.92363,38.9402],[30.91452,38.97859],[30.90542,39.01697]]}},{"type":"Feature","properties":{"id":"ME_TRCS223","name":null,"slip_type":"Dextral-Normal","catalog_name":"EMME","catalog_id":"ME_TRCS223","average_dip":"(50.0,50.0,50.0)","dip_dir":null,"net_slip_rate":"None"},"geometry":{"type":"LineString","coordinates":[[30.63567,38.65865],[30.59664,38.68272],[30.55762,38.70679],[30.52164,38.73362],[30.48566,38.76044],[30.45256,38.78927],[30.41946,38.81809]]}},{"type":"Feature","properties":{"id":"ME_TRCS226","name":null,"slip_type":"Dextral-Normal","catalog_name":"EMME","catalog_id":"ME_TRCS226","average_dip":"(50.0,50.0,50.0)","dip_dir":null,"net_slip_rate":"(0.7,0.0001,1.3979)"},"geometry":{"type":"LineString","coordinates":[[30.04063,38.93812],[30.07588,38.92031],[30.11113,38.90251],[30.14638,38.8847],[30.18161,38.8669],[30.21684,38.84911],[30.25207,38.83131],[30.30218,38.82464],[30.3523,38.81796]]}},{"type":"Feature","properties":{"id":"ME_TRCS231","name":null,"slip_type":"Dextral-Normal","catalog_name":"EMME","catalog_id":"ME_TRCS231","average_dip":"(40.0,40.0,40.0)","dip_dir":null,"net_slip_rate":"(0.8,0.0001,1.5589)"},"geometry":{"type":"LineString","coordinates":[[28.35161,39.25208],[28.30475,39.26613],[28.25788,39.28019],[28.211,39.29424],[28.16412,39.3083],[28.11723,39.32236],[28.07033,39.33642]]}},{"type":"Feature","properties":{"id":"ME_TRCS232","name":null,"slip_type":"Dextral-Normal","catalog_name":"EMME","catalog_id":"ME_TRCS232","average_dip":"(70.0,70.0,70.0)","dip_dir":null,"net_slip_rate":"(1.6,0.0001,3.1832)"},"geometry":{"type":"LineString","coordinates":[[27.67261,38.78422],[27.7539,38.85258],[27.83522,38.92097],[27.82326,39.0137],[27.89199,39.09009],[27.95791,39.168],[27.99012,39.25779],[28.05235,39.33757],[28.10031,39.42307],[28.15755,39.50512],[28.162,39.59824]]}},{"type":"Feature","properties":{"id":"ME_TRCS233","name":null,"slip_type":"Dextral","catalog_name":"EMME","catalog_id":"ME_TRCS233","average_dip":"(70.0,70.0,70.0)","dip_dir":null,"net_slip_rate":"(2.0,2.0,2.0)"},"geometry":{"type":"LineString","coordinates":[[28.37486,39.81843],[28.3253,39.79108],[28.27574,39.76373],[28.2262,39.7364],[28.17666,39.70906],[28.12715,39.68174],[28.07764,39.65442],[28.02815,39.62712],[27.97866,39.59981],[27.9292,39.57252],[27.87974,39.54523],[27.83031,39.51795],[27.78088,39.49067],[27.73145,39.4634],[27.68203,39.43613]]}},{"type":"Feature","properties":{"id":"ME_TRCS234","name":null,"slip_type":"Dextral","catalog_name":"EMME","catalog_id":"ME_TRCS234","average_dip":"(70.0,70.0,70.0)","dip_dir":null,"net_slip_rate":"(2.1,2.0,2.2655)"},"geometry":{"type":"LineString","coordinates":[[27.54311,39.61684],[27.59714,39.61818],[27.65117,39.61952],[27.70521,39.62086],[27.75924,39.6222],[27.81328,39.62354],[27.86732,39.62488]]}},{"type":"Feature","properties":{"id":"ME_TRCS235","name":null,"slip_type":"Sinistral-Normal","catalog_name":"EMME","catalog_id":"ME_TRCS235","average_dip":"(40.0,40.0,40.0)","dip_dir":null,"net_slip_rate":"(0.8,0.0001,1.5844)"},"geometry":{"type":"LineString","coordinates":[[32.89682,38.55922],[32.84621,38.48116],[32.79561,38.40311],[32.74502,38.32508],[32.69444,38.24707],[32.64388,38.16908],[32.59332,38.0911],[32.51369,38.03002],[32.45594,37.95526],[32.3982,37.88051],[32.34049,37.80579]]}},{"type":"Feature","properties":{"id":"ME_TRCS236","name":null,"slip_type":"Sinistral-Normal","catalog_name":"EMME","catalog_id":"ME_TRCS236","average_dip":"(55.0,55.0,55.0)","dip_dir":null,"net_slip_rate":"(0.5,0.0001,1.0074)"},"geometry":{"type":"LineString","coordinates":[[33.51214,39.93559],[33.42885,39.87015],[33.40383,39.81481],[33.36245,39.73189],[33.33341,39.63949],[33.29114,39.55309],[33.24931,39.46659],[33.20749,39.38009],[33.16539,39.2937],[33.13269,39.20491],[33.10592,39.11494],[33.09721,39.02285],[33.08911,38.93714]]}},{"type":"Feature","properties":{"id":"ME_TRCS237","name":null,"slip_type":"Sinistral","catalog_name":"EMME","catalog_id":"ME_TRCS237","average_dip":"(60.0,60.0,60.0)","dip_dir":null,"net_slip_rate":"(0.5,0.0001,1.0)"},"geometry":{"type":"LineString","coordinates":[[32.7162,39.1843],[32.71844,39.22962],[32.72068,39.27495],[32.72292,39.32028],[32.72516,39.3656],[32.7274,39.41093],[32.72964,39.45625],[32.73188,39.50158],[32.73412,39.5469],[32.73637,39.59223],[32.73861,39.63755],[32.74085,39.68288],[32.74309,39.72821],[32.74533,39.77354],[32.74757,39.81887]]}},{"type":"Feature","properties":{"id":"ME_TRCS238","name":null,"slip_type":"Sinistral-Normal","catalog_name":"EMME","catalog_id":"ME_TRCS238","average_dip":"(70.0,70.0,70.0)","dip_dir":null,"net_slip_rate":"(0.6,0.0001,1.1327)"},"geometry":{"type":"LineString","coordinates":[[32.37208,39.76584],[32.40428,39.80566],[32.43648,39.84549],[32.4687,39.88534],[32.50091,39.92518],[32.53313,39.96503],[32.56535,40.00489],[32.60255,40.04214],[32.63974,40.07939],[32.68609,40.11008],[32.73243,40.14078],[32.77879,40.17149],[32.82516,40.2022],[32.87109,40.23262],[32.91701,40.26304]]}},{"type":"Feature","properties":{"id":"ME_TRCS239","name":null,"slip_type":"Sinistral-Normal","catalog_name":"EMME","catalog_id":"ME_TRCS239","average_dip":"(70.0,70.0,70.0)","dip_dir":null,"net_slip_rate":"(0.6,0.0001,1.1327)"},"geometry":{"type":"LineString","coordinates":[[32.65965,40.26804],[32.6289,40.23143],[32.59815,40.19483],[32.56741,40.15823],[32.53667,40.12163],[32.50593,40.08505],[32.4752,40.04846],[32.44448,40.01189],[32.41376,39.97532],[32.38305,39.93876],[32.35233,39.90219],[32.32163,39.86565],[32.29093,39.8291],[32.26024,39.79256],[32.22954,39.75602],[32.19886,39.71949],[32.16817,39.68296],[32.13749,39.64644],[32.10681,39.60991]]}},{"type":"Feature","properties":{"id":"ME_TRCS240","name":null,"slip_type":"Sinistral","catalog_name":"EMME","catalog_id":"ME_TRCS240","average_dip":"(80.0,80.0,80.0)","dip_dir":null,"net_slip_rate":"(0.5,0.0001,1.0)"},"geometry":{"type":"LineString","coordinates":[[31.60871,40.06242],[31.71586,40.09184],[31.82306,40.12127],[31.93029,40.15071],[32.03757,40.18017],[32.14489,40.20963],[32.24898,40.24529],[32.34899,40.28731],[32.44904,40.32935],[32.54913,40.37141],[32.63373,40.43004],[32.71194,40.49366],[32.78921,40.55653]]}},{"type":"Feature","properties":{"id":"ME_TRCS241","name":null,"slip_type":"Sinistral-Normal","catalog_name":"EMME","catalog_id":"ME_TRCS241","average_dip":"(70.0,70.0,70.0)","dip_dir":null,"net_slip_rate":"(0.6,0.0001,1.1327)"},"geometry":{"type":"LineString","coordinates":[[32.49492,40.38273],[32.43758,40.38572],[32.38023,40.38871],[32.32288,40.39169],[32.26553,40.39468]]}},{"type":"Feature","properties":{"id":"ME_TRCS243","name":null,"slip_type":"Dextral","catalog_name":"EMME","catalog_id":"ME_TRCS243","average_dip":"(87.0,84.0,90.0)","dip_dir":null,"net_slip_rate":"(1.5,1.0,2.0101)"},"geometry":{"type":"LineString","coordinates":[[32.50433,39.4151],[32.49217,39.44382],[32.48,39.47255],[32.46784,39.50128],[32.45259,39.52911],[32.43733,39.55695],[32.42208,39.58479],[32.40726,39.61277],[32.39245,39.64076],[32.37763,39.66874],[32.36473,39.69729],[32.35183,39.72583],[32.33893,39.75438],[32.32686,39.79271],[32.31478,39.83104]]}},{"type":"Feature","properties":{"id":"ME_TRCS244","name":null,"slip_type":"Sinistral","catalog_name":"EMME","catalog_id":"ME_TRCS244","average_dip":"(77.0,77.0,77.0)","dip_dir":null,"net_slip_rate":"(0.5,0.0001,1.0)"},"geometry":{"type":"LineString","coordinates":[[33.10191,40.26804],[33.08786,40.23879],[33.07382,40.20953],[33.05977,40.18028],[33.04572,40.15103],[33.03168,40.12178],[33.01763,40.09253],[33.00359,40.06328],[32.98954,40.03404],[32.9755,40.00479]]}},{"type":"Feature","properties":{"id":"ME_TRCS245","name":null,"slip_type":"Sinistral-Normal","catalog_name":"EMME","catalog_id":"ME_TRCS245","average_dip":"(70.0,70.0,70.0)","dip_dir":null,"net_slip_rate":"(0.6,0.0001,1.1327)"},"geometry":{"type":"LineString","coordinates":[[33.37186,39.92472],[33.39714,39.94989],[33.42242,39.97506],[33.42128,40.00292],[33.43673,40.03086],[33.42576,40.06149],[33.41479,40.09212],[33.40903,40.12357],[33.40328,40.15503],[33.39753,40.18649],[33.40549,40.21766],[33.41346,40.24883],[33.42143,40.28001],[33.43031,40.31476],[33.43919,40.3495]]}},{"type":"Feature","properties":{"id":"ME_TRCS246","name":null,"slip_type":"Sinistral-Normal","catalog_name":"EMME","catalog_id":"ME_TRCS246","average_dip":"(70.0,70.0,70.0)","dip_dir":null,"net_slip_rate":"(0.6,0.0001,1.1327)"},"geometry":{"type":"LineString","coordinates":[[33.55899,39.96376],[33.63508,40.08709],[33.68124,40.12002],[33.72742,40.15298],[33.77359,40.18593],[33.81979,40.21891],[33.866,40.25188],[33.91222,40.28487],[33.95845,40.31786],[33.98928,40.33986],[34.02011,40.36187],[34.05095,40.38387]]}},{"type":"Feature","properties":{"id":"ME_TRCS247","name":null,"slip_type":"Dextral","catalog_name":"EMME","catalog_id":"ME_TRCS247","average_dip":"(87.0,87.0,87.0)","dip_dir":null,"net_slip_rate":"(0.9,0.25,1.5)"},"geometry":{"type":"LineString","coordinates":[[34.94794,38.9313],[34.84087,38.96524],[34.73375,38.99919],[34.62659,39.03316],[34.51939,39.06714],[34.41741,39.10981],[34.33324,39.17164],[34.25417,39.23746],[34.17506,39.3033],[34.09592,39.36918],[34.00773,39.42784],[33.91243,39.47952],[33.81709,39.53124],[33.71801,39.57868],[33.63613,39.64276],[33.55794,39.70957],[33.48162,39.77479]]}},{"type":"Feature","properties":{"id":"ME_TRCS250","name":null,"slip_type":"Sinistral-Normal","catalog_name":"EMME","catalog_id":"ME_TRCS250","average_dip":"(70.0,70.0,70.0)","dip_dir":null,"net_slip_rate":"(0.5,0.0001,1.0056)"},"geometry":{"type":"LineString","coordinates":[[33.33702,39.50919],[33.35204,39.54945],[33.36707,39.58972],[33.3821,39.62999],[33.39713,39.67027],[33.41216,39.71054],[33.4272,39.75082]]}},{"type":"Feature","properties":{"id":"ME_TRCS252","name":null,"slip_type":"Sinistral","catalog_name":"EMME","catalog_id":"ME_TRCS252","average_dip":"(87.0,87.0,87.0)","dip_dir":null,"net_slip_rate":"(0.5,0.0001,1.0)"},"geometry":{"type":"LineString","coordinates":[[33.14895,39.4299],[33.17946,39.45106],[33.19587,39.48991],[33.21229,39.52875],[33.22871,39.5676],[33.24513,39.60646],[33.26155,39.64531]]}},{"type":"Feature","properties":{"id":"ME_TRCS253","name":null,"slip_type":"Sinistral-Normal","catalog_name":"EMME","catalog_id":"ME_TRCS253","average_dip":"(87.0,87.0,87.0)","dip_dir":null,"net_slip_rate":"(0.5,0.0001,1.005)"},"geometry":{"type":"LineString","coordinates":[[33.06593,39.53777],[33.09812,39.57341],[33.13032,39.60906],[33.16252,39.64471],[33.19473,39.68037],[33.22681,39.7161],[33.2589,39.75184],[33.26979,39.79445],[33.28068,39.83707],[33.29049,39.87981],[33.30031,39.92255]]}},{"type":"Feature","properties":{"id":"ME_TRCS254","name":null,"slip_type":"Sinistral","catalog_name":"EMME","catalog_id":"ME_TRCS254","average_dip":"(80.0,80.0,80.0)","dip_dir":null,"net_slip_rate":"(0.5,0.0001,1.0)"},"geometry":{"type":"LineString","coordinates":[[32.76954,39.94935],[32.73123,39.93305],[32.69292,39.91675],[32.65461,39.90045],[32.61633,39.88415],[32.57804,39.86786],[32.53975,39.85157]]}},{"type":"Feature","properties":{"id":"ME_TRCS255","name":null,"slip_type":"Normal","catalog_name":"EMME","catalog_id":"ME_TRCS255","average_dip":"(50.0,50.0,50.0)","dip_dir":null,"net_slip_rate":"(1.3,0.0001,2.6108)"},"geometry":{"type":"LineString","coordinates":[[31.07942,38.46824],[31.1211,38.4353],[31.15863,38.34954],[31.21992,38.27728],[31.30724,38.21229],[31.36329,38.16105],[31.4281,38.11466],[31.46149,38.03168],[31.48623,37.95986],[31.55409,37.89155],[31.62194,37.82325],[31.68976,37.75498],[31.7302,37.71426]]}},{"type":"Feature","properties":{"id":"ME_TRCS256","name":null,"slip_type":"Normal","catalog_name":"EMME","catalog_id":"ME_TRCS256","average_dip":"(50.0,50.0,50.0)","dip_dir":null,"net_slip_rate":"(1.3,0.0001,2.6108)"},"geometry":{"type":"LineString","coordinates":[[31.14544,38.09363],[31.16894,38.06808],[31.19244,38.04252],[31.21594,38.01697],[31.23943,37.99143],[31.26292,37.96589],[31.28641,37.94034],[31.30989,37.91481],[31.33337,37.88927],[31.35685,37.86374],[31.37715,37.83657],[31.39745,37.80941],[31.41775,37.78224],[31.44971,37.72496],[31.45701,37.65929]]}},{"type":"Feature","properties":{"id":"ME_TRCS257","name":null,"slip_type":"Normal","catalog_name":"EMME","catalog_id":"ME_TRCS257","average_dip":"(50.0,50.0,50.0)","dip_dir":null,"net_slip_rate":"(1.3,0.0001,2.6108)"},"geometry":{"type":"LineString","coordinates":[[31.81459,37.69614],[31.78414,37.67516],[31.74661,37.66344],[31.70907,37.65172],[31.67154,37.64001],[31.6335,37.63075],[31.59547,37.6215],[31.55743,37.61224]]}},{"type":"Feature","properties":{"id":"ME_TRCS258","name":null,"slip_type":"Dextral","catalog_name":"EMME","catalog_id":"ME_TRCS258","average_dip":"(85.0,80.0,90.0)","dip_dir":null,"net_slip_rate":"(1.0,0.0001,2.0)"},"geometry":{"type":"LineString","coordinates":[[32.82512,36.66978],[32.73539,36.72502],[32.64562,36.78029],[32.55581,36.83557],[32.46596,36.89089],[32.37948,36.94959],[32.3128,37.02302],[32.2461,37.09646],[32.17937,37.16993],[32.10232,37.23672],[32.00504,37.28397],[31.92154,37.34576],[31.83798,37.40756],[31.76471,37.47715],[31.70588,37.55493],[31.68165,37.58696]]}},{"type":"Feature","properties":{"id":"ME_TRCS260","name":null,"slip_type":"Normal","catalog_name":"EMME","catalog_id":"ME_TRCS260","average_dip":"(50.0,50.0,50.0)","dip_dir":null,"net_slip_rate":"(0.7,0.0001,1.3054)"},"geometry":{"type":"LineString","coordinates":[[31.28569,37.00534],[31.28256,37.05066],[31.27943,37.09599],[31.28592,37.14109],[31.2924,37.18618],[31.28727,37.23139],[31.28214,37.2766],[31.28709,37.32183],[31.29203,37.36705],[31.28357,37.41195],[31.27512,37.45684],[31.26283,37.50117],[31.25055,37.54551],[31.24289,37.59049],[31.23524,37.63548],[31.2298,37.66746]]}},{"type":"Feature","properties":{"id":"ME_TRCS261","name":null,"slip_type":"Normal","catalog_name":"EMME","catalog_id":"ME_TRCS261","average_dip":"(50.0,50.0,50.0)","dip_dir":null,"net_slip_rate":"(0.7,0.0001,1.3054)"},"geometry":{"type":"LineString","coordinates":[[30.98541,38.01925],[31.00064,37.9866],[31.01587,37.95395],[31.0311,37.9213],[31.05464,37.8919],[31.07817,37.86249],[31.10171,37.83308],[31.12383,37.80544],[31.14595,37.77779],[31.16806,37.75015]]}},{"type":"Feature","properties":{"id":"ME_TRCS263","name":null,"slip_type":"Normal","catalog_name":"EMME","catalog_id":"ME_TRCS263","average_dip":"(50.0,50.0,50.0)","dip_dir":null,"net_slip_rate":"(1.5,1.0,2.0)"},"geometry":{"type":"LineString","coordinates":[[30.63467,36.91376],[30.60846,36.94219],[30.58738,36.96043],[30.56903,36.98046],[30.54546,37.01238],[30.54291,37.04642],[30.55182,37.07904],[30.55984,37.10745],[30.57526,37.14706],[30.59732,37.18436],[30.59915,37.18745],[30.6215,37.22523]]}},{"type":"Feature","properties":{"id":"ME_TRCS265","name":null,"slip_type":"Sinistral-Normal","catalog_name":"EMME","catalog_id":"ME_TRCS265","average_dip":"(50.0,50.0,50.0)","dip_dir":null,"net_slip_rate":"(1.5,1.0,2.0)"},"geometry":{"type":"LineString","coordinates":[[30.13385,36.48671],[30.16386,36.51848],[30.19387,36.55024],[30.22389,36.58201],[30.25391,36.61378],[30.28394,36.64557],[30.31397,36.67735]]}},{"type":"Feature","properties":{"id":"ME_TRCS266","name":null,"slip_type":"Normal","catalog_name":"EMME","catalog_id":"ME_TRCS266","average_dip":"(50.0,50.0,50.0)","dip_dir":null,"net_slip_rate":"(1.5,1.0,2.0)"},"geometry":{"type":"LineString","coordinates":[[30.2586,36.76863],[30.24289,36.80845],[30.22717,36.84827],[30.23811,36.8891],[30.24905,36.92994],[30.27634,36.96555],[30.30362,37.00117],[30.33447,37.0349],[30.36531,37.06863],[30.37604,37.1095],[30.38676,37.15038],[30.39382,37.19176],[30.40089,37.23314],[30.40607,37.26351],[30.41126,37.29389]]}},{"type":"Feature","properties":{"id":"ME_TRCS268","name":null,"slip_type":"Normal","catalog_name":"EMME","catalog_id":"ME_TRCS268","average_dip":"(50.0,50.0,50.0)","dip_dir":null,"net_slip_rate":"(7.4,5.2216,9.6177)"},"geometry":{"type":"LineString","coordinates":[[29.36274,37.40717],[29.34462,37.36827],[29.3265,37.32938],[29.30219,37.29269],[29.27787,37.256],[29.24387,37.22457],[29.20987,37.19315],[29.17639,37.1622],[29.14291,37.13125]]}},{"type":"Feature","properties":{"id":"ME_TRCS269","name":null,"slip_type":"Normal","catalog_name":"EMME","catalog_id":"ME_TRCS269","average_dip":"(50.0,50.0,50.0)","dip_dir":null,"net_slip_rate":"(7.9,5.2216,10.633)"},"geometry":{"type":"LineString","coordinates":[[29.26995,37.62829],[29.28008,37.58733],[29.29021,37.54637],[29.29201,37.50465],[29.29381,37.46293],[29.32949,37.43783],[29.36516,37.41273]]}},{"type":"Feature","properties":{"id":"ME_TRCS271","name":null,"slip_type":"Normal","catalog_name":"EMME","catalog_id":"ME_TRCS271","average_dip":"(50.0,50.0,50.0)","dip_dir":null,"net_slip_rate":"(7.4,5.2216,9.6177)"},"geometry":{"type":"LineString","coordinates":[[28.83406,37.36478],[28.86503,37.38558],[28.89599,37.40637],[28.92696,37.42716],[28.96081,37.44492],[28.99465,37.46269],[29.0285,37.48045],[29.04458,37.51003],[29.06066,37.53961],[29.07673,37.56918],[29.11089,37.59103],[29.14505,37.61288]]}},{"type":"Feature","properties":{"id":"ME_TRCS273","name":null,"slip_type":"Normal","catalog_name":"EMME","catalog_id":"ME_TRCS273","average_dip":"(50.0,50.0,50.0)","dip_dir":null,"net_slip_rate":"(7.4,5.2216,9.6177)"},"geometry":{"type":"LineString","coordinates":[[29.27754,36.96533],[29.30828,36.99874],[29.33902,37.03214],[29.37797,37.05959],[29.41691,37.08703],[29.42759,37.11486],[29.43827,37.1427]]}},{"type":"Feature","properties":{"id":"ME_TRCS274","name":null,"slip_type":"Normal","catalog_name":"EMME","catalog_id":"ME_TRCS274","average_dip":"(50.0,50.0,50.0)","dip_dir":null,"net_slip_rate":"(7.3,5.2216,9.3542)"},"geometry":{"type":"LineString","coordinates":[[29.58586,37.08534],[29.54506,37.06503],[29.50426,37.04471],[29.46348,37.0244],[29.42269,37.00409]]}},{"type":"Feature","properties":{"id":"ME_TRCS275","name":null,"slip_type":"Normal","catalog_name":"EMME","catalog_id":"ME_TRCS275","average_dip":"(50.0,50.0,50.0)","dip_dir":null,"net_slip_rate":"(5.5,4.0,7.0)"},"geometry":{"type":"LineString","coordinates":[[29.68784,37.18343],[29.72408,37.19331],[29.76032,37.2032],[29.79657,37.21308],[29.83035,37.1987],[29.86413,37.18432],[29.89792,37.16995],[29.93089,37.14147],[29.96386,37.11299]]}},{"type":"Feature","properties":{"id":"ME_TRCS277","name":null,"slip_type":"Normal","catalog_name":"EMME","catalog_id":"ME_TRCS277","average_dip":"(50.0,50.0,50.0)","dip_dir":null,"net_slip_rate":"(3.9,2.6108,5.2216)"},"geometry":{"type":"LineString","coordinates":[[29.75636,38.37116],[29.74332,38.40149],[29.73027,38.43183],[29.71723,38.46216],[29.72328,38.49382],[29.72932,38.52548],[29.73536,38.55713],[29.74386,38.58845],[29.75236,38.61976],[29.76086,38.65107],[29.79043,38.67189],[29.82,38.69271],[29.84957,38.71353]]}},{"type":"Feature","properties":{"id":"ME_TRCS278","name":null,"slip_type":"Normal","catalog_name":"EMME","catalog_id":"ME_TRCS278","average_dip":"(50.0,50.0,50.0)","dip_dir":null,"net_slip_rate":"(2.6,0.0001,5.2216)"},"geometry":{"type":"LineString","coordinates":[[29.92923,38.63911],[29.93268,38.5993],[29.93613,38.5595],[29.91549,38.52302],[29.89484,38.48654],[29.86445,38.45453],[29.83407,38.42251],[29.8157,38.39287],[29.79733,38.36324]]}},{"type":"Feature","properties":{"id":"ME_TRCS280","name":null,"slip_type":"Normal","catalog_name":"EMME","catalog_id":"ME_TRCS280","average_dip":"(50.0,50.0,50.0)","dip_dir":null,"net_slip_rate":"(1.3,0.0001,2.6108)"},"geometry":{"type":"LineString","coordinates":[[29.25961,37.95004],[29.30554,37.9745],[29.35146,37.99896],[29.39301,38.0279],[29.43457,38.05684],[29.47641,38.08555],[29.51824,38.11426],[29.55507,38.14698],[29.59189,38.17969],[29.62298,38.21592],[29.65406,38.25214],[29.68855,38.28644],[29.72303,38.32073],[29.77574,38.32587],[29.82846,38.331]]}},{"type":"Feature","properties":{"id":"ME_TRCS281","name":null,"slip_type":"Normal","catalog_name":"EMME","catalog_id":"ME_TRCS281","average_dip":"(50.0,50.0,50.0)","dip_dir":null,"net_slip_rate":"(1.3,0.0001,2.6108)"},"geometry":{"type":"LineString","coordinates":[[30.76718,38.37537],[30.80265,38.38837],[30.83812,38.40136],[30.87359,38.41436],[30.90713,38.43158],[30.91815,38.45058],[30.91779,38.46889],[30.92753,38.49615],[30.94169,38.53724],[30.95585,38.57832]]}},{"type":"Feature","properties":{"id":"ME_TRCS282","name":null,"slip_type":"Dextral-Normal","catalog_name":"EMME","catalog_id":"ME_TRCS282","average_dip":"(50.0,50.0,50.0)","dip_dir":null,"net_slip_rate":"(1.3,0.0001,2.6583)"},"geometry":{"type":"LineString","coordinates":[[29.58963,36.15594],[29.62515,36.17045],[29.66068,36.18496],[29.69621,36.19947],[29.71378,36.22831],[29.73135,36.25716],[29.74892,36.286],[29.77907,36.30704],[29.80923,36.32807],[29.83938,36.34911],[29.87208,36.38204],[29.90477,36.41496]]}},{"type":"Feature","properties":{"id":"ME_TRCS284","name":null,"slip_type":"Normal","catalog_name":"EMME","catalog_id":"ME_TRCS284","average_dip":"(50.0,50.0,50.0)","dip_dir":null,"net_slip_rate":"(1.5,1.0,2.0)"},"geometry":{"type":"LineString","coordinates":[[30.48544,36.54272],[30.49522,36.58699],[30.505,36.63127],[30.50708,36.6762],[30.50915,36.72113],[30.51856,36.76343],[30.52796,36.80572]]}},{"type":"Feature","properties":{"id":"ME_TRCS285","name":null,"slip_type":"Normal","catalog_name":"EMME","catalog_id":"ME_TRCS285","average_dip":"(50.0,50.0,50.0)","dip_dir":null,"net_slip_rate":"(1.5,1.0,2.0)"},"geometry":{"type":"LineString","coordinates":[[30.61254,36.58987],[30.59326,36.55815],[30.57399,36.52643],[30.55471,36.49471],[30.53544,36.46299],[30.51616,36.43128],[30.49689,36.39957]]}},{"type":"Feature","properties":{"id":"ME_TRCS286","name":null,"slip_type":"Normal","catalog_name":"EMME","catalog_id":"ME_TRCS286","average_dip":"(50.0,50.0,50.0)","dip_dir":null,"net_slip_rate":"(1.5,1.0,2.0)"},"geometry":{"type":"LineString","coordinates":[[30.5494,36.33237],[30.51711,36.29895],[30.48482,36.26552],[30.45254,36.2321],[30.42025,36.19868]]}},{"type":"Feature","properties":{"id":"ME_TRCS287","name":null,"slip_type":"Dextral-Normal","catalog_name":"EMME","catalog_id":"ME_TRCS287","average_dip":"(50.0,50.0,50.0)","dip_dir":null,"net_slip_rate":"(0.7,0.0001,1.3394)"},"geometry":{"type":"LineString","coordinates":[[29.87916,36.47516],[29.84109,36.46208],[29.80303,36.449],[29.76496,36.43593],[29.73668,36.41163],[29.70839,36.38734],[29.68011,36.36305],[29.64854,36.34157],[29.61697,36.32008],[29.5854,36.2986],[29.54689,36.28926],[29.50839,36.27992],[29.46988,36.27058]]}},{"type":"Feature","properties":{"id":"ME_TRCS289","name":null,"slip_type":"Sinistral-Normal","catalog_name":"EMME","catalog_id":"ME_TRCS289","average_dip":"(60.0,60.0,60.0)","dip_dir":null,"net_slip_rate":"(1.3,0.0001,2.5166)"},"geometry":{"type":"LineString","coordinates":[[29.25002,36.39648],[29.26057,36.43778],[29.27113,36.47909],[29.30456,36.51158],[29.33799,36.54408],[29.34818,36.58544],[29.35837,36.62681],[29.35213,36.66868],[29.34588,36.71055],[29.31685,36.74572],[29.28781,36.78088],[29.25673,36.80178],[29.22565,36.82268]]}},{"type":"Feature","properties":{"id":"ME_TRCS290","name":null,"slip_type":"Sinistral-Normal","catalog_name":"EMME","catalog_id":"ME_TRCS290","average_dip":"(50.0,50.0,50.0)","dip_dir":null,"net_slip_rate":"(2.0,0.0001,3.9277)"},"geometry":{"type":"LineString","coordinates":[[30.58052,38.08299],[30.6333,38.08812],[30.68608,38.09325],[30.73787,38.1028],[30.78966,38.11234],[30.82453,38.14397],[30.85939,38.17559],[30.89014,38.20977],[30.9209,38.24394],[30.95444,38.27648],[30.98799,38.30902],[31.02666,38.33626],[31.06533,38.3635]]}},{"type":"Feature","properties":{"id":"ME_TRCS292","name":null,"slip_type":"Sinistral-Normal","catalog_name":"EMME","catalog_id":"ME_TRCS292","average_dip":"(50.0,50.0,50.0)","dip_dir":null,"net_slip_rate":"(0.7,0.0001,1.3206)"},"geometry":{"type":"LineString","coordinates":[[30.3958,38.03471],[30.41471,38.06392],[30.43362,38.09313],[30.45254,38.12234],[30.49378,38.12706],[30.53503,38.13177],[30.57627,38.13649],[30.61129,38.15428],[30.64632,38.17207],[30.68134,38.18987],[30.71433,38.20994],[30.74732,38.23002],[30.78031,38.2501],[30.82661,38.28291],[30.87291,38.31573]]}},{"type":"Feature","properties":{"id":"ME_TRCS293","name":null,"slip_type":"Normal","catalog_name":"EMME","catalog_id":"ME_TRCS293","average_dip":"(50.0,50.0,50.0)","dip_dir":null,"net_slip_rate":"(1.3,0.0001,2.6108)"},"geometry":{"type":"LineString","coordinates":[[29.08862,36.61874],[29.13385,36.61252],[29.17907,36.61337],[29.2243,36.61705],[29.26449,36.62172],[29.31349,36.63698]]}},{"type":"Feature","properties":{"id":"ME_TRCS294","name":null,"slip_type":"Normal","catalog_name":"EMME","catalog_id":"ME_TRCS294","average_dip":"(50.0,50.0,50.0)","dip_dir":null,"net_slip_rate":"(1.5,1.0,2.0)"},"geometry":{"type":"LineString","coordinates":[[30.17651,37.08199],[30.16987,37.12486],[30.16323,37.16773],[30.19604,37.20213],[30.22886,37.23653],[30.24369,37.27451],[30.25853,37.31249]]}},{"type":"Feature","properties":{"id":"ME_TRCS295","name":null,"slip_type":"Sinistral-Normal","catalog_name":"EMME","catalog_id":"ME_TRCS295","average_dip":"(50.0,50.0,50.0)","dip_dir":null,"net_slip_rate":"(2.0,0.0001,3.9277)"},"geometry":{"type":"LineString","coordinates":[[30.86774,37.83802],[30.84079,37.86085],[30.81383,37.88368],[30.78688,37.90651],[30.77155,37.93692],[30.77238,37.95549],[30.7756,37.9826],[30.79638,37.99982],[30.82434,38.03642],[30.85229,38.07301]]}},{"type":"Feature","properties":{"id":"ME_TRCS302","name":null,"slip_type":"Normal","catalog_name":"EMME","catalog_id":"ME_TRCS302","average_dip":"(50.0,50.0,50.0)","dip_dir":null,"net_slip_rate":"(3.9,2.6108,5.2216)"},"geometry":{"type":"LineString","coordinates":[[29.5913,37.90956],[29.5997,37.94061],[29.60809,37.97165],[29.61649,38.00269],[29.63979,38.02859],[29.66309,38.05449],[29.68639,38.08038],[29.71043,38.10587],[29.73447,38.13137],[29.7585,38.15686],[29.79291,38.17717],[29.82732,38.19748]]}},{"type":"Feature","properties":{"id":"ME_TRCS303","name":null,"slip_type":"Normal","catalog_name":"EMME","catalog_id":"ME_TRCS303","average_dip":"(50.0,50.0,50.0)","dip_dir":null,"net_slip_rate":"(2.0,0.1305,3.948)"},"geometry":{"type":"LineString","coordinates":[[29.52657,37.80195],[29.57355,37.82295],[29.62053,37.84395],[29.67395,37.83775],[29.72737,37.83155],[29.77286,37.85452],[29.81836,37.87749],[29.86239,37.90221],[29.90642,37.92694],[29.95264,37.94906],[29.99887,37.97118],[30.02884,37.99811],[30.05881,38.02504]]}},{"type":"Feature","properties":{"id":"ME_TRCS304","name":null,"slip_type":"Normal","catalog_name":"EMME","catalog_id":"ME_TRCS304","average_dip":"(55.0,50.0,60.0)","dip_dir":null,"net_slip_rate":"(3.7,0.1155,7.1971)"},"geometry":{"type":"LineString","coordinates":[[29.6449,37.68072],[29.68419,37.70906],[29.72348,37.73741],[29.77445,37.74948],[29.82542,37.76156],[29.86969,37.78491],[29.91397,37.80826],[29.96444,37.82169],[30.01491,37.83512],[30.05289,37.86462],[30.09088,37.89412],[30.09678,37.93594],[30.10267,37.97775],[30.11246,38.00147]]}},{"type":"Feature","properties":{"id":"ME_TRCS306","name":null,"slip_type":"Normal","catalog_name":"EMME","catalog_id":"ME_TRCS306","average_dip":"(50.0,50.0,50.0)","dip_dir":null,"net_slip_rate":"(0.7,0.0001,1.3054)"},"geometry":{"type":"LineString","coordinates":[[30.04675,38.12745],[29.995,38.12863],[29.94019,38.15506],[29.90321,38.17259],[29.86623,38.19012]]}},{"type":"Feature","properties":{"id":"ME_TRCS309","name":null,"slip_type":"Normal","catalog_name":"EMME","catalog_id":"ME_TRCS309","average_dip":"(50.0,50.0,50.0)","dip_dir":null,"net_slip_rate":"(4.3,1.3054,7.1971)"},"geometry":{"type":"LineString","coordinates":[[29.90348,37.56222],[29.9619,37.55177],[30.02032,37.54132],[30.06673,37.57135],[30.11313,37.60137],[30.14835,37.6398],[30.18357,37.67823],[30.23434,37.70354],[30.28511,37.72886],[30.33164,37.75888],[30.37816,37.7889],[30.40497,37.81668],[30.43177,37.84446]]}},{"type":"Feature","properties":{"id":"ME_TRCS310","name":null,"slip_type":"Dextral-Normal","catalog_name":"EMME","catalog_id":"ME_TRCS310","average_dip":"(64.0,64.0,64.0)","dip_dir":null,"net_slip_rate":"(1.3,0.0001,2.6836)"},"geometry":{"type":"LineString","coordinates":[[30.47808,38.95573],[30.42946,38.97514],[30.38085,38.99455],[30.33221,39.01397],[30.28357,39.03339],[30.23492,39.05282],[30.18626,39.07224],[30.13758,39.09168],[30.0889,39.11112],[30.0402,39.13056],[29.9915,39.15],[29.94278,39.16946],[29.89405,39.18891],[29.84531,39.20837],[29.79657,39.22783],[29.7478,39.2473],[29.69904,39.26677],[29.65024,39.28626],[29.60144,39.30574]]}},{"type":"Feature","properties":{"id":"ME_TRCS311","name":null,"slip_type":"Dextral-Normal","catalog_name":"EMME","catalog_id":"ME_TRCS311","average_dip":"(64.0,64.0,64.0)","dip_dir":null,"net_slip_rate":"(1.3,0.0001,2.6836)"},"geometry":{"type":"LineString","coordinates":[[28.21862,39.67287],[28.33395,39.66408],[28.44927,39.65529],[28.56458,39.6465],[28.67987,39.6377],[28.79514,39.62891],[28.9104,39.62013],[29.02083,39.59329],[29.12768,39.559],[29.2395,39.53608],[29.35128,39.51318],[29.46303,39.49028],[29.57475,39.46739],[29.67297,39.51444],[29.77905,39.47899],[29.8851,39.44354],[29.99109,39.40812],[30.09705,39.37271],[30.1482,39.35561]]}},{"type":"Feature","properties":{"id":"ME_TRCS313","name":null,"slip_type":"Normal","catalog_name":"EMME","catalog_id":"ME_TRCS313","average_dip":"(50.0,50.0,50.0)","dip_dir":null,"net_slip_rate":"(0.7,0.0001,1.3054)"},"geometry":{"type":"LineString","coordinates":[[29.13829,39.20767],[29.13376,39.24819],[29.12922,39.28872],[29.14685,39.32704],[29.16447,39.36536],[29.1924,39.39984],[29.22033,39.43432],[29.24704,39.4673]]}},{"type":"Feature","properties":{"id":"ME_TRCS314","name":null,"slip_type":"Normal","catalog_name":"EMME","catalog_id":"ME_TRCS314","average_dip":"(50.0,50.0,50.0)","dip_dir":null,"net_slip_rate":"(0.7,0.0001,1.3054)"},"geometry":{"type":"LineString","coordinates":[[31.84465,38.44653],[31.84788,38.41457],[31.85111,38.38261],[31.85434,38.35065],[31.86747,38.32029],[31.8806,38.28993],[31.89372,38.25957],[31.92226,38.23869],[31.95079,38.21782],[31.97932,38.19694]]}},{"type":"Feature","properties":{"id":"ME_TRCS315","name":null,"slip_type":"Normal","catalog_name":"EMME","catalog_id":"ME_TRCS315","average_dip":"(55.0,50.0,60.0)","dip_dir":null,"net_slip_rate":"(0.7,0.0001,1.3054)"},"geometry":{"type":"LineString","coordinates":[[31.73595,38.15529],[31.79343,38.15082],[31.85091,38.14635],[31.90838,38.14189],[31.96586,38.13742],[32.02358,38.13617],[32.08131,38.13491],[32.13869,38.14],[32.19608,38.14508],[32.25348,38.15017],[32.31087,38.15525],[32.36828,38.16033],[32.42568,38.16542],[32.48249,38.17045],[32.5393,38.17548]]}},{"type":"Feature","properties":{"id":"ME_TRCS316","name":null,"slip_type":"Sinistral-Normal","catalog_name":"EMME","catalog_id":"ME_TRCS316","average_dip":"(75.0,75.0,75.0)","dip_dir":null,"net_slip_rate":"(1.0,0.0001,2.0659)"},"geometry":{"type":"LineString","coordinates":[[27.2504,39.0344],[27.297,39.05186],[27.34362,39.06933],[27.39025,39.0868],[27.43689,39.10428],[27.48353,39.12175],[27.53019,39.13924],[27.57686,39.15672]]}},{"type":"Feature","properties":{"id":"ME_TRCS317","name":null,"slip_type":"Sinistral-Normal","catalog_name":"EMME","catalog_id":"ME_TRCS317","average_dip":"(75.0,75.0,75.0)","dip_dir":null,"net_slip_rate":"(1.0,0.0001,2.0659)"},"geometry":{"type":"LineString","coordinates":[[27.24377,39.09376],[27.22173,39.06507],[27.19968,39.03637],[27.17764,39.00768],[27.15561,38.979],[27.13357,38.95032],[27.11153,38.92164],[27.0895,38.89296],[27.06748,38.86429],[27.04545,38.83562],[27.02342,38.80695],[27.0014,38.77829],[26.97938,38.74962]]}},{"type":"Feature","properties":{"id":"ME_TRCS319","name":null,"slip_type":"Sinistral-Normal","catalog_name":"EMME","catalog_id":"ME_TRCS319","average_dip":"(80.0,80.0,80.0)","dip_dir":null,"net_slip_rate":"(1.0,0.0001,2.0634)"},"geometry":{"type":"LineString","coordinates":[[26.94664,38.76451],[26.96836,38.80084],[26.99009,38.83717],[27.01181,38.87351],[27.03354,38.90985],[27.05527,38.94619],[27.077,38.98253],[27.09873,39.01889],[27.12047,39.05524]]}},{"type":"Feature","properties":{"id":"ME_TRCS321","name":null,"slip_type":"Normal","catalog_name":"EMME","catalog_id":"ME_TRCS321","average_dip":"(50.0,50.0,50.0)","dip_dir":null,"net_slip_rate":"(2.3,2.1987,2.4023)"},"geometry":{"type":"LineString","coordinates":[[27.94721,38.71102],[27.99628,38.68604],[28.04535,38.66106],[28.09751,38.64028],[28.14967,38.6195],[28.20442,38.60336],[28.25918,38.58722],[28.31057,38.56539],[28.36197,38.54357],[28.4061,38.51358],[28.45022,38.48359],[28.49537,38.45458],[28.54052,38.42558],[28.59509,38.40935],[28.64965,38.39312],[28.69996,38.37816],[28.75027,38.3632]]}},{"type":"Feature","properties":{"id":"ME_TRCS322","name":null,"slip_type":"Normal","catalog_name":"EMME","catalog_id":"ME_TRCS322","average_dip":"(50.0,50.0,50.0)","dip_dir":null,"net_slip_rate":"(5.7,5.4658,5.9588)"},"geometry":{"type":"LineString","coordinates":[[27.46479,38.37082],[27.57414,38.39851],[27.67917,38.43514],[27.7765,38.48313],[27.89045,38.49572],[28.00554,38.4955],[28.11672,38.47228],[28.23071,38.46018],[28.33367,38.42007],[28.43648,38.3798],[28.5288,38.32621],[28.57719,38.24454],[28.6876,38.22022],[28.7529,38.20255]]}},{"type":"Feature","properties":{"id":"ME_TRCS323","name":null,"slip_type":"Normal","catalog_name":"EMME","catalog_id":"ME_TRCS323","average_dip":"(50.0,50.0,50.0)","dip_dir":null,"net_slip_rate":"(1.3,0.0001,2.6108)"},"geometry":{"type":"LineString","coordinates":[[27.80078,38.20894],[27.74678,38.20469],[27.69278,38.20045],[27.63878,38.1962],[27.58479,38.19195],[27.53079,38.18771],[27.4768,38.18346]]}},{"type":"Feature","properties":{"id":"ME_TRCS324","name":null,"slip_type":"Normal","catalog_name":"EMME","catalog_id":"ME_TRCS324","average_dip":"(50.0,50.0,50.0)","dip_dir":null,"net_slip_rate":"(1.3,0.0001,2.6108)"},"geometry":{"type":"LineString","coordinates":[[27.54596,38.02329],[27.60428,38.03544],[27.6626,38.04759],[27.72094,38.05975],[27.77928,38.0719],[27.83764,38.08406],[27.896,38.09622],[27.95584,38.10256],[28.01569,38.10889],[28.07473,38.09894],[28.13377,38.08898],[28.19115,38.07798],[28.24853,38.06697]]}},{"type":"Feature","properties":{"id":"ME_TRCS330","name":null,"slip_type":"Sinistral-Normal","catalog_name":"EMME","catalog_id":"ME_TRCS330","average_dip":"(50.0,50.0,50.0)","dip_dir":null,"net_slip_rate":"None"},"geometry":{"type":"LineString","coordinates":[[28.82518,38.06775],[28.86271,38.06094],[28.90024,38.05413],[28.93777,38.04732],[28.96774,38.02829],[28.99771,38.00926],[29.02768,37.99023],[29.05416,37.96823],[29.08063,37.94624],[29.10711,37.92424],[29.14574,37.89214],[29.18438,37.86004]]}},{"type":"Feature","properties":{"id":"ME_TRCS331","name":null,"slip_type":"Normal","catalog_name":"EMME","catalog_id":"ME_TRCS331","average_dip":"(50.0,50.0,50.0)","dip_dir":null,"net_slip_rate":"(4.3,3.8276,4.8047)"},"geometry":{"type":"LineString","coordinates":[[27.5201,37.92966],[27.61363,37.88454],[27.7219,37.87117],[27.83015,37.85781],[27.93969,37.85946],[28.04712,37.87647],[28.15458,37.89348],[28.26206,37.9105],[28.36956,37.92752],[28.47849,37.93747],[28.58815,37.93912],[28.69047,37.9703],[28.80014,37.97309],[28.88745,37.95975]]}},{"type":"Feature","properties":{"id":"ME_TRCS332","name":null,"slip_type":"Sinistral-Normal","catalog_name":"EMME","catalog_id":"ME_TRCS332","average_dip":"(70.0,70.0,70.0)","dip_dir":null,"net_slip_rate":"None"},"geometry":{"type":"LineString","coordinates":[[27.23484,37.83422],[27.27935,37.83184],[27.32385,37.82946],[27.36836,37.82709],[27.41205,37.834],[27.45575,37.84091],[27.49943,37.84782]]}},{"type":"Feature","properties":{"id":"ME_TRCS335","name":null,"slip_type":"Sinistral-Normal","catalog_name":"EMME","catalog_id":"ME_TRCS335","average_dip":"(50.0,50.0,50.0)","dip_dir":null,"net_slip_rate":"None"},"geometry":{"type":"LineString","coordinates":[[28.74532,37.85024],[28.79553,37.83576],[28.84573,37.82129],[28.89538,37.80569],[28.94502,37.79009],[28.99035,37.76778],[29.03568,37.74547],[29.08866,37.74029],[29.14164,37.73512],[29.19394,37.74356],[29.24624,37.752],[29.28707,37.74793],[29.32789,37.74387]]}},{"type":"Feature","properties":{"id":"ME_TRCS337","name":null,"slip_type":"Sinistral-Normal","catalog_name":"EMME","catalog_id":"ME_TRCS337","average_dip":"(60.0,50.0,70.0)","dip_dir":null,"net_slip_rate":"(1.6,0.8455,2.2655)"},"geometry":{"type":"LineString","coordinates":[[27.14967,37.43233],[27.19813,37.44997],[27.24658,37.4676],[27.29505,37.48525],[27.34352,37.5029],[27.39171,37.52108],[27.43989,37.53925],[27.45947,37.57862],[27.47904,37.61799],[27.50795,37.65359],[27.53685,37.68919],[27.56637,37.7238],[27.59588,37.7584]]}},{"type":"Feature","properties":{"id":"ME_TRCS339","name":null,"slip_type":"Sinistral-Normal","catalog_name":"EMME","catalog_id":"ME_TRCS339","average_dip":"(70.0,70.0,70.0)","dip_dir":null,"net_slip_rate":"(1.0,1.0,1.0)"},"geometry":{"type":"LineString","coordinates":[[34.97162,37.00786],[35.0178,37.03557],[35.06399,37.06328],[35.11019,37.091],[35.1564,37.11873],[35.20262,37.14646],[35.24885,37.1742],[35.2951,37.20195],[35.34135,37.2297],[35.38756,37.25752],[35.43378,37.28534],[35.47991,37.31328],[35.52604,37.34122],[35.5722,37.36917],[35.61835,37.39713],[35.66662,37.42277],[35.71489,37.44841],[35.76411,37.47292],[35.81334,37.49742],[35.91177,37.54642]]}},{"type":"Feature","properties":{"id":"ME_TRCS340","name":null,"slip_type":"Sinistral","catalog_name":"EMME","catalog_id":"ME_TRCS340","average_dip":"(80.0,80.0,80.0)","dip_dir":null,"net_slip_rate":"(0.6,0.25,1.0)"},"geometry":{"type":"LineString","coordinates":[[36.30286,37.69169],[36.28624,37.65951],[36.26962,37.62734],[36.25299,37.59517],[36.24561,37.56364],[36.23822,37.53212],[36.23084,37.5006]]}},{"type":"Feature","properties":{"id":"ME_TRCS343","name":null,"slip_type":"Sinistral","catalog_name":"EMME","catalog_id":"ME_TRCS343","average_dip":"(85.0,80.0,90.0)","dip_dir":null,"net_slip_rate":"(0.6,0.25,1.0)"},"geometry":{"type":"LineString","coordinates":[[36.23291,37.46401],[36.24501,37.3272],[36.24018,37.2892],[36.21987,37.25458],[36.19957,37.21997],[36.18789,37.18781],[36.17621,37.15564]]}},{"type":"Feature","properties":{"id":"ME_TRCS344","name":null,"slip_type":"Sinistral","catalog_name":"EMME","catalog_id":"ME_TRCS344","average_dip":"(80.0,80.0,80.0)","dip_dir":null,"net_slip_rate":"(2.5,2.0,3.0)"},"geometry":{"type":"LineString","coordinates":[[36.15397,37.09328],[36.19227,37.10606],[36.23057,37.11883],[36.26887,37.13161],[36.30718,37.1444],[36.3455,37.15718],[36.38381,37.16996],[36.41491,37.19193],[36.44601,37.21389],[36.47711,37.23586],[36.5225,37.24983],[36.5679,37.26381]]}},{"type":"Feature","properties":{"id":"ME_TRCS349","name":null,"slip_type":"Sinistral","catalog_name":"EMME","catalog_id":"ME_TRCS349","average_dip":"(80.0,80.0,80.0)","dip_dir":null,"net_slip_rate":"(2.0,1.0,3.0427)"},"geometry":{"type":"LineString","coordinates":[[35.71189,36.34775],[35.75588,36.37625],[35.79987,36.40476],[35.84388,36.43327],[35.88789,36.46178],[35.93191,36.49031],[35.97594,36.51883],[36.02218,36.54504],[36.06842,36.57125],[36.11539,36.59664],[36.16236,36.62203],[36.2092,36.64735],[36.25605,36.67267]]}},{"type":"Feature","properties":{"id":"ME_TRCS350","name":null,"slip_type":"Sinistral","catalog_name":"EMME","catalog_id":"ME_TRCS350","average_dip":"(80.0,80.0,80.0)","dip_dir":null,"net_slip_rate":"(2.0,2.0,2.0)"},"geometry":{"type":"LineString","coordinates":[[35.79746,37.08322],[35.82682,37.12257],[35.85618,37.16192],[35.88554,37.20128],[35.91491,37.24065],[35.94382,37.28023],[35.97274,37.31982],[35.98915,37.36371],[36.00556,37.4076],[36.0327,37.448],[36.05984,37.4884],[36.07657,37.53222],[36.0933,37.57605],[36.10905,37.6173],[36.1248,37.65855]]}},{"type":"Feature","properties":{"id":"ME_TRCS351","name":null,"slip_type":"Sinistral","catalog_name":"EMME","catalog_id":"ME_TRCS351","average_dip":"(80.0,80.0,80.0)","dip_dir":null,"net_slip_rate":"(2.0,2.0,2.0)"},"geometry":{"type":"LineString","coordinates":[[35.56563,36.78993],[35.5967,36.82302],[35.62778,36.85611],[35.65303,36.89224],[35.67829,36.92838],[35.70909,36.96166],[35.73989,36.99494],[35.76614,37.02864],[35.79239,37.06233]]}},{"type":"Feature","properties":{"id":"ME_TRCS353","name":null,"slip_type":"Normal","catalog_name":"EMME","catalog_id":"ME_TRCS353","average_dip":"(50.0,50.0,50.0)","dip_dir":null,"net_slip_rate":"(0.7,0.0001,1.3054)"},"geometry":{"type":"LineString","coordinates":[[26.92431,38.08435],[26.96645,38.07814],[27.0086,38.07192],[27.05074,38.06571],[27.0796,38.04083],[27.10845,38.01595],[27.13731,37.99107]]}},{"type":"Feature","properties":{"id":"ME_TRCS359","name":null,"slip_type":"Dextral","catalog_name":"EMME","catalog_id":"ME_TRCS359","average_dip":"(85.0,85.0,85.0)","dip_dir":null,"net_slip_rate":"(1.0,0.0001,2.0)"},"geometry":{"type":"LineString","coordinates":[[27.18852,37.97747],[27.19451,38.01326],[27.20049,38.04904],[27.20647,38.08483],[27.22326,38.11667],[27.24005,38.14852],[27.25684,38.18037]]}},{"type":"Feature","properties":{"id":"ME_TRCS360","name":null,"slip_type":"Dextral","catalog_name":"EMME","catalog_id":"ME_TRCS360","average_dip":"(80.0,80.0,80.0)","dip_dir":null,"net_slip_rate":"(1.0,0.0001,2.0)"},"geometry":{"type":"LineString","coordinates":[[26.87492,38.00787],[26.88468,38.03718],[26.89444,38.0665],[26.9042,38.09581],[26.9228,38.12235],[26.9414,38.14889],[26.96,38.17543],[26.98586,38.19792],[27.01171,38.2204],[27.03756,38.24289],[27.05608,38.26948],[27.07459,38.29608],[27.09311,38.32267],[27.10291,38.36012],[27.11271,38.39758]]}},{"type":"Feature","properties":{"id":"ME_TRCS361","name":null,"slip_type":"Dextral","catalog_name":"EMME","catalog_id":"ME_TRCS361","average_dip":"(80.0,80.0,80.0)","dip_dir":null,"net_slip_rate":"(1.0,0.0001,2.0)"},"geometry":{"type":"LineString","coordinates":[[26.77897,38.10614],[26.79299,38.13838],[26.80701,38.17063],[26.82103,38.20287],[26.83505,38.23512],[26.84907,38.26737],[26.86309,38.29962],[26.88799,38.32449],[26.91289,38.34937],[26.93779,38.37424]]}},{"type":"Feature","properties":{"id":"ME_TRCS362","name":null,"slip_type":"Dextral","catalog_name":"EMME","catalog_id":"ME_TRCS362","average_dip":"(80.0,80.0,80.0)","dip_dir":null,"net_slip_rate":"(0.5,0.0001,1.0)"},"geometry":{"type":"LineString","coordinates":[[27.06192,38.77276],[27.10944,38.76942],[27.15695,38.76607],[27.20409,38.76081],[27.25122,38.75556],[27.29836,38.7503]]}},{"type":"Feature","properties":{"id":"ME_TRCS363","name":null,"slip_type":"Sinistral","catalog_name":"EMME","catalog_id":"ME_TRCS363","average_dip":"(80.0,80.0,80.0)","dip_dir":null,"net_slip_rate":"(1.0,0.0001,2.0)"},"geometry":{"type":"LineString","coordinates":[[26.82455,38.89495],[26.86246,38.86159],[26.90037,38.82822],[26.9091,38.7842],[26.91784,38.74017],[26.91462,38.69761],[26.91141,38.65505]]}},{"type":"Feature","properties":{"id":"ME_TRCS364","name":null,"slip_type":"Dextral-Normal","catalog_name":"EMME","catalog_id":"ME_TRCS364","average_dip":"(85.0,85.0,85.0)","dip_dir":null,"net_slip_rate":"(0.3,0.0001,0.5847)"},"geometry":{"type":"LineString","coordinates":[[27.1896,38.28223],[27.23899,38.28986],[27.28838,38.29748],[27.33507,38.31229],[27.38175,38.3271],[27.41639,38.35027],[27.45103,38.37343]]}},{"type":"Feature","properties":{"id":"ME_TRCS365","name":null,"slip_type":"Normal","catalog_name":"EMME","catalog_id":"ME_TRCS365","average_dip":"(50.0,50.0,50.0)","dip_dir":null,"net_slip_rate":"(1.3,0.0001,2.6108)"},"geometry":{"type":"LineString","coordinates":[[27.04366,38.5086],[27.09003,38.48676],[27.1364,38.46492],[27.1897,38.46275],[27.24299,38.46057]]}},{"type":"Feature","properties":{"id":"ME_TRCS368","name":null,"slip_type":"Dextral","catalog_name":"EMME","catalog_id":"ME_TRCS368","average_dip":"(85.0,85.0,85.0)","dip_dir":null,"net_slip_rate":"(1.0,0.0001,2.0)"},"geometry":{"type":"LineString","coordinates":[[26.63809,38.35235],[26.63102,38.32013],[26.62395,38.2879],[26.62591,38.25524],[26.62788,38.22257],[26.62985,38.18991],[26.62548,38.15763],[26.6211,38.12534],[26.61672,38.09306]]}},{"type":"Feature","properties":{"id":"ME_TRCS369","name":null,"slip_type":"Dextral-Normal","catalog_name":"EMME","catalog_id":"ME_TRCS369","average_dip":"(67.5,50.0,85.0)","dip_dir":null,"net_slip_rate":"(0.8,0.0001,1.5792)"},"geometry":{"type":"LineString","coordinates":[[27.23616,38.51138],[27.27856,38.49065],[27.32096,38.46992],[27.36335,38.4492],[27.40573,38.42848],[27.4543,38.42031],[27.50286,38.41214]]}},{"type":"Feature","properties":{"id":"ME_TRCS372","name":null,"slip_type":"Sinistral","catalog_name":"EMME","catalog_id":"ME_TRCS372","average_dip":"(77.5,70.0,85.0)","dip_dir":null,"net_slip_rate":"(1.1,0.0001,2.2655)"},"geometry":{"type":"LineString","coordinates":[[36.4423,37.87655],[36.46619,37.91903],[36.49008,37.96151],[36.53545,37.99121],[36.58081,38.0209],[36.63504,38.03923],[36.68927,38.05756],[36.74806,38.0617],[36.80686,38.06585],[36.86583,38.06783],[36.92481,38.06981],[36.98259,38.06028],[37.04036,38.05075],[37.09812,38.04122],[37.15588,38.03169],[37.21362,38.02216],[37.27137,38.01263],[37.32711,38.00344],[37.38284,37.99424]]}},{"type":"Feature","properties":{"id":"ME_TRCS373","name":null,"slip_type":"Dextral","catalog_name":"EMME","catalog_id":"ME_TRCS373","average_dip":"(87.5,85.0,90.0)","dip_dir":null,"net_slip_rate":"(2.0,1.0013,3.0004)"},"geometry":{"type":"LineString","coordinates":[[33.02783,40.62109],[33.08138,40.63607],[33.13492,40.65105],[33.17366,40.68287],[33.2124,40.71469],[33.26842,40.72322],[33.32444,40.73175],[33.37084,40.75705],[33.41723,40.78236],[33.46522,40.80595],[33.52376,40.82021]]}},{"type":"Feature","properties":{"id":"ME_TRCS374","name":null,"slip_type":"Dextral","catalog_name":"EMME","catalog_id":"ME_TRCS374","average_dip":"(85.0,85.0,85.0)","dip_dir":null,"net_slip_rate":"(2.0,1.0013,3.0004)"},"geometry":{"type":"LineString","coordinates":[[33.85702,40.93283],[33.89685,40.93755],[33.93668,40.94226],[33.97651,40.94697],[34.01447,40.95728],[34.05242,40.96757],[34.09038,40.97788],[34.12633,40.99171],[34.16229,41.00554],[34.19824,41.01937],[34.2353,41.03146],[34.27235,41.04355],[34.30941,41.05564],[34.39512,41.06755],[34.46402,41.06515]]}},{"type":"Feature","properties":{"id":"ME_TRCS376","name":null,"slip_type":"Dextral","catalog_name":"EMME","catalog_id":"ME_TRCS376","average_dip":"(77.5,70.0,85.0)","dip_dir":null,"net_slip_rate":"(1.5,0.0001,3.0004)"},"geometry":{"type":"LineString","coordinates":[[34.02331,41.03681],[33.97712,41.01437],[33.93092,40.99193],[33.88335,40.97124],[33.83577,40.95055],[33.78822,40.92987],[33.74066,40.90919],[33.70195,40.87984],[33.66323,40.85049],[33.61986,40.83464],[33.55799,40.82212]]}},{"type":"Feature","properties":{"id":"ME_TRCS377","name":null,"slip_type":"Sinistral-Normal","catalog_name":"EMME","catalog_id":"ME_TRCS377","average_dip":"(39.0,39.0,39.0)","dip_dir":null,"net_slip_rate":"(3.5,1.8775,5.1696)"},"geometry":{"type":"LineString","coordinates":[[33.00855,40.73359],[33.00375,40.6992],[32.99894,40.66481],[32.99413,40.63042],[32.98933,40.59602],[32.96247,40.54265],[32.92111,40.51076]]}},{"type":"Feature","properties":{"id":"ME_TRCS378","name":null,"slip_type":"Dextral","catalog_name":"EMME","catalog_id":"ME_TRCS378","average_dip":"(80.0,80.0,80.0)","dip_dir":null,"net_slip_rate":"(2.0,1.0013,3.0004)"},"geometry":{"type":"LineString","coordinates":[[32.69405,40.81726],[32.77476,40.81813],[32.84732,40.79667],[32.90402,40.78587],[32.96242,40.7878],[33.02082,40.78973],[33.07681,40.80251],[33.13279,40.81529],[33.17734,40.83514],[33.22189,40.85498]]}},{"type":"Feature","properties":{"id":"ME_TRCS379","name":null,"slip_type":"Dextral","catalog_name":"EMME","catalog_id":"ME_TRCS379","average_dip":"(80.0,80.0,80.0)","dip_dir":null,"net_slip_rate":"(2.0,1.0013,3.0004)"},"geometry":{"type":"LineString","coordinates":[[33.83608,41.02136],[33.78138,41.00178],[33.72667,40.9822],[33.69477,40.94338],[33.66287,40.90456],[33.60444,40.89284],[33.54601,40.88113],[33.48924,40.86549],[33.43247,40.84985],[33.37318,40.84112],[33.3139,40.83238],[33.26313,40.8285]]}},{"type":"Feature","properties":{"id":"ME_TRCS380","name":null,"slip_type":"Normal","catalog_name":"EMME","catalog_id":"ME_TRCS380","average_dip":"(50.0,50.0,50.0)","dip_dir":null,"net_slip_rate":"(1.3,0.0001,2.6108)"},"geometry":{"type":"LineString","coordinates":[[31.3128,37.37866],[31.32397,37.41153],[31.33513,37.44439],[31.3463,37.47725],[31.34755,37.51127],[31.34879,37.54529],[31.35004,37.57931],[31.33933,37.61105],[31.32862,37.64278],[31.31791,37.67451]]}},{"type":"Feature","properties":{"id":"ME_TRCS382","name":null,"slip_type":"Normal","catalog_name":"EMME","catalog_id":"ME_TRCS382","average_dip":"(50.0,50.0,50.0)","dip_dir":null,"net_slip_rate":"(1.3,0.0001,2.6108)"},"geometry":{"type":"LineString","coordinates":[[31.46513,36.99411],[31.46001,37.0272],[31.4549,37.06029],[31.44979,37.09338],[31.43586,37.12482],[31.42193,37.15626],[31.408,37.18769],[31.40804,37.21968],[31.40809,37.25166],[31.40813,37.28364]]}},{"type":"Feature","properties":{"id":"ME_TRCS386","name":null,"slip_type":"Sinistral-Normal","catalog_name":"EMME","catalog_id":"ME_TRCS386","average_dip":"(65.0,65.0,65.0)","dip_dir":null,"net_slip_rate":"(1.0,0.0001,1.9337)"},"geometry":{"type":"LineString","coordinates":[[31.4909,36.92459],[31.5313,36.90015],[31.5717,36.87572],[31.61208,36.8513],[31.65246,36.82687],[31.69283,36.80245],[31.7332,36.77804]]}},{"type":"Feature","properties":{"id":"ME_TRCS387","name":null,"slip_type":"Sinistral-Normal","catalog_name":"EMME","catalog_id":"ME_TRCS387","average_dip":"(50.0,50.0,50.0)","dip_dir":null,"net_slip_rate":"(0.7,0.0001,1.3394)"},"geometry":{"type":"LineString","coordinates":[[26.76828,38.53366],[26.74771,38.57538],[26.72714,38.61711],[26.70354,38.65785],[26.67995,38.69859],[26.6596,38.74039],[26.63925,38.78219],[26.6212,38.81981],[26.60315,38.85743]]}},{"type":"Feature","properties":{"id":"ME_TRCS388","name":null,"slip_type":"Dextral-Normal","catalog_name":"EMME","catalog_id":"ME_TRCS388","average_dip":"(60.0,60.0,60.0)","dip_dir":null,"net_slip_rate":"(1.3,0.0001,2.5166)"},"geometry":{"type":"LineString","coordinates":[[26.65669,38.35285],[26.65181,38.38475],[26.64693,38.41665],[26.64205,38.44855],[26.63717,38.48046],[26.63229,38.51236],[26.62741,38.54426],[26.61057,38.57357],[26.59374,38.60288],[26.57691,38.6322],[26.55109,38.65722],[26.52528,38.68224],[26.49947,38.70727],[26.46672,38.7442],[26.43397,38.78113]]}},{"type":"Feature","properties":{"id":"ME_TRCS389","name":null,"slip_type":"Sinistral-Normal","catalog_name":"EMME","catalog_id":"ME_TRCS389","average_dip":"(80.0,80.0,80.0)","dip_dir":null,"net_slip_rate":"(1.0,0.0001,2.0634)"},"geometry":{"type":"LineString","coordinates":[[26.85641,38.78541],[26.81352,38.79564],[26.77063,38.80587],[26.72774,38.8161],[26.70114,38.84425],[26.67453,38.87241],[26.64793,38.90057],[26.62745,38.93062],[26.60697,38.96067]]}},{"type":"Feature","properties":{"id":"ME_TRCS390","name":null,"slip_type":"Reverse","catalog_name":"EMME","catalog_id":"ME_TRCS390","average_dip":"(40.0,40.0,40.0)","dip_dir":null,"net_slip_rate":"(2.3,1.5557,3.0)"},"geometry":{"type":"LineString","coordinates":[[32.39234,35.77627],[32.31726,35.84247],[32.24216,35.9087],[32.16702,35.97495],[32.09185,36.04123],[32.01666,36.10753],[31.94143,36.17386],[31.86618,36.24022],[31.7909,36.3066],[31.71565,36.37305],[31.64049,36.43962],[31.56553,36.50638],[31.49054,36.57317],[31.41552,36.63998],[31.34048,36.70682],[31.268,36.7755],[31.19896,36.84646],[31.1299,36.91744],[31.06081,36.98845],[31.00643,37.06723],[30.95914,37.14888],[30.91185,37.23056],[30.88779,37.31844],[30.86303,37.40621],[30.83827,37.49398],[30.8135,37.58175],[30.78767,37.62199],[30.75628,37.67186]]}},{"type":"Feature","properties":{"id":"ME_TRCS391","name":null,"slip_type":"Sinistral-Normal","catalog_name":"EMME","catalog_id":"ME_TRCS391","average_dip":"(65.0,60.0,70.0)","dip_dir":null,"net_slip_rate":"(9.0,4.9282,13.0128)"},"geometry":{"type":"LineString","coordinates":[[27.92766,37.0383],[27.96567,37.04381],[28.00368,37.04932],[28.0417,37.05483],[28.07947,37.04836],[28.11725,37.0419],[28.15503,37.03543],[28.19311,37.0406],[28.2312,37.04577],[28.26929,37.05095],[28.30744,37.05585],[28.34559,37.06075],[28.38374,37.06565],[28.43292,37.08182],[28.48211,37.09799]]}},{"type":"Feature","properties":{"id":"ME_TRCS393","name":null,"slip_type":"Sinistral-Normal","catalog_name":"EMME","catalog_id":"ME_TRCS393","average_dip":"(60.0,60.0,60.0)","dip_dir":null,"net_slip_rate":"(9.8,6.5064,13.0128)"},"geometry":{"type":"LineString","coordinates":[[27.51002,36.99055],[27.55363,36.99049],[27.59724,36.99043],[27.64084,36.99037],[27.69444,37.00035],[27.76879,37.00466],[27.85547,37.0265]]}},{"type":"Feature","properties":{"id":"ME_TRCS394","name":null,"slip_type":"Normal","catalog_name":"EMME","catalog_id":"ME_TRCS394","average_dip":"(60.0,60.0,60.0)","dip_dir":null,"net_slip_rate":"(5.4,3.6056,7.2111)"},"geometry":{"type":"LineString","coordinates":[[28.00991,36.82727],[27.97035,36.82582],[27.93079,36.82438],[27.89122,36.82293],[27.85167,36.82148],[27.81211,36.82004],[27.77255,36.81859],[27.73298,36.81714],[27.69342,36.8157],[27.5926,36.80092],[27.53233,36.80367]]}},{"type":"Feature","properties":{"id":"ME_TRCS396","name":null,"slip_type":"Sinistral","catalog_name":"EMME","catalog_id":"ME_TRCS396","average_dip":"(80.0,80.0,80.0)","dip_dir":null,"net_slip_rate":"(5.5,3.0,8.0642)"},"geometry":{"type":"LineString","coordinates":[[27.66794,36.84645],[27.69463,36.86933],[27.73365,36.88658],[27.76562,36.90313],[27.78968,36.93377],[27.80757,36.95244],[27.83779,36.98166],[27.85481,37.00667],[27.88152,37.02957],[27.90823,37.05248],[27.94416,37.08813],[27.98008,37.12378]]}},{"type":"Feature","properties":{"id":"ME_TRCS397","name":null,"slip_type":"Dextral-Normal","catalog_name":"EMME","catalog_id":"ME_TRCS397","average_dip":"(80.0,80.0,80.0)","dip_dir":null,"net_slip_rate":"(1.0,0.0001,2.0634)"},"geometry":{"type":"LineString","coordinates":[[27.62031,37.25146],[27.65631,37.23525],[27.6923,37.21905],[27.7283,37.20284],[27.76428,37.18664],[27.80026,37.17044],[27.83624,37.15425]]}},{"type":"Feature","properties":{"id":"ME_TRCS399","name":null,"slip_type":"Dextral-Normal","catalog_name":"EMME","catalog_id":"ME_TRCS399","average_dip":"(80.0,80.0,80.0)","dip_dir":null,"net_slip_rate":"(1.1,0.0001,2.1226)"},"geometry":{"type":"LineString","coordinates":[[26.33009,37.91892],[26.28275,37.88981],[26.23541,37.86069],[26.18809,37.83159],[26.14077,37.80249],[26.09348,37.7734],[26.04618,37.74431],[25.99891,37.71524],[25.95164,37.68617],[25.90439,37.65711],[25.85714,37.62805],[25.80991,37.59901],[25.76268,37.56996]]}},{"type":"Feature","properties":{"id":"ME_TRCS407","name":null,"slip_type":"Reverse","catalog_name":"EMME","catalog_id":"ME_TRCS407","average_dip":"(34.0,30.0,38.0)","dip_dir":null,"net_slip_rate":"(1.0,0.0001,2.0)"},"geometry":{"type":"LineString","coordinates":[[28.5069,41.53188],[28.62637,41.52755],[28.74584,41.52322],[28.86529,41.51889],[28.98474,41.51456],[29.10419,41.51023],[29.22362,41.5059],[29.34304,41.50158],[29.46244,41.4969],[29.58183,41.49223],[29.70121,41.48756],[29.82058,41.48289],[29.93994,41.47822],[30.05929,41.47355],[30.17864,41.46888],[30.2934,41.4939],[30.40886,41.51718],[30.52436,41.54047],[30.63988,41.56381],[30.75527,41.5876],[30.8707,41.6114],[30.98618,41.63521],[31.10131,41.66004],[31.19809,41.7129],[31.29492,41.7658],[31.3918,41.81871],[31.48874,41.87166],[31.58572,41.92464],[31.69007,41.96931],[31.806,41.99361],[31.92198,42.01792],[32.038,42.04223],[32.15406,42.06656],[32.27016,42.09089],[32.38631,42.11523],[32.49065,42.1603],[32.57972,42.22082],[32.67004,42.28039],[32.76293,42.33783],[32.86393,42.38731],[32.98493,42.39287],[33.10594,42.39844],[33.22697,42.404],[33.34801,42.40957],[33.46905,42.41513],[33.59011,42.4207],[33.71105,42.4276],[33.83193,42.4352],[33.95283,42.4428],[34.07374,42.4504],[34.19467,42.458],[34.3156,42.4656],[34.43656,42.4732],[34.55294,42.44778],[34.66972,42.42351],[34.78646,42.39924],[34.90316,42.37499],[35.01982,42.35074],[35.13644,42.32651],[35.25301,42.30228],[35.36955,42.27806],[35.48604,42.25385],[35.60249,42.22965],[35.7189,42.20545],[35.83526,42.18127],[35.95159,42.15709],[36.04115,42.09704],[36.10669,42.02187],[36.1722,41.94672],[36.23769,41.8716],[36.30316,41.79651],[36.3686,41.72144],[36.43403,41.6464],[36.48336,41.58981]]}},{"type":"Feature","properties":{"id":"ME_TRCS408","name":null,"slip_type":"Reverse","catalog_name":"EMME","catalog_id":"ME_TRCS408","average_dip":"(30.0,30.0,30.0)","dip_dir":null,"net_slip_rate":"(1.0,0.0001,2.0)"},"geometry":{"type":"LineString","coordinates":[[41.66322,41.80601],[41.57376,41.748],[41.48435,41.69002],[41.39498,41.63206],[41.30566,41.57414],[41.21639,41.51625],[41.12716,41.45839],[41.03798,41.40056],[40.94884,41.34275],[40.85975,41.28498],[40.77071,41.22724],[40.68169,41.16951]]}},{"type":"Feature","properties":{"id":"ME_TRCS409","name":null,"slip_type":"Reverse","catalog_name":"EMME","catalog_id":"ME_TRCS409","average_dip":"(30.0,30.0,30.0)","dip_dir":null,"net_slip_rate":"(1.0,0.0001,2.0)"},"geometry":{"type":"LineString","coordinates":[[40.45565,41.35986],[40.39514,41.35457],[40.33462,41.34928],[40.27411,41.34399],[40.21361,41.3387],[40.15311,41.33341],[40.09262,41.32812],[40.03213,41.32283],[39.97165,41.31755],[39.91117,41.31226],[39.8507,41.30697],[39.79023,41.30169],[39.72976,41.2964],[39.66931,41.29111],[39.60885,41.28583],[39.5484,41.28055],[39.48795,41.27526],[39.4275,41.26998],[39.36704,41.26469]]}},{"type":"Feature","properties":{"id":"ME_TRCS410","name":null,"slip_type":"Reverse","catalog_name":"EMME","catalog_id":"ME_TRCS410","average_dip":"(30.0,30.0,30.0)","dip_dir":null,"net_slip_rate":"(1.0,0.0001,2.0)"},"geometry":{"type":"LineString","coordinates":[[39.27186,41.40745],[39.21344,41.39964],[39.15503,41.39182],[39.09662,41.38401],[39.03822,41.3762],[38.97983,41.36839],[38.92144,41.36058],[38.86306,41.35277],[38.80469,41.34496],[38.74632,41.33716],[38.68796,41.32935],[38.62961,41.32155],[38.57126,41.31374],[38.51293,41.30594],[38.45459,41.29813],[38.39626,41.29033],[38.33793,41.28253]]}},{"type":"Feature","properties":{"id":"ME_TRCS411","name":null,"slip_type":"Reverse","catalog_name":"EMME","catalog_id":"ME_TRCS411","average_dip":"(30.0,30.0,30.0)","dip_dir":null,"net_slip_rate":"(1.0,0.0001,2.0)"},"geometry":{"type":"LineString","coordinates":[[38.213,41.35986],[38.09639,41.35748],[37.97979,41.3551],[37.86319,41.35272],[37.7466,41.35034],[37.63001,41.34796],[37.51342,41.34559],[37.39684,41.34321],[37.28026,41.34083],[37.16369,41.33845],[37.10538,41.33726],[37.04707,41.33607]]}},{"type":"Feature","properties":{"id":"ME_TRCS413","name":null,"slip_type":"Dextral-Normal","catalog_name":"EMME","catalog_id":"ME_TRCS413","average_dip":"(80.0,80.0,80.0)","dip_dir":null,"net_slip_rate":"(1.0,0.0001,2.0634)"},"geometry":{"type":"LineString","coordinates":[[28.36609,37.19196],[28.34913,37.19891],[28.32961,37.20692],[28.29313,37.22188],[28.25665,37.23684],[28.22091,37.25292],[28.18517,37.269],[28.14942,37.28509],[28.13165,37.31423],[28.11388,37.34337],[28.09611,37.37252]]}},{"type":"Feature","properties":{"id":"ME_TRCS415","name":null,"slip_type":"Dextral-Normal","catalog_name":"EMME","catalog_id":"ME_TRCS415","average_dip":"(80.0,80.0,80.0)","dip_dir":null,"net_slip_rate":"(1.0,0.0001,2.0634)"},"geometry":{"type":"LineString","coordinates":[[27.92262,37.30228],[27.86919,37.31362],[27.81576,37.32496],[27.76232,37.3363],[27.70887,37.34765],[27.66018,37.36854],[27.61148,37.38943],[27.56545,37.41307],[27.51941,37.43671]]}},{"type":"Feature","properties":{"id":"ME_TRCS416","name":null,"slip_type":"Dextral-Normal","catalog_name":"EMME","catalog_id":"ME_TRCS416","average_dip":"(85.0,85.0,85.0)","dip_dir":null,"net_slip_rate":"(1.0,0.0001,2.062)"},"geometry":{"type":"LineString","coordinates":[[27.66739,39.17113],[27.66057,39.14123],[27.65375,39.11134],[27.64693,39.08144],[27.64011,39.05155],[27.63329,39.02165],[27.62647,38.99176],[27.61965,38.96187],[27.61283,38.93197],[27.606,38.90208],[27.59918,38.87219],[27.59236,38.8423],[27.58554,38.8124]]}},{"type":"Feature","properties":{"id":"ME_TRCS417","name":null,"slip_type":"Dextral","catalog_name":"EMME","catalog_id":"ME_TRCS417","average_dip":"(85.0,85.0,85.0)","dip_dir":null,"net_slip_rate":"(3.0,3.0,3.0)"},"geometry":{"type":"LineString","coordinates":[[27.10363,39.93501],[27.06269,39.9066],[27.02174,39.8782],[26.98081,39.84981],[26.93989,39.82141],[26.89898,39.79303],[26.85807,39.76465]]}},{"type":"Feature","properties":{"id":"ME_TRCS418","name":null,"slip_type":"Dextral","catalog_name":"EMME","catalog_id":"ME_TRCS418","average_dip":"(85.0,85.0,85.0)","dip_dir":null,"net_slip_rate":"(0.5,0.0001,1.0)"},"geometry":{"type":"LineString","coordinates":[[27.99441,42.92793],[28.02616,42.84038],[28.05792,42.75283],[28.08967,42.6653],[28.12141,42.57776],[28.15316,42.49024],[28.1849,42.40273],[28.21664,42.31522],[28.24837,42.22773],[28.2801,42.14024],[28.31183,42.05276],[28.34356,41.96529],[28.37528,41.87782],[28.407,41.79037],[28.43872,41.70292],[28.47043,41.61548],[28.50214,41.52805],[28.53385,41.44063],[28.56555,41.35321],[28.59725,41.26581],[28.62895,41.17841],[28.66066,41.09099]]}},{"type":"Feature","properties":{"id":"ME_TRCS419","name":null,"slip_type":"Normal","catalog_name":"EMME","catalog_id":"ME_TRCS419","average_dip":"(60.0,50.0,70.0)","dip_dir":null,"net_slip_rate":"(1.5,1.0,2.0)"},"geometry":{"type":"LineString","coordinates":[[30.12627,36.4752],[30.08275,36.49695],[30.03923,36.51871],[30.00657,36.55047],[29.97391,36.58223],[29.94914,36.61832],[29.92438,36.6544],[29.92054,36.68352],[29.9167,36.71263]]}},{"type":"Feature","properties":{"id":"ME_TRCS420","name":null,"slip_type":"Normal","catalog_name":"EMME","catalog_id":"ME_TRCS420","average_dip":"(50.0,50.0,50.0)","dip_dir":null,"net_slip_rate":"(1.5,1.0,2.0)"},"geometry":{"type":"LineString","coordinates":[[30.03437,36.71015],[30.03383,36.74837],[30.0333,36.78659],[30.04829,36.82164],[30.06329,36.85669]]}},{"type":"Feature","properties":{"id":"ME_TRCS421","name":null,"slip_type":"Normal","catalog_name":"EMME","catalog_id":"ME_TRCS421","average_dip":"(50.0,50.0,50.0)","dip_dir":null,"net_slip_rate":"(0.7,0.0001,1.3054)"},"geometry":{"type":"LineString","coordinates":[[30.93032,37.54795],[30.90887,37.57624],[30.88743,37.60452],[30.86599,37.63281],[30.86619,37.6658],[30.86639,37.6988],[30.86659,37.73179],[30.8691,37.76351],[30.87162,37.79523],[30.87414,37.82695]]}},{"type":"Feature","properties":{"id":"ME_TRCS422","name":null,"slip_type":"Normal","catalog_name":"EMME","catalog_id":"ME_TRCS422","average_dip":"(50.0,50.0,50.0)","dip_dir":null,"net_slip_rate":"(2.6,1.3054,3.9162)"},"geometry":{"type":"LineString","coordinates":[[29.99053,38.23938],[30.02825,38.20998],[30.06596,38.18057],[30.10024,38.1487],[30.13452,38.11682],[30.16545,38.0832],[30.19638,38.04958]]}},{"type":"Feature","properties":{"id":"ME_TRCS424","name":null,"slip_type":"Sinistral","catalog_name":"EMME","catalog_id":"ME_TRCS424","average_dip":"(85.0,85.0,85.0)","dip_dir":null,"net_slip_rate":"(0.8,0.5,1.0)"},"geometry":{"type":"LineString","coordinates":[[42.68033,39.13623],[42.68774,39.16847],[42.69514,39.20071],[42.70255,39.23295],[42.70995,39.26519],[42.71736,39.29744],[42.72476,39.32968]]}},{"type":"Feature","properties":{"id":"ME_TRCS425","name":null,"slip_type":"Dextral-Reverse","catalog_name":"EMME","catalog_id":"ME_TRCS425","average_dip":"(75.0,75.0,75.0)","dip_dir":null,"net_slip_rate":"(1.1,0.0001,2.2521)"},"geometry":{"type":"LineString","coordinates":[[39.67104,39.60274],[39.70385,39.58776],[39.74018,39.5799],[39.78003,39.57341],[39.81968,39.56625],[39.85845,39.55367],[39.89634,39.54176],[39.89922,39.54079],[39.93666,39.52429],[39.97521,39.5041]]}},{"type":"Feature","properties":{"id":"ME_TRCS426","name":null,"slip_type":"Sinistral","catalog_name":"EMME","catalog_id":"ME_TRCS426","average_dip":"(85.0,85.0,85.0)","dip_dir":null,"net_slip_rate":"(0.8,0.5,1.0)"},"geometry":{"type":"LineString","coordinates":[[42.94418,39.20953],[42.90898,39.19571],[42.87379,39.18189],[42.83859,39.16807],[42.80342,39.15426],[42.76824,39.14045],[42.73306,39.12664]]}},{"type":"Feature","properties":{"id":"ME_TRCS427","name":null,"slip_type":"Dextral","catalog_name":"EMME","catalog_id":"ME_TRCS427","average_dip":"(70.0,70.0,70.0)","dip_dir":null,"net_slip_rate":"(3.1,1.0,5.112)"},"geometry":{"type":"LineString","coordinates":[[35.78418,40.84425],[35.92505,40.78509],[36.07041,40.75708],[36.1259,40.7419],[36.18137,40.72673],[36.23684,40.71155],[36.29228,40.69639],[36.34773,40.68122],[36.40315,40.66606],[36.45857,40.6509],[36.51397,40.63574],[36.56937,40.62059],[36.62475,40.60544],[36.68013,40.59029]]}},{"type":"Feature","properties":{"id":"ME_TRCS428","name":null,"slip_type":"Sinistral","catalog_name":"EMME","catalog_id":"ME_TRCS428","average_dip":"(80.0,80.0,80.0)","dip_dir":null,"net_slip_rate":"(2.0,1.0,3.0)"},"geometry":{"type":"LineString","coordinates":[[43.54263,37.65095],[43.57142,37.68373],[43.60021,37.71652],[43.6261,37.7508],[43.66519,37.79691]]}},{"type":"Feature","properties":{"id":"ME_TRCS429","name":null,"slip_type":"Dextral","catalog_name":"EMME","catalog_id":"ME_TRCS429","average_dip":"(85.0,85.0,85.0)","dip_dir":null,"net_slip_rate":"(0.8,0.7,1.0)"},"geometry":{"type":"LineString","coordinates":[[44.23686,39.97497],[44.07847,40.05221],[43.72212,40.14472],[43.55479,40.16515],[43.49858,40.16366],[43.4429,40.16219],[43.38722,40.16072]]}},{"type":"Feature","properties":{"id":"ME_TRCS430","name":null,"slip_type":"Dextral","catalog_name":"EMME","catalog_id":"ME_TRCS430","average_dip":"(85.0,85.0,85.0)","dip_dir":null,"net_slip_rate":"(0.8,0.5,1.0)"},"geometry":{"type":"LineString","coordinates":[[45.77826,38.48353],[45.6279,38.68509],[45.62575,38.73084],[45.61156,38.78761],[45.60987,38.86555],[45.58608,38.9672],[45.52552,39.0883],[45.46281,39.15535],[45.3936,39.20076],[45.22275,39.32187],[45.10597,39.41919],[45.0173,39.53165],[44.85662,39.6558],[44.77752,39.70495],[44.6941,39.83896]]}},{"type":"Feature","properties":{"id":"ME_TRCS437","name":null,"slip_type":"Dextral","catalog_name":"EMME","catalog_id":"ME_TRCS437","average_dip":"(85.0,85.0,85.0)","dip_dir":null,"net_slip_rate":"(0.8,0.25,1.25)"},"geometry":{"type":"LineString","coordinates":[[34.67826,38.77017],[34.5792,38.81867],[34.4801,38.86719],[34.37288,38.90388],[34.2777,38.95708],[34.17505,39.00118],[34.07235,39.0453],[33.97066,39.0909],[33.87476,39.14359],[33.78099,39.19861],[33.68717,39.25366],[33.59331,39.30874],[33.49939,39.36384],[33.42516,39.4074]]}},{"type":"Feature","properties":{"id":"ME_TRCS439","name":null,"slip_type":"Sinistral","catalog_name":"EMME","catalog_id":"ME_TRCS439","average_dip":"(80.0,80.0,80.0)","dip_dir":null,"net_slip_rate":"(0.3,0.2,0.4)"},"geometry":{"type":"LineString","coordinates":[[34.483,37.15323],[34.39327,37.10126],[34.30358,37.04931],[34.21392,36.99738],[34.12431,36.94547],[34.03474,36.89359],[33.94521,36.84173],[33.85571,36.7899],[33.76626,36.73809],[33.67685,36.6863],[33.58748,36.63453],[33.49813,36.58278]]}},{"type":"Feature","properties":{"id":"ME_TRCS901","name":null,"slip_type":"Normal","catalog_name":"EMME","catalog_id":"ME_TRCS901","average_dip":"(65.0,50.0,80.0)","dip_dir":null,"net_slip_rate":"(0.9,0.6,1.1)"},"geometry":{"type":"LineString","coordinates":[[26.16901,39.96231],[26.18014,39.96042],[26.206,39.95876],[26.22505,39.95885],[26.23998,39.95947],[26.25321,39.9616],[26.27456,39.96514],[26.29591,39.96868],[26.31846,39.96891],[26.3344,39.97127],[26.35124,39.97718],[26.36582,39.98787],[26.37777,39.99051],[26.40577,40.00077],[26.41847,40.00223],[26.43303,40.01073]]}},{"type":"Feature","properties":{"id":"ME_TRCS904","name":null,"slip_type":"Normal","catalog_name":"EMME","catalog_id":"ME_TRCS904","average_dip":"(62.5,45.0,80.0)","dip_dir":null,"net_slip_rate":"(1.6,0.8,2.5)"},"geometry":{"type":"LineString","coordinates":[[26.05449,39.47469],[26.02589,39.48936],[25.99729,39.50404],[25.96099,39.51872],[25.92469,39.5334],[25.88069,39.54031],[25.83668,39.54722],[25.78498,39.5429],[25.73328,39.53858],[25.69808,39.52736],[25.66288,39.51613]]}},{"type":"Feature","properties":{"id":"ME_TRCS905","name":null,"slip_type":"Normal","catalog_name":"EMME","catalog_id":"ME_TRCS905","average_dip":"(65.0,50.0,80.0)","dip_dir":null,"net_slip_rate":"(0.8,0.7,1.0)"},"geometry":{"type":"LineString","coordinates":[[27.27682,38.63643],[27.30433,38.62463],[27.34086,38.61417],[27.3791,38.60776],[27.41563,38.60776],[27.43583,38.60979],[27.44786,38.6135],[27.45946,38.61417],[27.4788,38.61012],[27.50588,38.59899],[27.54111,38.57706],[27.56776,38.55514],[27.5828,38.53119],[27.59354,38.51837],[27.6103,38.50589]]}},{"type":"Feature","properties":{"id":"ME_TRCS907","name":null,"slip_type":"Normal","catalog_name":"EMME","catalog_id":"ME_TRCS907","average_dip":"(57.5,45.0,70.0)","dip_dir":null,"net_slip_rate":"(0.8,0.5,1.0)"},"geometry":{"type":"LineString","coordinates":[[26.35902,38.52809],[26.38517,38.51005],[26.40577,38.49699],[26.43113,38.48082],[26.46124,38.4634],[26.49293,38.44723],[26.51591,38.4323]]}},{"type":"Feature","properties":{"id":"ME_TRCS912","name":null,"slip_type":"Dextral-Normal","catalog_name":"EMME","catalog_id":"ME_TRCS912","average_dip":"(75.0,65.0,85.0)","dip_dir":null,"net_slip_rate":"(0.8,0.5,1.0)"},"geometry":{"type":"LineString","coordinates":[[27.14661,37.6204],[27.17756,37.62242],[27.20678,37.62445],[27.236,37.63457],[27.26608,37.64671],[27.30562,37.65885],[27.34086,37.67235],[27.35547,37.68719],[27.38039,37.70743],[27.39844,37.73846],[27.4036,37.7533],[27.41133,37.76073],[27.43368,37.7722],[27.45603,37.77894],[27.47322,37.79446],[27.48783,37.82077],[27.50416,37.83157],[27.51963,37.83899]]}},{"type":"Feature","properties":{"id":"ME_TRCS913","name":null,"slip_type":"Normal","catalog_name":"EMME","catalog_id":"ME_TRCS913","average_dip":"(62.5,50.0,75.0)","dip_dir":null,"net_slip_rate":"(1.8,0.5,3.0)"},"geometry":{"type":"LineString","coordinates":[[27.79165,36.97491],[27.7474,36.97081],[27.69699,36.966],[27.64434,36.96169],[27.58523,36.95567],[27.53329,36.94117],[27.46591,36.93539],[27.3918,36.93612]]}},{"type":"Feature","properties":{"id":"ME_TRCS996","name":null,"slip_type":"Dextral-Normal","catalog_name":"EMME","catalog_id":"ME_TRCS996","average_dip":"(72.5,55.0,90.0)","dip_dir":null,"net_slip_rate":"(21.9,15.0,28.8881)"},"geometry":{"type":"LineString","coordinates":[[25.0054,39.98484],[25.0815,40.00668],[25.25162,40.05351],[25.38953,40.09225],[25.52408,40.12352],[25.62851,40.16158],[25.77382,40.21203],[25.92666,40.24731],[26.08559,40.27235],[26.2005,40.31579],[26.32103,40.37128],[26.48827,40.45104],[26.58505,40.4916],[26.68183,40.53216],[26.84888,40.59541],[26.90007,40.61693],[26.98771,40.65521],[27.06701,40.6829],[27.13691,40.7],[27.20682,40.71547],[27.3362,40.75212],[27.42433,40.77738],[27.50138,40.79608],[27.57564,40.80378],[27.71014,40.80818],[27.88107,40.81148],[28.02602,40.80224]]}},{"type":"Feature","properties":{"id":"ME_TRCS997","name":null,"slip_type":"Sinistral-Reverse","catalog_name":"EMME","catalog_id":"ME_TRCS997","average_dip":"(55.0,40.0,70.0)","dip_dir":null,"net_slip_rate":"(0.8,0.19,1.5)"},"geometry":{"type":"LineString","coordinates":[[33.92583,34.99788],[34.04581,34.97009],[34.16578,34.9423],[34.34017,34.9426],[34.45228,34.94279],[34.56439,34.94298],[34.7498,34.96779],[34.91383,35.00306],[35.07746,35.04533],[35.28118,35.11216],[35.42095,35.17189],[35.56071,35.23162],[35.6597,35.31402],[35.75869,35.39642],[35.86357,35.52024],[35.96844,35.64406],[36.07331,35.76788]]}},{"type":"Feature","properties":{"id":"ME_TRCS998","name":null,"slip_type":"Reverse","catalog_name":"EMME","catalog_id":"ME_TRCS998","average_dip":"(60.0,40.0,80.0)","dip_dir":null,"net_slip_rate":"(1.7,0.36,3.0)"},"geometry":{"type":"LineString","coordinates":[[33.47158,35.23856],[33.5494,35.22621],[33.62723,35.21386],[33.73444,35.21287],[33.83421,35.22008],[33.93398,35.22729],[34.05889,35.25682],[34.1838,35.28635],[34.29132,35.32273],[34.39884,35.35911],[34.50145,35.41528],[34.60405,35.47144],[34.6863,35.52057],[34.76855,35.5697],[34.85893,35.65734],[34.94931,35.74497]]}},{"type":"Feature","properties":{"id":"ME_TRCS999","name":null,"slip_type":"Sinistral-Reverse","catalog_name":"EMME","catalog_id":"ME_TRCS999","average_dip":"(70.0,50.0,90.0)","dip_dir":null,"net_slip_rate":"(1.7,0.4,3.0)"},"geometry":{"type":"LineString","coordinates":[[36.05551,37.05818],[35.94711,36.96229],[35.82707,36.8825],[35.75784,36.82441],[35.68861,36.76633],[35.58855,36.66209],[35.51975,36.59747],[35.45095,36.53285],[35.37382,36.45154],[35.29669,36.37024],[35.22581,36.2806],[35.15493,36.19096],[35.07988,36.10757],[35.00484,36.02419],[34.94229,35.94497],[34.87975,35.86575]]}},{"type":"Feature","properties":{"id":"ME_G17s3s1","name":null,"slip_type":"Reverse","catalog_name":"EMME","catalog_id":"ME_G17s3s1","average_dip":"(40.0,40.0,40.0)","dip_dir":null,"net_slip_rate":"(1.0,1.0,1.0)"},"geometry":{"type":"LineString","coordinates":[[43.89612,41.99359],[43.97565,41.98033],[44.06651,41.98269],[44.1886,41.97263],[44.27228,41.95272],[44.34171,41.95306],[44.37449,41.95322],[44.51441,41.88065],[44.66788,41.8391]]}},{"type":"Feature","properties":{"id":"ME_G24s1s1","name":null,"slip_type":"Dextral","catalog_name":"EMME","catalog_id":"ME_G24s1s1","average_dip":"(77.5,75.0,80.0)","dip_dir":null,"net_slip_rate":"(0.1,0.09,0.1)"},"geometry":{"type":"LineString","coordinates":[[45.2093,41.42506],[44.72054,41.79827]]}},{"type":"Feature","properties":{"id":"ME_G17s4s1","name":null,"slip_type":"Reverse","catalog_name":"EMME","catalog_id":"ME_G17s4s1","average_dip":"(40.0,40.0,40.0)","dip_dir":null,"net_slip_rate":"(1.0,1.0,1.0)"},"geometry":{"type":"LineString","coordinates":[[44.66788,41.8391],[44.75884,41.83113],[44.87893,41.83728],[45.00648,41.8206],[45.13568,41.78815]]}},{"type":"Feature","properties":{"id":"ME_G12s1s1","name":null,"slip_type":"Reverse","catalog_name":"EMME","catalog_id":"ME_G12s1s1","average_dip":"(65.0,60.0,70.0)","dip_dir":null,"net_slip_rate":"None"},"geometry":{"type":"LineString","coordinates":[[41.78479,42.95321],[41.84916,42.93734],[41.91256,42.94033],[41.99201,42.93109],[42.07984,42.9258],[42.12999,42.91823],[42.16429,42.91909]]}},{"type":"Feature","properties":{"id":"ME_G27s1s1","name":null,"slip_type":"Reverse","catalog_name":"EMME","catalog_id":"ME_G27s1s1","average_dip":"(65.0,60.0,70.0)","dip_dir":null,"net_slip_rate":"None"},"geometry":{"type":"LineString","coordinates":[[44.1599,41.38502],[44.20134,41.38098],[44.28547,41.39118],[44.39395,41.39588],[44.49185,41.38788],[44.57267,41.38675],[44.85798,41.38934],[44.91801,41.38355],[45.05392,41.32379]]}},{"type":"Feature","properties":{"id":"ME_G35s1s2","name":null,"slip_type":"Dextral","catalog_name":"EMME","catalog_id":"ME_G35s1s2","average_dip":"(85.0,80.0,90.0)","dip_dir":null,"net_slip_rate":"(0.1,0.1,0.11)"},"geometry":{"type":"LineString","coordinates":[[43.91208,41.4043],[43.95649,41.37041],[43.99948,41.32262]]}},{"type":"Feature","properties":{"id":"ME_G33s1s1","name":null,"slip_type":"Sinistral","catalog_name":"EMME","catalog_id":"ME_G33s1s1","average_dip":"(85.0,80.0,90.0)","dip_dir":null,"net_slip_rate":"(0.8,0.1,1.5)"},"geometry":{"type":"LineString","coordinates":[[43.60012,41.62529],[43.4863,41.50729],[43.29743,41.35035],[43.2474,41.27775]]}},{"type":"Feature","properties":{"id":"ME_G32s1s1","name":null,"slip_type":"Sinistral","catalog_name":"EMME","catalog_id":"ME_G32s1s1","average_dip":"(85.0,80.0,90.0)","dip_dir":null,"net_slip_rate":"(0.8,0.1,1.5)"},"geometry":{"type":"LineString","coordinates":[[43.57856,41.62906],[43.46177,41.57114],[43.27922,41.47385],[43.16912,41.38752],[43.08063,41.30347]]}},{"type":"Feature","properties":{"id":"ME_G34s1s1","name":null,"slip_type":"Dextral","catalog_name":"EMME","catalog_id":"ME_G34s1s1","average_dip":"(85.0,80.0,90.0)","dip_dir":null,"net_slip_rate":"(0.1,0.1,0.11)"},"geometry":{"type":"LineString","coordinates":[[43.59296,41.28198],[43.66952,41.23539],[43.69557,41.21991],[43.72299,41.20661],[43.82234,41.15391]]}},{"type":"Feature","properties":{"id":"ME_G35s1s1","name":null,"slip_type":"Dextral","catalog_name":"EMME","catalog_id":"ME_G35s1s1","average_dip":"(85.0,80.0,90.0)","dip_dir":null,"net_slip_rate":"(0.1,0.1,0.11)"},"geometry":{"type":"LineString","coordinates":[[44.00347,41.45136],[44.01067,41.38318],[43.99948,41.32262],[44.00616,41.26839]]}},{"type":"Feature","properties":{"id":"ME_G13s5s1","name":null,"slip_type":"Reverse","catalog_name":"EMME","catalog_id":"ME_G13s5s1","average_dip":"(65.0,60.0,70.0)","dip_dir":null,"net_slip_rate":"(0.2,0.1,0.32)"},"geometry":{"type":"LineString","coordinates":[[43.45943,42.4979],[43.5214,42.46909],[43.55325,42.4524],[43.57718,42.44095],[43.60224,42.43315],[43.62996,42.42445],[43.65785,42.41901],[43.69004,42.41061],[43.71449,42.39749],[43.73631,42.38887],[43.75409,42.38979],[43.7722,42.38838],[43.79148,42.38481],[43.81555,42.38626],[43.84432,42.39497]]}},{"type":"Feature","properties":{"id":"ME_G22s3s1","name":null,"slip_type":"Sinistral","catalog_name":"EMME","catalog_id":"ME_G22s3s1","average_dip":"(70.0,70.0,70.0)","dip_dir":null,"net_slip_rate":"(0.2,0.1,0.32)"},"geometry":{"type":"LineString","coordinates":[[43.33876,41.69093],[43.21726,41.67624],[43.11568,41.65811],[42.99304,41.62341],[42.88433,41.59587],[42.85719,41.58116],[42.83242,41.56773]]}},{"type":"Feature","properties":{"id":"ME_G29s1s1","name":null,"slip_type":"Dextral","catalog_name":"EMME","catalog_id":"ME_G29s1s1","average_dip":"(85.0,80.0,90.0)","dip_dir":null,"net_slip_rate":"(0.1,0.1,0.11)"},"geometry":{"type":"LineString","coordinates":[[44.34541,41.24173],[44.3222,41.25552],[44.29887,41.27975],[44.28597,41.28543],[44.21439,41.31607],[44.12345,41.38609],[44.02472,41.44694],[43.94976,41.50901],[43.88692,41.56305]]}},{"type":"Feature","properties":{"id":"ME_G25s1s1","name":null,"slip_type":"Reverse","catalog_name":"EMME","catalog_id":"ME_G25s1s1","average_dip":"(65.0,60.0,70.0)","dip_dir":null,"net_slip_rate":"(0.1,0.07,0.1)"},"geometry":{"type":"LineString","coordinates":[[43.88971,41.65062],[44.01068,41.64568],[44.11009,41.64448],[44.80326,41.59617]]}},{"type":"Feature","properties":{"id":"ME_G8s2s3","name":null,"slip_type":"Reverse","catalog_name":"EMME","catalog_id":"ME_G8s2s3","average_dip":"(60.0,60.0,60.0)","dip_dir":null,"net_slip_rate":"(0.4,0.1,0.65)"},"geometry":{"type":"LineString","coordinates":[[45.84448,41.86961],[45.88572,41.84835],[45.96647,41.82388],[46.06638,41.7961],[46.19644,41.73883]]}},{"type":"Feature","properties":{"id":"ME_G30s1s1","name":null,"slip_type":"Dextral","catalog_name":"EMME","catalog_id":"ME_G30s1s1","average_dip":"(85.0,80.0,90.0)","dip_dir":null,"net_slip_rate":"(0.1,0.1,0.11)"},"geometry":{"type":"LineString","coordinates":[[43.78833,41.60258],[43.86298,41.5087],[43.92545,41.33744],[43.92336,41.24701],[43.95731,41.18051]]}},{"type":"Feature","properties":{"id":"ME_G1s1s4","name":null,"slip_type":"Reverse","catalog_name":"EMME","catalog_id":"ME_G1s1s4","average_dip":"(65.0,60.0,70.0)","dip_dir":null,"net_slip_rate":"(0.7,0.68,0.76)"},"geometry":{"type":"LineString","coordinates":[[42.3665,43.05203],[42.33881,43.06516],[42.26697,43.08488],[42.19322,43.09993],[42.14366,43.08799],[42.06888,43.07998],[41.99904,43.09959],[41.94667,43.10279],[41.92854,43.13138],[41.89616,43.15193],[41.80201,43.15392],[41.69243,43.1707],[41.60099,43.19861],[41.50241,43.24001],[41.38144,43.30357],[41.33662,43.31744],[41.27806,43.31555],[41.08048,43.39003],[41.0448,43.39033],[41.00292,43.421],[40.9403,43.41573],[40.9,43.42194],[40.85122,43.45996],[40.7742,43.48008],[40.69461,43.50617],[40.61428,43.54136]]}},{"type":"Feature","properties":{"id":"ME_G10s1s3","name":null,"slip_type":"Reverse","catalog_name":"EMME","catalog_id":"ME_G10s1s3","average_dip":"(65.0,60.0,70.0)","dip_dir":null,"net_slip_rate":"None"},"geometry":{"type":"LineString","coordinates":[[43.49053,42.62866],[43.43733,42.64029],[43.33944,42.65536],[43.27141,42.69754],[43.21781,42.71934],[43.12192,42.75482],[43.03442,42.78625],[42.93336,42.80298],[42.85766,42.81187],[42.75167,42.80778],[42.64174,42.83436],[42.5796,42.85156],[42.53058,42.88959],[42.41904,42.94881],[42.37815,42.98901],[42.27542,43.03184],[42.18769,43.05028]]}},{"type":"Feature","properties":{"id":"ME_G11s2s1","name":null,"slip_type":"Reverse","catalog_name":"EMME","catalog_id":"ME_G11s2s1","average_dip":"(65.0,60.0,70.0)","dip_dir":null,"net_slip_rate":"None"},"geometry":{"type":"LineString","coordinates":[[42.02047,43.06251],[41.97221,43.06974],[41.8477,43.08151],[41.77284,43.08131],[41.70947,43.08391],[41.63921,43.08089],[41.58428,43.08901],[41.5562,43.09206],[41.50633,43.10418],[41.48488,43.10742],[41.46182,43.11548],[41.42881,43.11153],[41.3849,43.11209],[41.35277,43.11594],[41.3201,43.12853],[41.28218,43.13997],[41.25595,43.15567],[41.21522,43.16893],[41.17441,43.18316],[41.14204,43.18986],[41.10145,43.20017],[41.07027,43.20884]]}},{"type":"Feature","properties":{"id":"ME_G12s2s2","name":null,"slip_type":"Reverse","catalog_name":"EMME","catalog_id":"ME_G12s2s2","average_dip":"(65.0,60.0,70.0)","dip_dir":null,"net_slip_rate":"None"},"geometry":{"type":"LineString","coordinates":[[42.53004,42.76468],[42.41695,42.78201],[42.37355,42.79735],[42.33647,42.81282],[42.33428,42.81414],[42.30426,42.82489],[42.20995,42.84362],[42.0914,42.87099],[42.02417,42.88442],[41.99628,42.90351],[41.95316,42.90937],[41.89772,42.90877],[41.8642,42.90975]]}},{"type":"Feature","properties":{"id":"ME_G13s2s1","name":null,"slip_type":"Reverse","catalog_name":"EMME","catalog_id":"ME_G13s2s1","average_dip":"(65.0,60.0,70.0)","dip_dir":null,"net_slip_rate":"(0.4,0.35,0.4)"},"geometry":{"type":"LineString","coordinates":[[42.62505,42.63683],[42.55868,42.63309],[42.4333,42.63971],[42.35616,42.6286],[42.31478,42.63348],[42.0288,42.7527],[41.82044,42.79387],[41.75153,42.80596],[41.69118,42.8358]]}},{"type":"Feature","properties":{"id":"ME_G13s3s1","name":null,"slip_type":"Reverse","catalog_name":"EMME","catalog_id":"ME_G13s3s1","average_dip":"(65.0,60.0,70.0)","dip_dir":null,"net_slip_rate":"(0.4,0.37,0.41)"},"geometry":{"type":"LineString","coordinates":[[43.22929,42.53316],[43.20624,42.53623],[43.17884,42.54641],[43.10721,42.56162],[43.03253,42.57205],[43.00513,42.58795],[42.98107,42.59805],[42.94445,42.60442],[42.68514,42.63923]]}},{"type":"Feature","properties":{"id":"ME_G13s4s3","name":null,"slip_type":"Reverse","catalog_name":"EMME","catalog_id":"ME_G13s4s3","average_dip":"(60.0,60.0,60.0)","dip_dir":null,"net_slip_rate":"(0.4,0.37,0.41)"},"geometry":{"type":"LineString","coordinates":[[43.88058,42.43507],[43.81376,42.42376],[43.7428,42.42067],[43.63807,42.44637],[43.56974,42.46542],[43.51999,42.4987],[43.47219,42.51444],[43.27331,42.52101],[43.24441,42.52273]]}},{"type":"Feature","properties":{"id":"ME_G14s1s1","name":null,"slip_type":"Dextral","catalog_name":"EMME","catalog_id":"ME_G14s1s1","average_dip":"(77.5,75.0,80.0)","dip_dir":null,"net_slip_rate":"(0.1,0.1,0.1)"},"geometry":{"type":"LineString","coordinates":[[41.72543,42.79294],[41.78373,42.72442],[41.82857,42.61035],[41.80808,42.5709],[41.78868,42.43169],[41.80226,42.38149]]}},{"type":"Feature","properties":{"id":"ME_G14s2s1","name":null,"slip_type":"Reverse","catalog_name":"EMME","catalog_id":"ME_G14s2s1","average_dip":"(60.0,60.0,60.0)","dip_dir":null,"net_slip_rate":"(0.1,0.1,0.1)"},"geometry":{"type":"LineString","coordinates":[[41.80226,42.38149],[41.89757,42.3302],[42.00426,42.32782],[42.02434,42.31411],[42.02976,42.29592],[42.03517,42.2764]]}},{"type":"Feature","properties":{"id":"ME_G14s3s3","name":null,"slip_type":"Sinistral","catalog_name":"EMME","catalog_id":"ME_G14s3s3","average_dip":"(85.0,80.0,90.0)","dip_dir":null,"net_slip_rate":"(0.1,0.1,0.1)"},"geometry":{"type":"LineString","coordinates":[[42.05584,42.27481],[42.14328,42.29966],[42.19322,42.35023],[42.26336,42.41779],[42.38968,42.46761],[42.47219,42.54279],[42.60186,42.58355],[42.63406,42.61559]]}},{"type":"Feature","properties":{"id":"ME_G15s1s1","name":null,"slip_type":"Reverse","catalog_name":"EMME","catalog_id":"ME_G15s1s1","average_dip":"(65.0,45.0,85.0)","dip_dir":null,"net_slip_rate":"None"},"geometry":{"type":"LineString","coordinates":[[43.57189,42.3565],[43.55831,42.34572],[43.5347,42.34069],[43.49754,42.34358],[43.47751,42.34757],[43.42393,42.35062],[43.37061,42.35261],[43.30802,42.34904],[43.24715,42.34813],[43.21188,42.32899],[43.1799,42.32051],[43.16087,42.29763],[43.10757,42.2848],[43.06836,42.28016],[43.01829,42.27931],[43.00366,42.28968],[42.96938,42.29838],[42.89324,42.27442],[42.86119,42.26984],[42.82884,42.27455],[42.79295,42.27785],[42.76289,42.26797],[42.74699,42.26234],[42.7255,42.26325]]}},{"type":"Feature","properties":{"id":"ME_G15s2s2","name":null,"slip_type":"Reverse","catalog_name":"EMME","catalog_id":"ME_G15s2s2","average_dip":"(65.0,60.0,70.0)","dip_dir":null,"net_slip_rate":"None"},"geometry":{"type":"LineString","coordinates":[[43.99777,42.33324],[43.89566,42.33628],[43.84723,42.34112],[43.75376,42.35874],[43.69626,42.3674],[43.66579,42.36838],[43.61746,42.36648],[43.59415,42.3652],[43.57987,42.36115]]}},{"type":"Feature","properties":{"id":"ME_G16s1s2","name":null,"slip_type":"Reverse","catalog_name":"EMME","catalog_id":"ME_G16s1s2","average_dip":"(40.0,40.0,40.0)","dip_dir":null,"net_slip_rate":"(1.0,1.0,1.0)"},"geometry":{"type":"LineString","coordinates":[[44.68035,41.87083],[44.62469,41.87403],[44.49217,41.9487],[44.41535,41.98323],[44.28597,42.00545],[44.18321,42.01832]]}},{"type":"Feature","properties":{"id":"ME_G17s1s1","name":null,"slip_type":"Reverse","catalog_name":"EMME","catalog_id":"ME_G17s1s1","average_dip":"(40.0,40.0,40.0)","dip_dir":null,"net_slip_rate":"(0.4,0.38,0.43)"},"geometry":{"type":"LineString","coordinates":[[42.44729,42.06907],[42.41343,42.08375],[42.36299,42.10532],[42.33812,42.10758],[42.25089,42.0876],[42.13892,42.08514],[41.98327,42.06134],[41.91585,42.06981],[41.86356,42.06175],[41.80646,42.03768]]}},{"type":"Feature","properties":{"id":"ME_G18s1s1","name":null,"slip_type":"Reverse","catalog_name":"EMME","catalog_id":"ME_G18s1s1","average_dip":"(60.0,60.0,60.0)","dip_dir":null,"net_slip_rate":"(0.7,0.25,1.24)"},"geometry":{"type":"LineString","coordinates":[[45.08805,41.84404],[45.0268,41.84493],[44.95129,41.86133],[44.86297,41.89495],[44.78145,41.92139],[44.7228,41.95568],[44.64707,41.97742],[44.54408,42.02321],[44.42141,42.08205],[44.28237,42.12266],[44.15309,42.1944]]}},{"type":"Feature","properties":{"id":"ME_G18s2s1","name":null,"slip_type":"Reverse","catalog_name":"EMME","catalog_id":"ME_G18s2s1","average_dip":"(60.0,60.0,60.0)","dip_dir":null,"net_slip_rate":"(0.7,0.2,1.24)"},"geometry":{"type":"LineString","coordinates":[[44.74189,41.98166],[44.77883,41.97868],[44.84042,41.95582],[44.87533,41.92831],[44.93071,41.89775],[45.14984,41.86552],[45.22757,41.84091],[45.29487,41.78871],[45.33765,41.75645],[45.38459,41.74253],[45.46826,41.72538],[45.53138,41.69908],[45.574,41.66827],[45.59009,41.64216],[45.61817,41.5915],[45.65049,41.56071]]}},{"type":"Feature","properties":{"id":"ME_G18s3s1","name":null,"slip_type":"Reverse","catalog_name":"EMME","catalog_id":"ME_G18s3s1","average_dip":"(60.0,60.0,60.0)","dip_dir":null,"net_slip_rate":"(0.7,0.2,1.24)"},"geometry":{"type":"LineString","coordinates":[[45.65049,41.56071],[45.72561,41.53577],[45.80873,41.50307],[45.8916,41.45807],[46.00683,41.40967],[46.0854,41.36609],[46.13558,41.3304],[46.25026,41.27411],[46.35745,41.25758],[46.48053,41.22852],[46.56056,41.18307],[46.67001,41.18459]]}},{"type":"Feature","properties":{"id":"ME_G19s1s2","name":null,"slip_type":"Reverse","catalog_name":"EMME","catalog_id":"ME_G19s1s2","average_dip":"(60.0,60.0,60.0)","dip_dir":null,"net_slip_rate":"(0.7,0.2,1.24)"},"geometry":{"type":"LineString","coordinates":[[46.54131,41.10451],[46.2883,41.19347],[46.13828,41.2084],[45.97818,41.22991],[45.87894,41.27364],[45.80368,41.31933],[45.71178,41.36383],[45.50085,41.43936],[45.29368,41.61373],[45.27728,41.64335],[45.27992,41.66624],[45.27874,41.68724],[45.2597,41.69873],[45.172,41.75423],[45.15294,41.7743]]}},{"type":"Feature","properties":{"id":"ME_G19s2s1","name":null,"slip_type":"Dextral-Reverse","catalog_name":"EMME","catalog_id":"ME_G19s2s1","average_dip":"(87.5,85.0,90.0)","dip_dir":null,"net_slip_rate":"(1.1,1.01,1.24)"},"geometry":{"type":"LineString","coordinates":[[45.21402,41.71368],[45.21115,41.61639],[45.21355,41.57251],[45.26413,41.51517],[45.30836,41.47595]]}},{"type":"Feature","properties":{"id":"ME_G2s1s5","name":null,"slip_type":"Reverse","catalog_name":"EMME","catalog_id":"ME_G2s1s5","average_dip":"(60.0,50.0,70.0)","dip_dir":null,"net_slip_rate":"(0.4,0.1,0.76)"},"geometry":{"type":"LineString","coordinates":[[44.65641,42.67426],[44.68866,42.66643],[44.72462,42.62691],[44.76757,42.61776],[44.80517,42.59803],[44.85164,42.5981],[44.91953,42.62457],[44.98568,42.62196],[45.07506,42.60477],[45.12507,42.5836],[45.18213,42.54259],[45.2195,42.50687],[45.28534,42.46447],[45.36359,42.42595],[45.41327,42.39013],[45.4808,42.37006],[45.52874,42.35268],[45.58203,42.33922],[45.65103,42.29923]]}},{"type":"Feature","properties":{"id":"ME_G20s1s2","name":null,"slip_type":"Reverse","catalog_name":"EMME","catalog_id":"ME_G20s1s2","average_dip":"(50.0,50.0,50.0)","dip_dir":null,"net_slip_rate":"(0.4,0.4,0.45)"},"geometry":{"type":"LineString","coordinates":[[43.27376,41.94912],[43.12999,42.00151],[43.10115,42.01851],[43.09584,42.02164],[43.06061,42.0424],[43.02873,42.05412],[42.98722,42.06667],[42.97437,42.08279],[42.9591,42.08865],[42.93733,42.08315],[42.92641,42.08193],[42.90983,42.08572],[42.89218,42.08029],[42.86341,42.07975],[42.84488,42.06],[42.82163,42.05854],[42.79128,42.06409],[42.76666,42.06259],[42.72738,42.04956],[42.68408,42.0344],[42.62829,42.02406],[42.57084,42.02184],[42.54749,42.02339],[42.51589,42.02577],[42.48711,42.02617],[42.46791,42.02676],[42.43622,42.03117],[42.40748,42.03052],[42.37501,42.02059],[42.34739,42.01353],[42.288,42.01081],[42.29656,41.99186],[42.21936,41.97442]]}},{"type":"Feature","properties":{"id":"ME_G20s2s2","name":null,"slip_type":"Sinistral","catalog_name":"EMME","catalog_id":"ME_G20s2s2","average_dip":"(75.0,70.0,80.0)","dip_dir":null,"net_slip_rate":"None"},"geometry":{"type":"LineString","coordinates":[[42.32015,41.95702],[42.29202,41.95944],[42.23421,41.95566],[42.18783,41.94772],[42.17306,41.94123],[42.09608,41.91343],[41.97365,41.86129],[41.84518,41.83535],[41.71917,41.80443]]}},{"type":"Feature","properties":{"id":"ME_G21s1s1","name":null,"slip_type":"Sinistral","catalog_name":"EMME","catalog_id":"ME_G21s1s1","average_dip":"(70.0,70.0,70.0)","dip_dir":null,"net_slip_rate":"None"},"geometry":{"type":"LineString","coordinates":[[41.73815,41.56076],[42.03102,41.6332],[42.08361,41.66824],[42.11992,41.68585],[42.36387,41.73992],[42.4506,41.73817],[42.55076,41.74128],[42.61124,41.74626],[42.65438,41.75179]]}},{"type":"Feature","properties":{"id":"ME_G21s2s1","name":null,"slip_type":"Sinistral","catalog_name":"EMME","catalog_id":"ME_G21s2s1","average_dip":"(70.0,70.0,70.0)","dip_dir":null,"net_slip_rate":"None"},"geometry":{"type":"LineString","coordinates":[[42.65438,41.75179],[42.77944,41.78766],[42.88629,41.81656],[42.96702,41.85048],[43.03057,41.86904],[43.03094,41.86921],[43.0731,41.86992],[43.12501,41.87635],[43.20263,41.89613],[43.2583,41.90255],[43.31499,41.91824],[43.36936,41.92829],[43.41865,41.94382],[43.47175,41.9566],[43.50151,41.95884],[43.52723,41.93711],[43.57189,41.92414],[43.62929,41.92312],[43.70102,41.93105],[43.7743,41.96316],[43.80957,41.973],[43.84619,42.00885]]}},{"type":"Feature","properties":{"id":"ME_G22s1s4","name":null,"slip_type":"Reverse","catalog_name":"EMME","catalog_id":"ME_G22s1s4","average_dip":"(65.0,60.0,70.0)","dip_dir":null,"net_slip_rate":"(0.3,0.28,0.32)"},"geometry":{"type":"LineString","coordinates":[[43.31093,41.7786],[43.37622,41.78661],[43.43084,41.7899],[43.51313,41.78852],[43.55818,41.79497],[43.64032,41.81362],[43.71257,41.83799],[43.73766,41.86179],[43.77492,41.86808],[43.85159,41.87181],[43.9244,41.87105],[43.94971,41.88746],[43.99886,41.89084],[44.0619,41.89718],[44.12457,41.87154],[44.24551,41.85524],[44.34113,41.885]]}},{"type":"Feature","properties":{"id":"ME_G22s2s1","name":null,"slip_type":"Sinistral","catalog_name":"EMME","catalog_id":"ME_G22s2s1","average_dip":"(70.0,70.0,70.0)","dip_dir":null,"net_slip_rate":"(0.2,0.1,0.32)"},"geometry":{"type":"LineString","coordinates":[[42.61702,41.59639],[42.63292,41.60354],[42.70787,41.63722],[42.81271,41.66669],[42.95042,41.68018],[43.00743,41.68023],[43.04642,41.68393],[43.08199,41.68959],[43.1183,41.69272],[43.21901,41.71776],[43.34843,41.73483],[43.38884,41.72949]]}},{"type":"Feature","properties":{"id":"ME_G26s1s2","name":null,"slip_type":"Reverse","catalog_name":"EMME","catalog_id":"ME_G26s1s2","average_dip":"(65.0,60.0,70.0)","dip_dir":null,"net_slip_rate":"None"},"geometry":{"type":"LineString","coordinates":[[43.98048,41.51646],[44.07165,41.51521],[44.14491,41.5101],[44.1904,41.50718],[44.2519,41.49926],[44.37751,41.49328],[44.79097,41.51115]]}},{"type":"Feature","properties":{"id":"ME_G28s1s3","name":null,"slip_type":"Dextral","catalog_name":"EMME","catalog_id":"ME_G28s1s3","average_dip":"(75.0,75.0,75.0)","dip_dir":null,"net_slip_rate":"(0.1,0.1,0.11)"},"geometry":{"type":"LineString","coordinates":[[44.80427,41.24501],[44.74051,41.26562],[44.64668,41.29364],[44.61288,41.30484],[44.56824,41.30003],[44.5195,41.30078],[44.45454,41.29766],[44.39201,41.303],[44.34939,41.31596],[44.31795,41.33369],[44.22243,41.35358]]}},{"type":"Feature","properties":{"id":"ME_G29s1s2","name":null,"slip_type":"Dextral","catalog_name":"EMME","catalog_id":"ME_G29s1s2","average_dip":"(77.5,75.0,80.0)","dip_dir":null,"net_slip_rate":"(0.1,0.1,0.11)"},"geometry":{"type":"LineString","coordinates":[[45.08352,41.11121],[45.02923,41.12199],[44.81473,41.18667],[44.59695,41.22025],[44.53693,41.23047],[44.4815,41.24068],[44.42381,41.24388],[44.37539,41.24189],[44.34541,41.24173]]}},{"type":"Feature","properties":{"id":"ME_G3s1s6","name":null,"slip_type":"Reverse","catalog_name":"EMME","catalog_id":"ME_G3s1s6","average_dip":"(40.0,40.0,40.0)","dip_dir":null,"net_slip_rate":"(0.5,0.1,0.9)"},"geometry":{"type":"LineString","coordinates":[[45.60456,42.21722],[45.57566,42.22695],[45.54194,42.24028],[45.49219,42.26685],[45.40687,42.28634],[45.34894,42.30809],[45.28127,42.32863],[45.22483,42.33833],[45.16516,42.35759],[45.12646,42.38039],[45.09905,42.40676],[45.08452,42.41995],[45.05544,42.42954],[45.0215,42.44153],[44.973,42.46428],[44.93579,42.47863],[44.87271,42.47499],[44.81124,42.47849],[44.74163,42.49153],[44.68653,42.50935],[44.61517,42.53428],[44.52094,42.57703],[44.47212,42.60316],[44.36816,42.63887],[44.32403,42.64254],[44.28705,42.66147]]}},{"type":"Feature","properties":{"id":"ME_G31s1s1","name":null,"slip_type":"Sinistral","catalog_name":"EMME","catalog_id":"ME_G31s1s1","average_dip":"(85.0,80.0,90.0)","dip_dir":null,"net_slip_rate":"(0.1,0.1,0.11)"},"geometry":{"type":"LineString","coordinates":[[43.71406,41.66653],[43.69559,41.5941],[43.68073,41.50924],[43.66637,41.44878],[43.60814,41.39137],[43.58066,41.30687],[43.56184,41.28095],[43.52217,41.23931],[43.45634,41.17893]]}},{"type":"Feature","properties":{"id":"ME_G31s2s1","name":null,"slip_type":"Dextral","catalog_name":"EMME","catalog_id":"ME_G31s2s1","average_dip":"(85.0,80.0,90.0)","dip_dir":null,"net_slip_rate":"(0.1,0.1,0.11)"},"geometry":{"type":"LineString","coordinates":[[43.63448,41.37348],[43.66177,41.34713],[43.68367,41.32946],[43.70956,41.31293],[43.73604,41.29005],[43.7634,41.27105],[43.80966,41.23242],[43.8661,41.19269]]}},{"type":"Feature","properties":{"id":"ME_G4s1s3","name":null,"slip_type":"Reverse","catalog_name":"EMME","catalog_id":"ME_G4s1s3","average_dip":"(60.0,60.0,60.0)","dip_dir":null,"net_slip_rate":"(0.4,0.1,0.62)"},"geometry":{"type":"LineString","coordinates":[[45.1991,42.31326],[45.27759,42.27112],[45.4952,42.13719],[45.63944,42.09633],[45.73218,42.06475],[45.81775,42.05323],[45.91273,42.01784],[46.02917,41.95481],[46.15538,41.90434],[46.39828,41.84142],[46.8101,41.6948]]}},{"type":"Feature","properties":{"id":"ME_G5s1s1","name":null,"slip_type":"Reverse","catalog_name":"EMME","catalog_id":"ME_G5s1s1","average_dip":"(60.0,60.0,60.0)","dip_dir":null,"net_slip_rate":"(0.4,0.1,0.62)"},"geometry":{"type":"LineString","coordinates":[[43.36446,42.84489],[43.5319,42.79053],[43.61312,42.75293],[43.71678,42.72325],[43.80267,42.70487],[44.23192,42.62933],[44.26284,42.61996],[44.30017,42.6166],[44.34899,42.60999],[44.38243,42.60428],[44.42874,42.5875],[44.47015,42.57596],[44.55669,42.53446],[44.59872,42.51697],[44.73331,42.46063]]}},{"type":"Feature","properties":{"id":"ME_G5s2s4","name":null,"slip_type":"Reverse","catalog_name":"EMME","catalog_id":"ME_G5s2s4","average_dip":"(60.0,60.0,60.0)","dip_dir":null,"net_slip_rate":"(0.4,0.1,0.62)"},"geometry":{"type":"LineString","coordinates":[[44.75997,42.45131],[44.8888,42.43631],[44.96999,42.42591],[45.06525,42.39451],[45.17081,42.30028],[45.26917,42.23734],[45.38131,42.16119],[45.56308,42.05062],[45.66444,42.01347],[45.75535,41.99199],[45.83582,41.98097],[45.95099,41.9487],[46.29801,41.78841]]}},{"type":"Feature","properties":{"id":"ME_G6s1s2","name":null,"slip_type":"Reverse","catalog_name":"EMME","catalog_id":"ME_G6s1s2","average_dip":"(80.0,80.0,80.0)","dip_dir":null,"net_slip_rate":"None"},"geometry":{"type":"LineString","coordinates":[[40.89891,43.37011],[40.87868,43.37808],[40.85146,43.39233],[40.83785,43.39923],[40.82404,43.40917],[40.80554,43.41763],[40.77153,43.42595],[40.71883,43.43661],[40.68118,43.4452],[40.60245,43.47658],[40.57142,43.48408],[40.53653,43.48707],[40.46746,43.50742],[40.44525,43.51654],[40.43162,43.5308],[40.42559,43.53926],[40.42238,43.55001]]}},{"type":"Feature","properties":{"id":"ME_G7s1s2","name":null,"slip_type":"Reverse","catalog_name":"EMME","catalog_id":"ME_G7s1s2","average_dip":"(60.0,60.0,60.0)","dip_dir":null,"net_slip_rate":"(0.4,0.1,0.62)"},"geometry":{"type":"LineString","coordinates":[[44.38818,42.52711],[44.445,42.51827],[44.51676,42.48758],[44.57865,42.44951],[44.68234,42.40787],[44.76612,42.39165],[44.94832,42.33531],[45.05893,42.27692],[45.17672,42.22023],[45.32122,42.15423],[45.40664,42.09009]]}},{"type":"Feature","properties":{"id":"ME_G8s1s2","name":null,"slip_type":"Reverse","catalog_name":"EMME","catalog_id":"ME_G8s1s2","average_dip":"(60.0,60.0,60.0)","dip_dir":null,"net_slip_rate":"(0.5,0.1,0.83)"},"geometry":{"type":"LineString","coordinates":[[44.25416,42.42458],[44.34595,42.38902],[44.40083,42.38255],[44.48017,42.36262],[44.6051,42.34505],[44.73305,42.31607],[44.86698,42.27567],[44.91869,42.25765],[45.01897,42.20124],[45.09485,42.17862],[45.14942,42.14921]]}},{"type":"Feature","properties":{"id":"ME_G8s2s1","name":null,"slip_type":"Reverse","catalog_name":"EMME","catalog_id":"ME_G8s2s1","average_dip":"(60.0,60.0,60.0)","dip_dir":null,"net_slip_rate":"(0.5,0.1,0.83)"},"geometry":{"type":"LineString","coordinates":[[45.1844,42.13669],[45.39095,42.05459],[45.64288,41.94648],[45.93195,41.78312],[46.18497,41.63865]]}},{"type":"Feature","properties":{"id":"ME_G9s1s1","name":null,"slip_type":"Reverse","catalog_name":"EMME","catalog_id":"ME_G9s1s1","average_dip":"(55.0,50.0,60.0)","dip_dir":null,"net_slip_rate":"(0.9,0.8,0.91)"},"geometry":{"type":"LineString","coordinates":[[43.96987,42.42428],[43.93891,42.43627],[43.8986,42.44115],[43.74975,42.48957],[43.68389,42.52476],[43.63218,42.56009],[43.5759,42.58481],[43.5411,42.6311],[43.43822,42.66561],[43.32636,42.72859],[43.18166,42.85193],[43.06762,42.91343],[43.02841,42.91874],[42.99918,42.91703],[42.96476,42.9248],[42.90705,42.94767],[42.83677,43.00255],[42.81668,43.01771],[42.70896,43.02278],[42.49264,43.05291],[42.40343,43.08081],[42.39246,43.08495]]}},{"type":"Feature","properties":{"id":"ME_G9s2s1","name":null,"slip_type":"Reverse","catalog_name":"EMME","catalog_id":"ME_G9s2s1","average_dip":"(50.0,50.0,50.0)","dip_dir":null,"net_slip_rate":"(0.9,0.8,0.91)"},"geometry":{"type":"LineString","coordinates":[[44.33707,42.15944],[44.32164,42.16049],[44.28384,42.16991],[44.20253,42.20453],[44.13173,42.26613],[44.11107,42.30891],[44.04496,42.34255],[43.96987,42.42428]]}},{"type":"Feature","properties":{"id":"ME_G9s3s1","name":null,"slip_type":"Reverse","catalog_name":"EMME","catalog_id":"ME_G9s3s1","average_dip":"(45.0,45.0,45.0)","dip_dir":null,"net_slip_rate":"(1.1,0.2,2.0)"},"geometry":{"type":"LineString","coordinates":[[45.67729,41.70565],[45.90701,41.57887],[46.01017,41.5275],[46.16554,41.4449],[46.28042,41.39011],[46.36932,41.36459],[46.51289,41.33524],[46.70974,41.29719],[46.7979,41.26215]]}},{"type":"Feature","properties":{"id":"ME_G11s1s1","name":null,"slip_type":"Reverse","catalog_name":"EMME","catalog_id":"ME_G11s1s1","average_dip":"(65.0,60.0,70.0)","dip_dir":null,"net_slip_rate":"None"},"geometry":{"type":"LineString","coordinates":[[40.2546,43.29582],[40.37295,43.27002],[40.4284,43.25553],[40.472,43.24611],[40.51904,43.2417],[40.55721,43.2411],[40.63,43.23624],[40.67222,43.23228],[40.7445,43.22152],[40.78363,43.2142],[40.82514,43.21086],[40.85987,43.2092],[40.89275,43.21526],[40.91945,43.21427],[40.93458,43.20702],[40.9671,43.19843],[40.99405,43.19353],[41.02598,43.19368],[41.04926,43.20422],[41.07027,43.20884]]}},{"type":"Feature","properties":{"id":"ME_G1s2s8","name":null,"slip_type":"Reverse","catalog_name":"EMME","catalog_id":"ME_G1s2s8","average_dip":"(65.0,60.0,70.0)","dip_dir":null,"net_slip_rate":"(0.4,0.1,0.76)"},"geometry":{"type":"LineString","coordinates":[[43.37415,42.8624],[43.42879,42.85995],[43.47798,42.8516],[43.54304,42.837],[43.61008,42.81081],[43.65602,42.78819],[43.70206,42.75912],[43.73902,42.74538],[43.77956,42.72651],[43.80768,42.71651],[43.8864,42.70545],[43.99744,42.70288],[44.16204,42.7069],[44.31075,42.71599],[44.42541,42.71752],[44.52195,42.70679],[44.65627,42.70067],[44.744,42.69826],[44.87644,42.71433],[44.95703,42.68665],[45.02862,42.66949],[45.07691,42.65098],[45.13231,42.62849],[45.177,42.62447],[45.20205,42.62971],[45.28237,42.59652],[45.65845,42.49859],[45.70277,42.47323],[45.73291,42.4572],[45.78089,42.44368]]}},{"type":"Feature","properties":{"id":"ME_G13s1s1","name":null,"slip_type":"Reverse","catalog_name":"EMME","catalog_id":"ME_G13s1s1","average_dip":"(65.0,60.0,70.0)","dip_dir":null,"net_slip_rate":"(0.4,0.35,0.4)"},"geometry":{"type":"LineString","coordinates":[[41.69118,42.8358],[41.62462,42.89115],[41.563,42.9127],[41.246,43.07694],[41.20389,43.08724],[41.12435,43.10912],[41.01403,43.11234],[40.96763,43.11422],[40.92853,43.10231],[40.89557,43.09412],[40.8417,43.08866],[40.80629,43.09321],[40.76252,43.10329],[40.56023,43.08853]]}},{"type":"Feature","properties":{"id":"ME_G1s2s6","name":null,"slip_type":"Reverse","catalog_name":"EMME","catalog_id":"ME_G1s2s6","average_dip":"(65.0,60.0,70.0)","dip_dir":null,"net_slip_rate":"(0.7,0.68,0.76)"},"geometry":{"type":"LineString","coordinates":[[41.87734,43.23404],[42.09676,43.15261],[42.23349,43.13305],[42.40105,43.1232],[42.43293,43.11015],[42.48061,43.11886],[42.50817,43.10876],[42.70468,43.10369],[42.80957,43.09044],[43.31933,42.87727]]}},{"type":"Feature","properties":{"id":"ME_G1s2s5","name":null,"slip_type":"Reverse","catalog_name":"EMME","catalog_id":"ME_G1s2s5","average_dip":"(65.0,60.0,70.0)","dip_dir":null,"net_slip_rate":"(0.7,0.68,0.76)"},"geometry":{"type":"LineString","coordinates":[[42.98,42.99236],[42.93902,43.00545],[42.90968,43.01661],[42.86536,43.04131],[42.81113,43.05835],[42.75711,43.069],[42.69755,43.07207],[42.64684,43.07104],[42.59804,43.05833],[42.57359,43.05356],[42.53972,43.06666],[42.32749,43.11292]]}},{"type":"Feature","properties":{"id":"ME_G9s2s4","name":null,"slip_type":"Reverse","catalog_name":"EMME","catalog_id":"ME_G9s2s4","average_dip":"(45.0,45.0,45.0)","dip_dir":null,"net_slip_rate":"(1.1,0.2,2.0)"},"geometry":{"type":"LineString","coordinates":[[45.67729,41.70565],[45.64107,41.70936],[45.61308,41.71828],[45.59795,41.72624],[45.55828,41.73871],[45.47692,41.81358],[45.33419,41.85089],[45.26743,41.86509],[45.23228,41.87042],[45.19013,41.89241],[45.17375,41.90734],[45.14097,41.93893],[45.10811,41.94423],[45.08113,41.96003],[45.05062,41.98458],[45.03419,41.99949],[45.01069,42.02754],[44.98365,42.03893],[44.93545,42.03453],[44.89783,42.04064],[44.86018,42.05287],[44.81889,42.10014],[44.7647,42.11494],[44.68696,42.12614],[44.64807,42.13216],[44.57036,42.13365],[44.51732,42.14133],[44.40414,42.15482],[44.33707,42.15944]]}},{"type":"Feature","properties":{"id":"ME_G23s1s1","name":null,"slip_type":"Sinistral","catalog_name":"EMME","catalog_id":"ME_G23s1s1","average_dip":"(77.5,75.0,80.0)","dip_dir":null,"net_slip_rate":"(0.2,0.1,0.2)"},"geometry":{"type":"LineString","coordinates":[[42.97999,41.47947],[43.03669,41.52139],[43.09775,41.55808],[43.22321,41.6001],[43.28135,41.63701],[43.33617,41.65889],[43.41702,41.68363],[43.46063,41.71286],[43.46525,41.71486],[43.51746,41.73615],[43.54842,41.74176],[43.58675,41.74162],[43.65665,41.73236],[43.72408,41.73312],[43.75568,41.72673],[43.80061,41.7289],[43.85668,41.7362],[43.92593,41.76382],[43.98875,41.7745],[44.06083,41.76837],[44.11496,41.7587],[44.20025,41.77279],[44.30125,41.79535],[44.42918,41.76376],[44.60012,41.77077]]}},{"type":"Feature","properties":{"id":"ME_G17s2s1","name":null,"slip_type":"Reverse","catalog_name":"EMME","catalog_id":"ME_G17s2s1","average_dip":"(40.0,40.0,40.0)","dip_dir":null,"net_slip_rate":"(0.4,0.38,0.43)"},"geometry":{"type":"LineString","coordinates":[[43.65006,42.09923],[43.53845,42.05206],[43.42092,41.99522],[43.31891,41.96848],[43.00536,42.10727],[42.93846,42.12279],[42.88352,42.12287],[42.79395,42.10164],[42.75586,42.1009],[42.72924,42.09896],[42.69377,42.07838],[42.64452,42.07028],[42.57609,42.06601],[42.5106,42.05773],[42.4878,42.05865],[42.46078,42.04675],[42.43896,42.04697],[42.40273,42.05181],[42.36547,42.05747],[42.33647,42.05848],[42.29689,42.05312],[42.27887,42.03132],[42.22299,42.04909],[42.15469,42.04707]]}},{"type":"Feature","properties":{"id":"ME_AM5","name":null,"slip_type":"Dextral","catalog_name":"EMME","catalog_id":"ME_AM5","average_dip":"(70.0,70.0,70.0)","dip_dir":null,"net_slip_rate":"(1.1,0.44,1.8)"},"geometry":{"type":"LineString","coordinates":[[46.30978,39.12437],[46.36559,39.04603],[46.36559,38.99157],[46.39224,38.92305],[46.46646,38.8336],[46.51595,38.82218]]}},{"type":"Feature","properties":{"id":"ME_AM6","name":null,"slip_type":"Dextral","catalog_name":"EMME","catalog_id":"ME_AM6","average_dip":"(70.0,70.0,70.0)","dip_dir":null,"net_slip_rate":"(1.1,0.44,1.8)"},"geometry":{"type":"LineString","coordinates":[[46.10829,39.44148],[46.13817,39.37442],[46.14651,39.3279],[46.16094,39.07335],[46.17693,38.87555],[46.2343,38.76864],[46.33758,38.69981],[46.37306,38.68757]]}},{"type":"Feature","properties":{"id":"ME_AkeraF01","name":null,"slip_type":"Dextral","catalog_name":"EMME","catalog_id":"ME_AkeraF01","average_dip":"(70.0,70.0,70.0)","dip_dir":null,"net_slip_rate":"(1.1,0.8,1.3)"},"geometry":{"type":"LineString","coordinates":[[46.03973,40.18473],[46.16,40.09819],[46.32533,39.94517],[46.46108,39.73981],[46.54725,39.56149],[46.62589,39.39605],[46.72625,39.2703]]}},{"type":"Feature","properties":{"id":"ME_AM1s7","name":null,"slip_type":"Dextral","catalog_name":"EMME","catalog_id":"ME_AM1s7","average_dip":"(70.0,70.0,70.0)","dip_dir":null,"net_slip_rate":"(0.6,0.25,1.0)"},"geometry":{"type":"LineString","coordinates":[[45.05198,40.41625],[45.10418,40.37109],[45.1432,40.28986],[45.14938,40.19051],[45.17619,40.12163],[45.22337,40.0663]]}},{"type":"Feature","properties":{"id":"ME_AM2s1","name":null,"slip_type":"Dextral-Reverse","catalog_name":"EMME","catalog_id":"ME_AM2s1","average_dip":"(72.5,60.0,85.0)","dip_dir":null,"net_slip_rate":"(1.3,0.25,2.4)"},"geometry":{"type":"LineString","coordinates":[[44.09936,40.90067],[44.16167,40.88211],[44.21057,40.86742],[44.30017,40.80293],[44.3317,40.78657],[44.36751,40.77105],[44.4231,40.71582],[44.46426,40.68195],[44.47114,40.65264],[44.52242,40.59319]]}},{"type":"Feature","properties":{"id":"ME_AM2s2","name":null,"slip_type":"Dextral-Normal","catalog_name":"EMME","catalog_id":"ME_AM2s2","average_dip":"(80.0,80.0,80.0)","dip_dir":null,"net_slip_rate":"(1.8,0.5,3.0)"},"geometry":{"type":"LineString","coordinates":[[44.49925,40.651],[44.54504,40.62396],[44.57917,40.57463],[44.60715,40.44311],[44.65624,40.32422],[44.70741,40.24675],[44.72539,40.19927],[44.72881,40.13905],[44.77643,40.07117],[44.82401,40.02079]]}},{"type":"Feature","properties":{"id":"ME_AM2s3","name":null,"slip_type":"Dextral","catalog_name":"EMME","catalog_id":"ME_AM2s3","average_dip":"(77.5,75.0,80.0)","dip_dir":null,"net_slip_rate":"(0.5,0.25,0.75)"},"geometry":{"type":"LineString","coordinates":[[45.09493,39.80606],[45.14703,39.75749],[45.23844,39.67021],[45.37807,39.54411]]}},{"type":"Feature","properties":{"id":"ME_AM2s4s","name":null,"slip_type":"Dextral-Normal","catalog_name":"EMME","catalog_id":"ME_AM2s4s","average_dip":"(60.0,60.0,60.0)","dip_dir":null,"net_slip_rate":"(0.6,0.25,1.0)"},"geometry":{"type":"LineString","coordinates":[[45.10754,39.68576],[45.11388,39.66495],[45.1187,39.59783],[45.14038,39.52642],[45.18052,39.43899]]}},{"type":"Feature","properties":{"id":"ME_AM2s5","name":null,"slip_type":"Dextral-Normal","catalog_name":"EMME","catalog_id":"ME_AM2s5","average_dip":"(60.0,60.0,60.0)","dip_dir":null,"net_slip_rate":"(1.8,0.5,3.0)"},"geometry":{"type":"LineString","coordinates":[[44.75583,40.20458],[44.80935,40.10621],[44.86306,40.02249],[44.90943,39.96607],[45.00494,39.86607],[45.04527,39.80658],[45.08752,39.7373],[45.09941,39.70465]]}},{"type":"Feature","properties":{"id":"ME_AM1s1","name":null,"slip_type":"Dextral","catalog_name":"EMME","catalog_id":"ME_AM1s1","average_dip":"(77.5,75.0,80.0)","dip_dir":null,"net_slip_rate":"(2.4,0.8,4.0)"},"geometry":{"type":"LineString","coordinates":[[43.30552,41.0712],[43.39213,41.04038],[43.45443,41.02131],[43.50671,41.00438],[43.54637,40.99847],[43.60042,40.9813],[43.64166,40.97606],[43.68629,40.97328],[43.73518,40.9638],[43.78296,40.9578],[43.84364,40.95329],[43.90089,40.95583]]}},{"type":"Feature","properties":{"id":"ME_AM1s2","name":null,"slip_type":"Dextral","catalog_name":"EMME","catalog_id":"ME_AM1s2","average_dip":"(77.5,75.0,80.0)","dip_dir":null,"net_slip_rate":"(1.4,0.25,2.5)"},"geometry":{"type":"LineString","coordinates":[[43.96464,40.96442],[44.1024,40.93322],[44.14508,40.92198],[44.20036,40.9123],[44.26279,40.89717],[44.32557,40.87614],[44.35892,40.84563],[44.39379,40.8315],[44.44336,40.79973],[44.48273,40.7822],[44.53508,40.7636],[44.58267,40.75607],[44.6113,40.7462]]}},{"type":"Feature","properties":{"id":"ME_AM1s3","name":null,"slip_type":"Dextral","catalog_name":"EMME","catalog_id":"ME_AM1s3","average_dip":"(77.5,75.0,80.0)","dip_dir":null,"net_slip_rate":"(1.6,1.0,2.1)"},"geometry":{"type":"LineString","coordinates":[[44.38719,40.88701],[44.45368,40.86176],[44.54178,40.82238],[44.6276,40.78937],[44.6843,40.75872],[44.82849,40.69997],[44.99026,40.63342],[45.01897,40.62624]]}},{"type":"Feature","properties":{"id":"ME_AM1s4","name":null,"slip_type":"Reverse","catalog_name":"EMME","catalog_id":"ME_AM1s4","average_dip":"(52.5,45.0,60.0)","dip_dir":null,"net_slip_rate":"(1.6,1.0,2.1)"},"geometry":{"type":"LineString","coordinates":[[45.02464,40.62492],[45.07582,40.61713],[45.15297,40.59524],[45.20198,40.56871],[45.23133,40.54389],[45.26343,40.50111],[45.31212,40.47118],[45.38589,40.45133],[45.4388,40.44799]]}},{"type":"Feature","properties":{"id":"ME_AM1s5","name":null,"slip_type":"Reverse","catalog_name":"EMME","catalog_id":"ME_AM1s5","average_dip":"(52.5,45.0,60.0)","dip_dir":null,"net_slip_rate":"(1.6,1.0,2.1)"},"geometry":{"type":"LineString","coordinates":[[45.44611,40.44792],[45.52251,40.40001],[45.52537,40.39779],[45.57899,40.37535],[45.58626,40.37309],[45.63706,40.35737],[45.70953,40.32036],[45.76924,40.28751],[45.77948,40.28055],[45.82632,40.26516],[45.8832,40.25645],[45.93714,40.24374],[46.00268,40.21857],[46.06844,40.2078],[46.10726,40.20051],[46.17644,40.1773],[46.25416,40.15745],[46.32789,40.13515],[46.37937,40.13003],[46.46807,40.11977],[46.47106,40.11972],[46.56026,40.13759],[46.61523,40.16626],[46.66529,40.20964],[46.7103,40.25347]]}},{"type":"Feature","properties":{"id":"ME_AM1s6","name":null,"slip_type":"Reverse","catalog_name":"EMME","catalog_id":"ME_AM1s6","average_dip":"(52.5,45.0,60.0)","dip_dir":null,"net_slip_rate":"(0.8,0.5,1.0)"},"geometry":{"type":"LineString","coordinates":[[45.9168,40.30353],[45.95617,40.28969],[45.99835,40.27474],[46.02167,40.27118],[46.04523,40.28451],[46.08798,40.27812],[46.16874,40.26863],[46.22128,40.26761],[46.28632,40.24889],[46.36032,40.23036],[46.40534,40.22196],[46.44514,40.21388],[46.49467,40.21694],[46.5463,40.22673],[46.60578,40.23645],[46.65301,40.24549]]}},{"type":"Feature","properties":{"id":"ME_IR149s3","name":null,"slip_type":"Dextral","catalog_name":"EMME","catalog_id":"ME_IR149s3","average_dip":"(85.0,80.0,90.0)","dip_dir":null,"net_slip_rate":"(1.2,0.5,2.0)"},"geometry":{"type":"LineString","coordinates":[[44.28722,39.21441],[44.32464,39.18946],[44.36919,39.13066],[44.38523,39.09145],[44.3977,39.05225]]}},{"type":"Feature","properties":{"id":"ME_IR43s1","name":null,"slip_type":"Dextral","catalog_name":"EMME","catalog_id":"ME_IR43s1","average_dip":"(85.0,80.0,90.0)","dip_dir":null,"net_slip_rate":"(4.5,3.5,5.5)"},"geometry":{"type":"LineString","coordinates":[[44.45412,38.8254],[44.27902,38.93613],[44.18776,38.99913],[44.10352,39.04769],[44.03287,39.07091],[43.91058,39.14059],[43.75841,39.18492],[43.47209,39.25467]]}},{"type":"Feature","properties":{"id":"ME_IR149s4","name":null,"slip_type":"Dextral","catalog_name":"EMME","catalog_id":"ME_IR149s4","average_dip":"(85.0,80.0,90.0)","dip_dir":null,"net_slip_rate":"(1.2,0.5,2.0)"},"geometry":{"type":"LineString","coordinates":[[44.10091,39.36438],[44.14131,39.31686],[44.18603,39.2463],[44.24052,39.22323]]}},{"type":"Feature","properties":{"id":"ME_IR2s3s2","name":null,"slip_type":"Dextral-Reverse","catalog_name":"EMME","catalog_id":"ME_IR2s3s2","average_dip":"(75.0,70.0,80.0)","dip_dir":null,"net_slip_rate":"(4.7,3.0,6.45)"},"geometry":{"type":"LineString","coordinates":[[46.06612,38.26059],[46.05562,38.26938],[46.03031,38.27985],[45.98268,38.29404],[45.89193,38.3235],[45.85827,38.33124],[45.78688,38.3381],[45.7138,38.36519],[45.63903,38.38066],[45.57198,38.39355],[45.52177,38.40214],[45.48544,38.42214],[45.44953,38.43224],[45.41273,38.44502],[45.37216,38.4541],[45.31294,38.47571],[45.21952,38.48171],[45.15022,38.48785]]}},{"type":"Feature","properties":{"id":"ME_IR149s1","name":null,"slip_type":"Dextral","catalog_name":"EMME","catalog_id":"ME_IR149s1","average_dip":"(85.0,80.0,90.0)","dip_dir":null,"net_slip_rate":"(2.2,0.5,4.0)"},"geometry":{"type":"LineString","coordinates":[[44.12476,39.41696],[44.17941,39.36706],[44.20792,39.34806],[44.24356,39.27915],[44.26732,39.21738],[44.28871,39.14372],[44.29346,39.10808],[44.36949,39.03205],[44.41701,38.98929],[44.43975,38.94542],[44.45829,38.93393],[44.54026,38.84126],[44.61867,38.77177],[44.67213,38.70762],[44.72559,38.65772]]}},{"type":"Feature","properties":{"id":"ME_IR149s2","name":null,"slip_type":"Dextral","catalog_name":"EMME","catalog_id":"ME_IR149s2","average_dip":"(85.0,80.0,90.0)","dip_dir":null,"net_slip_rate":"(2.2,0.5,4.0)"},"geometry":{"type":"LineString","coordinates":[[44.75232,38.66307],[44.81112,38.60782],[44.93942,38.54902],[45.0681,38.50426]]}},{"type":"Feature","properties":{"id":"ME_IR4s7","name":null,"slip_type":"Dextral","catalog_name":"EMME","catalog_id":"ME_IR4s7","average_dip":"(85.0,80.0,90.0)","dip_dir":null,"net_slip_rate":"(2.2,0.5,4.0)"},"geometry":{"type":"LineString","coordinates":[[46.9235,34.94211],[46.6895,35.07196],[46.48798,35.32554],[46.32658,35.40924],[46.06741,35.66495],[45.6433,36.01266],[45.44655,36.03783],[45.14786,36.4035],[45.07918,36.64108]]}},{"type":"Feature","properties":{"id":"ME_IR4s4s2","name":null,"slip_type":"Dextral","catalog_name":"EMME","catalog_id":"ME_IR4s4s2","average_dip":"(85.0,80.0,90.0)","dip_dir":null,"net_slip_rate":"(2.5,1.0,4.0)"},"geometry":{"type":"LineString","coordinates":[[47,34.84691],[46.9322,34.87306]]}},{"type":"Feature","properties":{"id":"ME_IR16s1","name":null,"slip_type":"Reverse","catalog_name":"EMME","catalog_id":"ME_IR16s1","average_dip":"(46.5,33.0,60.0)","dip_dir":null,"net_slip_rate":"(1.5,1.0,2.0)"},"geometry":{"type":"LineString","coordinates":[[45.63744,35.59557],[46.01259,34.94329],[46.94243,34.10338],[47,34.08306]]}},{"type":"Feature","properties":{"id":"ME_IR97s7","name":null,"slip_type":"Reverse","catalog_name":"EMME","catalog_id":"ME_IR97s7","average_dip":"(45.0,30.0,60.0)","dip_dir":null,"net_slip_rate":"(1.0,1.0,1.0)"},"geometry":{"type":"LineString","coordinates":[[45.72572,33.87198],[45.74708,33.8264],[45.78696,33.78083],[45.81972,33.74237],[45.8653,33.69822],[45.8989,33.67911],[45.93974,33.66241],[45.98614,33.65127],[46.03479,33.62273],[46.08179,33.60991],[46.12595,33.5857],[46.16988,33.56775],[46.21813,33.53063],[46.26268,33.49166],[46.29794,33.44711],[46.33877,33.41371],[46.38703,33.37473],[46.41858,33.34875],[46.45199,33.32833],[46.50196,33.31081]]}},{"type":"Feature","properties":{"id":"ME_IR97s1","name":null,"slip_type":"Reverse","catalog_name":"EMME","catalog_id":"ME_IR97s1","average_dip":"(45.0,30.0,60.0)","dip_dir":null,"net_slip_rate":"(1.0,1.0,1.0)"},"geometry":{"type":"LineString","coordinates":[[46.30537,33.23182],[46.34991,33.2114],[46.3926,33.1947],[46.46033,33.1718],[46.50328,33.15379],[46.54969,33.11915],[46.58017,33.08243],[46.60027,33.04641],[46.6052,33.0042],[46.60567,33]]}},{"type":"Feature","properties":{"id":"ME_IR151s1","name":null,"slip_type":"Dextral","catalog_name":"EMME","catalog_id":"ME_IR151s1","average_dip":"(50.0,50.0,50.0)","dip_dir":null,"net_slip_rate":"(1.0,1.0,1.0)"},"geometry":{"type":"LineString","coordinates":[[44.58762,39.41752],[44.62892,39.33702],[44.63448,39.28542],[44.67233,39.20483],[44.69782,39.16933],[44.77632,39.04969],[44.87052,38.96491],[44.96496,38.8473],[45.03268,38.74395],[45.11465,38.66019],[45.19484,38.61208]]}},{"type":"Feature","properties":{"id":"ME_IR7","name":null,"slip_type":"Dextral-Normal","catalog_name":"EMME","catalog_id":"ME_IR7","average_dip":"(85.0,85.0,85.0)","dip_dir":null,"net_slip_rate":"(1.5,1.0,2.0)"},"geometry":{"type":"LineString","coordinates":[[44.44079,38.3071],[44.48253,38.27729],[44.5297,38.24359],[44.57376,38.21211],[44.60948,38.1866],[44.63214,38.17041],[44.67683,38.1445],[44.67888,38.14331],[44.72088,38.1318],[44.76297,38.12036],[44.8097,38.10867],[44.81223,38.10804],[44.86969,38.0629],[44.92715,38.04237],[44.97434,38.03417],[45.02975,38.02596]]}},{"type":"Feature","properties":{"id":"ME_IR146s1","name":null,"slip_type":"Reverse","catalog_name":"EMME","catalog_id":"ME_IR146s1","average_dip":"(45.0,30.0,60.0)","dip_dir":null,"net_slip_rate":"(1.0,1.0,1.0)"},"geometry":{"type":"LineString","coordinates":[[45.49741,33.96298],[45.51963,33.92876],[45.54725,33.89753],[45.56767,33.86451],[45.59589,33.82547],[45.61571,33.79065],[45.63612,33.75582],[45.65834,33.71739],[45.68476,33.68557],[45.71719,33.65675],[45.75502,33.62492],[45.79765,33.58889],[45.82467,33.55707],[45.84749,33.52945],[45.87331,33.49102],[45.90513,33.45799],[45.93756,33.42256],[45.96698,33.37933],[45.9922,33.3463],[46.02282,33.31208],[46.04684,33.28025],[46.08347,33.24783],[46.1195,33.22381],[46.15132,33.2064],[46.18555,33.20159],[46.22098,33.20219],[46.2558,33.20459],[46.29964,33.20039],[46.34647,33.19018],[46.40112,33.17757]]}},{"type":"Feature","properties":{"id":"ME_IR146s2","name":null,"slip_type":"Reverse","catalog_name":"EMME","catalog_id":"ME_IR146s2","average_dip":"(45.0,30.0,60.0)","dip_dir":null,"net_slip_rate":"(1.0,1.0,1.0)"},"geometry":{"type":"LineString","coordinates":[[45.94619,33.1193],[45.98266,33.06791],[46.01747,33.03641],[46.05725,33.00326],[46.06378,33]]}},{"type":"Feature","properties":{"id":"ME_SY1s2","name":null,"slip_type":"Sinistral-Reverse","catalog_name":"EMME","catalog_id":"ME_SY1s2","average_dip":"(70.0,70.0,70.0)","dip_dir":null,"net_slip_rate":"(2.6,2.35,2.85)"},"geometry":{"type":"LineString","coordinates":[[36.3728,36.2321],[36.31206,35.97317],[36.2671,35.66248],[36.24867,35.38484]]}},{"type":"Feature","properties":{"id":"ME_SY1s3s1","name":null,"slip_type":"Sinistral","catalog_name":"EMME","catalog_id":"ME_SY1s3s1","average_dip":"(85.0,85.0,85.0)","dip_dir":null,"net_slip_rate":"(5.0,3.0,7.0)"},"geometry":{"type":"LineString","coordinates":[[36.35175,35.291],[36.33755,34.97779],[36.33957,34.89745],[36.32874,34.76542],[36.3281,34.6701]]}},{"type":"Feature","properties":{"id":"ME_SY1s5","name":null,"slip_type":"Sinistral","catalog_name":"EMME","catalog_id":"ME_SY1s5","average_dip":"(85.0,85.0,85.0)","dip_dir":null,"net_slip_rate":"(1.0,0.5,1.5)"},"geometry":{"type":"LineString","coordinates":[[36.44531,36.12655],[36.41154,36.00966],[36.3719,35.7809]]}},{"type":"Feature","properties":{"id":"ME_SY1s6","name":null,"slip_type":"Sinistral-Normal","catalog_name":"EMME","catalog_id":"ME_SY1s6","average_dip":"(77.5,70.0,85.0)","dip_dir":null,"net_slip_rate":"None"},"geometry":{"type":"LineString","coordinates":[[36.81505,36.22236],[36.58651,36.03752],[36.5702,36.00967],[36.50213,35.88016],[36.46816,35.75209],[36.38555,35.61985],[36.38113,35.52103],[36.36174,35.34501]]}},{"type":"Feature","properties":{"id":"ME_SY2s3s3","name":null,"slip_type":"Sinistral","catalog_name":"EMME","catalog_id":"ME_SY2s3s3","average_dip":"(85.0,85.0,85.0)","dip_dir":null,"net_slip_rate":"(0.8,0.5,1.0)"},"geometry":{"type":"LineString","coordinates":[[39.73614,35.44075],[39.18289,35.26684],[38.85514,35.04485]]}},{"type":"Feature","properties":{"id":"ME_SY2s1s2","name":null,"slip_type":"Reverse","catalog_name":"EMME","catalog_id":"ME_SY2s1s2","average_dip":"(45.0,45.0,45.0)","dip_dir":null,"net_slip_rate":"(0.8,0.5,1.0)"},"geometry":{"type":"LineString","coordinates":[[38.71341,34.91602],[38.2242,34.61101],[38.05088,34.41657],[37.61262,34.2764],[36.78917,33.63199]]}},{"type":"Feature","properties":{"id":"ME_SY2s1s3","name":null,"slip_type":"Reverse","catalog_name":"EMME","catalog_id":"ME_SY2s1s3","average_dip":"(45.0,45.0,45.0)","dip_dir":null,"net_slip_rate":"(0.6,0.5,0.75)"},"geometry":{"type":"LineString","coordinates":[[38.21578,34.36839],[37.83827,34.24307]]}},{"type":"Feature","properties":{"id":"ME_SY2s2","name":null,"slip_type":"Reverse","catalog_name":"EMME","catalog_id":"ME_SY2s2","average_dip":"(45.0,45.0,45.0)","dip_dir":null,"net_slip_rate":"(1.0,0.5,1.5)"},"geometry":{"type":"LineString","coordinates":[[37.2166,34.40998],[37.13423,34.33174],[37.11697,34.303],[37.00088,34.09557],[36.9635,34.06127],[36.91628,34.0433],[36.85372,33.99364],[36.79376,33.91461],[36.4182,33.6141],[36.32552,33.60179]]}},{"type":"Feature","properties":{"id":"ME_LB1s2","name":null,"slip_type":"Sinistral","catalog_name":"EMME","catalog_id":"ME_LB1s2","average_dip":"(85.0,85.0,85.0)","dip_dir":null,"net_slip_rate":"(4.7,3.0,6.41)"},"geometry":{"type":"LineString","coordinates":[[35.55884,33.1671],[35.57681,33.3532],[35.64795,33.51328],[35.72078,33.66582],[35.75668,33.72087],[35.79438,33.76349],[35.92166,33.95344],[35.96535,34.00559],[36.01011,34.08557],[36.05919,34.17445],[36.16515,34.29304],[36.20602,34.32912],[36.28658,34.47515],[36.31299,34.56802],[36.3281,34.6701]]}},{"type":"Feature","properties":{"id":"ME_LB3s1","name":null,"slip_type":"Sinistral","catalog_name":"EMME","catalog_id":"ME_LB3s1","average_dip":"(80.0,75.0,85.0)","dip_dir":null,"net_slip_rate":"(0.9,0.5,1.3)"},"geometry":{"type":"LineString","coordinates":[[35.66155,33.13182],[35.64307,33.20075],[35.67552,33.30375],[35.73281,33.41695],[35.79088,33.46902],[35.85249,33.54971],[35.89789,33.59495],[35.93975,33.65028],[36.00511,33.72119]]}},{"type":"Feature","properties":{"id":"ME_LB3s2","name":null,"slip_type":"Sinistral","catalog_name":"EMME","catalog_id":"ME_LB3s2","average_dip":"(85.0,85.0,85.0)","dip_dir":null,"net_slip_rate":"(0.9,0.5,1.3)"},"geometry":{"type":"LineString","coordinates":[[36.00356,33.50395],[36.10077,33.6491],[36.19114,33.77261],[36.21083,33.89453],[36.30751,34.06945],[36.43928,34.21917]]}},{"type":"Feature","properties":{"id":"ME_LB2","name":null,"slip_type":"Reverse","catalog_name":"EMME","catalog_id":"ME_LB2","average_dip":"(45.0,45.0,45.0)","dip_dir":null,"net_slip_rate":"(1.5,1.0,2.0)"},"geometry":{"type":"LineString","coordinates":[[35.26122,33.75889],[35.41143,33.96175],[35.48689,33.99289],[35.5545,34.11871],[35.55721,34.22066],[35.6657,34.33809]]}},{"type":"Feature","properties":{"id":"ME_JO1","name":null,"slip_type":"Sinistral","catalog_name":"EMME","catalog_id":"ME_JO1","average_dip":"(85.0,80.0,90.0)","dip_dir":null,"net_slip_rate":"(4.8,3.5,6.0)"},"geometry":{"type":"LineString","coordinates":[[35.56014,33.13403],[35.62141,33.01666],[35.62305,33]]}},{"type":"Feature","properties":{"id":"ME_AZ11s1","name":null,"slip_type":"Reverse","catalog_name":"EMME","catalog_id":"ME_AZ11s1","average_dip":"(60.0,60.0,60.0)","dip_dir":null,"net_slip_rate":"(0.7,0.63,0.77)"},"geometry":{"type":"LineString","coordinates":[[46.66704,41.18111],[46.84574,41.17077],[47,41.07223]]}},{"type":"Feature","properties":{"id":"ME_AZ-13","name":null,"slip_type":"Dextral-Reverse","catalog_name":"EMME","catalog_id":"ME_AZ-13","average_dip":"(85.0,85.0,85.0)","dip_dir":null,"net_slip_rate":"(0.7,0.63,0.77)"},"geometry":{"type":"LineString","coordinates":[[46.54131,41.10451],[46.94403,40.88728],[47,40.86963]]}},{"type":"Feature","properties":{"id":"ME_AZ14","name":null,"slip_type":"Reverse","catalog_name":"EMME","catalog_id":"ME_AZ14","average_dip":"(40.0,40.0,40.0)","dip_dir":null,"net_slip_rate":"(0.8,0.2,1.5)"},"geometry":{"type":"LineString","coordinates":[[45.30834,41.47617],[45.40845,41.38807],[45.47974,41.33841],[45.7104,41.23029],[45.87779,41.13258],[45.95067,41.10775],[46.24076,41.06034],[46.35894,41.03044],[46.41447,41.00766]]}},{"type":"Feature","properties":{"id":"ME_AZ15s1","name":null,"slip_type":"Dextral","catalog_name":"EMME","catalog_id":"ME_AZ15s1","average_dip":"(77.5,75.0,80.0)","dip_dir":null,"net_slip_rate":"(0.8,0.5,1.0)"},"geometry":{"type":"LineString","coordinates":[[45.20953,41.42372],[45.28505,41.3331],[45.33792,41.3044],[45.51313,41.2319],[45.5524,41.19716],[45.71552,41.12919],[45.86959,41.04762],[46.06292,40.98418],[46.26532,40.9434],[46.61574,40.89809],[46.78793,40.86788],[46.92236,40.81955],[47,40.80202]]}},{"type":"Feature","properties":{"id":"ME_AZ16","name":null,"slip_type":"Reverse","catalog_name":"EMME","catalog_id":"ME_AZ16","average_dip":"(52.5,45.0,60.0)","dip_dir":null,"net_slip_rate":"(1.5,0.5,2.5)"},"geometry":{"type":"LineString","coordinates":[[45.05392,41.32379],[45.12874,41.28816],[45.20847,41.26965],[45.29105,41.22551],[45.35655,41.22551],[45.39072,41.21981],[45.4249,41.21412],[45.46761,41.20557],[45.49894,41.19134],[45.55162,41.16143],[45.5986,41.13723],[45.6399,41.12584],[45.67976,41.10163],[45.73529,41.06461],[45.80364,41.03614],[45.85632,41.01335],[45.97877,40.96779],[46.38884,40.81971],[46.51022,40.75433],[46.60541,40.71718],[46.72614,40.66843],[46.87008,40.62664],[46.99545,40.55234],[47,40.54596]]}},{"type":"Feature","properties":{"id":"ME_AZ17","name":null,"slip_type":"Dextral","catalog_name":"EMME","catalog_id":"ME_AZ17","average_dip":"(75.0,75.0,75.0)","dip_dir":null,"net_slip_rate":"(0.6,0.1,1.0)"},"geometry":{"type":"LineString","coordinates":[[44.80427,41.24501],[44.87281,41.24188],[45.38645,41.07885],[45.52884,41.05037],[45.62566,40.99342],[45.70112,40.93789],[45.76804,40.90087],[45.95599,40.84676],[46.18096,40.74852],[46.33616,40.67021],[46.44295,40.63746],[46.53977,40.62322],[46.69497,40.56342],[46.79691,40.49283],[46.87864,40.40395],[46.91566,40.32137],[46.95268,40.11633],[47,40.04535]]}},{"type":"Feature","properties":{"id":"ME_AZ9","name":null,"slip_type":"Reverse","catalog_name":"EMME","catalog_id":"ME_AZ9","average_dip":"(60.0,60.0,60.0)","dip_dir":null,"net_slip_rate":"(1.1,0.25,2.0)"},"geometry":{"type":"LineString","coordinates":[[46.26898,41.59744],[46.50566,41.47191],[46.7272,41.41299],[46.88394,41.23554],[47,41.1547]]}},{"type":"Feature","properties":{"id":"ME_AZ5s1","name":null,"slip_type":"Reverse","catalog_name":"EMME","catalog_id":"ME_AZ5s1","average_dip":"(60.0,50.0,70.0)","dip_dir":null,"net_slip_rate":"(0.4,0.39,0.47)"},"geometry":{"type":"LineString","coordinates":[[45.65103,42.29923],[45.77397,42.24952],[45.96606,42.18207],[46.19037,42.10748],[46.33693,42.06433],[46.44807,41.99545],[46.57252,41.91732],[46.82795,41.80528],[47,41.68651]]}},{"type":"Feature","properties":{"id":"ME_AZ6s1","name":null,"slip_type":"Reverse","catalog_name":"EMME","catalog_id":"ME_AZ6s1","average_dip":"(40.0,40.0,40.0)","dip_dir":null,"net_slip_rate":"(0.6,0.5,0.6)"},"geometry":{"type":"LineString","coordinates":[[45.60283,42.21694],[45.72274,42.17953],[45.83371,42.14334],[45.96568,42.09819],[46.10394,42.04447],[46.27233,41.97626],[46.45189,41.89751],[46.63516,41.79477],[46.77122,41.71424],[46.8101,41.6948],[46.88229,41.64204],[46.99797,41.53019],[47,41.52846]]}},{"type":"Feature","properties":{"id":"ME_AM1000","name":null,"slip_type":"Dextral","catalog_name":"EMME","catalog_id":"ME_AM1000","average_dip":"(85.0,85.0,85.0)","dip_dir":null,"net_slip_rate":"(0.8,0.5,1.0)"},"geometry":{"type":"LineString","coordinates":[[44.65704,39.82205],[44.60294,39.8851],[44.51932,39.95667],[44.44841,40.02817],[44.39799,40.05353],[44.28916,40.13777],[44.24696,40.14634],[44.12925,40.20131]]}},{"type":"Feature","properties":{"id":"ME_SY2As3s3","name":null,"slip_type":"Dextral","catalog_name":"EMME","catalog_id":"ME_SY2As3s3","average_dip":"(80.0,80.0,80.0)","dip_dir":null,"net_slip_rate":"(0.8,0.5,1.0)"},"geometry":{"type":"LineString","coordinates":[[38.59015,34.93995],[38.38214,34.86548],[37.85818,34.77729],[37.43792,34.65614]]}},{"type":"Feature","properties":{"id":"ME_IRCS021","name":null,"slip_type":"Normal","catalog_name":"EMME","catalog_id":"ME_IRCS021","average_dip":"(60.0,60.0,60.0)","dip_dir":null,"net_slip_rate":"(1.2,0.85,1.5)"},"geometry":{"type":"LineString","coordinates":[[46.63474,38.87793],[46.72899,39.02714],[46.94207,39.13423],[47,39.16755]]}},{"type":"Feature","properties":{"id":"ME_IRCS065","name":null,"slip_type":"Dextral","catalog_name":"EMME","catalog_id":"ME_IRCS065","average_dip":"(70.0,70.0,70.0)","dip_dir":null,"net_slip_rate":"(0.9,0.5,1.3)"},"geometry":{"type":"LineString","coordinates":[[45.75661,39.61127],[45.94891,39.40313],[46.09824,39.2183]]}},{"type":"Feature","properties":{"id":"ME_IRCS066","name":null,"slip_type":"Dextral-Reverse","catalog_name":"EMME","catalog_id":"ME_IRCS066","average_dip":"(70.0,70.0,70.0)","dip_dir":null,"net_slip_rate":"None"},"geometry":{"type":"LineString","coordinates":[[45.0453,38.19214],[45.08151,38.22309],[45.19255,38.24196],[45.38878,38.24148],[45.55451,38.22282],[45.61269,38.22679],[45.69649,38.23418],[45.8049,38.25513],[45.86699,38.25811]]}},{"type":"Feature","properties":{"id":"ME_IRCS067","name":null,"slip_type":"Reverse","catalog_name":"EMME","catalog_id":"ME_IRCS067","average_dip":"(45.0,45.0,45.0)","dip_dir":null,"net_slip_rate":"(1.4,1.0,1.73)"},"geometry":{"type":"LineString","coordinates":[[44.85579,38.32997],[44.89923,38.30652],[44.99217,38.29095],[45.05005,38.28821],[45.1076,38.30299],[45.26226,38.32816],[45.32146,38.35579],[45.39648,38.37417],[45.48002,38.39132]]}},{"type":"Feature","properties":{"id":"ME_IRCS072","name":null,"slip_type":"Reverse","catalog_name":"EMME","catalog_id":"ME_IRCS072","average_dip":"(45.0,30.0,60.0)","dip_dir":null,"net_slip_rate":"(1.0,1.0,1.0)"},"geometry":{"type":"LineString","coordinates":[[45.69984,34.74892],[45.70962,34.7079],[45.69984,34.66754],[45.71723,34.62468],[45.79299,34.53463],[45.97993,34.38061]]}},{"type":"Feature","properties":{"id":"ME_IRCS073","name":null,"slip_type":"Reverse","catalog_name":"EMME","catalog_id":"ME_IRCS073","average_dip":"(45.0,30.0,60.0)","dip_dir":null,"net_slip_rate":"(1.0,1.0,1.0)"},"geometry":{"type":"LineString","coordinates":[[45.69811,34.49072],[45.71462,34.43592],[45.7574,34.35561],[45.8212,34.28205]]}},{"type":"Feature","properties":{"id":"ME_IRCS074","name":null,"slip_type":"Sinistral-Reverse","catalog_name":"EMME","catalog_id":"ME_IRCS074","average_dip":"(90.0,60.0,120.0)","dip_dir":null,"net_slip_rate":"(1.0,1.0,1.0)"},"geometry":{"type":"LineString","coordinates":[[45.60009,34.33242],[45.80425,34.03917]]}},{"type":"Feature","properties":{"id":"ME_IR2s3s1","name":null,"slip_type":"Dextral-Reverse","catalog_name":"EMME","catalog_id":"ME_IR2s3s1","average_dip":"(75.0,70.0,80.0)","dip_dir":null,"net_slip_rate":"(4.7,3.0,6.45)"},"geometry":{"type":"LineString","coordinates":[[47,37.7515],[46.97465,37.76308],[46.89839,37.79574],[46.82823,37.82598],[46.80218,37.85688],[46.75344,37.88296],[46.69989,37.91386],[46.65253,37.94955],[46.56672,37.99074],[46.51866,38.01065],[46.47542,38.02987],[46.3878,38.07293],[46.33881,38.09852],[46.30105,38.12117],[46.23034,38.15687],[46.17199,38.1912],[46.13217,38.2111],[46.08138,38.23444],[46.06649,38.25116]]}},{"type":"Feature","properties":{"id":"ME_TRCS754","name":null,"slip_type":"Sinistral","catalog_name":"EMME","catalog_id":"ME_TRCS754","average_dip":"(85.0,80.0,90.0)","dip_dir":null,"net_slip_rate":"(5.5,1.0,9.9)"},"geometry":{"type":"LineString","coordinates":[[38.21569,38.02096],[38.28367,38.03604],[38.34337,38.04201],[38.40306,38.04798],[38.44725,38.05731],[38.50729,38.07495]]}},{"type":"Feature","properties":{"id":"ME_TRCS423","name":null,"slip_type":"Reverse","catalog_name":"EMME","catalog_id":"ME_TRCS423","average_dip":"(45.0,40.0,50.0)","dip_dir":null,"net_slip_rate":"(1.5,1.0,2.0)"},"geometry":{"type":"LineString","coordinates":[[43.5502,38.60732],[43.54872,38.60741],[43.54699,38.60741],[43.53977,38.60716],[43.53463,38.60681],[43.52901,38.60627],[43.52318,38.60556],[43.51836,38.60484],[43.50554,38.60256],[43.50191,38.60195],[43.4979,38.6014],[43.48985,38.60055],[43.47376,38.59907],[43.46303,38.59779],[43.45965,38.59747],[43.45541,38.59728],[43.45115,38.59728],[43.44687,38.59743],[43.43827,38.59799],[43.42964,38.59877],[43.40804,38.60096],[43.3994,38.60172],[43.39509,38.60201],[43.39079,38.60222],[43.3868,38.6023],[43.38282,38.60224],[43.37886,38.60199],[43.37461,38.60148],[43.37038,38.60076],[43.36617,38.59988],[43.36196,38.5989],[43.35357,38.59672],[43.3368,38.59208],[43.32841,38.58983],[43.31998,38.5878],[43.31575,38.58692],[43.3115,38.58619],[43.30742,38.58565],[43.30332,38.58522],[43.291,38.5842],[43.2869,38.58381],[43.28282,38.58333],[43.27866,38.58269],[43.26625,38.58044],[43.26211,38.57976],[43.25796,38.57923],[43.25415,38.57894],[43.25033,38.5788],[43.24644,38.5788],[43.24427,38.57889]]}},{"type":"Feature","properties":{"id":"ME_AM1s9","name":null,"slip_type":"Dextral","catalog_name":"EMME","catalog_id":"ME_AM1s9","average_dip":"(70.0,70.0,70.0)","dip_dir":null,"net_slip_rate":"(1.1,0.44,1.8)"},"geometry":{"type":"LineString","coordinates":[[45.94595,39.82386],[45.93708,39.78603],[45.94681,39.73681],[46.07697,39.58646],[46.22095,39.35127],[46.26864,39.23141],[46.30152,39.14877]]}},{"type":"Feature","properties":{"id":"ME_AM2s4","name":null,"slip_type":"Dextral-Normal","catalog_name":"EMME","catalog_id":"ME_AM2s4","average_dip":"(60.0,60.0,60.0)","dip_dir":null,"net_slip_rate":"(0.6,0.25,1.0)"},"geometry":{"type":"LineString","coordinates":[[45.15438,39.70759],[45.17219,39.6467],[45.20301,39.58192],[45.2316,39.53514],[45.28585,39.46412],[45.33552,39.41403],[45.39653,39.36067]]}},{"type":"Feature","properties":{"id":"ME_AM1s8","name":null,"slip_type":"Dextral","catalog_name":"EMME","catalog_id":"ME_AM1s8","average_dip":"(70.0,70.0,70.0)","dip_dir":null,"net_slip_rate":"(1.0,0.5,1.5)"},"geometry":{"type":"LineString","coordinates":[[45.42911,40.34924],[45.49334,40.25537],[45.60211,40.15949],[45.61237,40.15376],[45.65908,40.11292],[45.70296,40.07445],[45.74929,40.02522],[45.7952,39.9741],[45.84143,39.93382],[45.87119,39.89473],[45.9111,39.86958],[45.94692,39.85612],[45.97864,39.84197],[46.01275,39.82525],[46.02489,39.78762],[46.03211,39.76748],[46.02868,39.7369]]}},{"type":"Feature","properties":{"id":"EUR_BGCS001","name":null,"slip_type":"Sinistral-Normal","catalog_name":"SHARE","catalog_id":"EUR_BGCS001","average_dip":"(45.0,35,55)","dip_dir":null,"net_slip_rate":"(0.2,0.1,0.4)"},"geometry":{"type":"LineString","coordinates":[[24.60385,42.29927],[24.70436,42.2595],[24.82372,42.21739],[24.95347,42.16268],[25.04303,42.13165],[25.13658,42.09471],[25.22216,42.06663],[25.32168,42.0356],[25.3993,42.01196],[25.53541,41.98038],[25.66722,41.95143],[25.83611,41.94015],[26.00567,41.91855],[26.12505,41.90219],[26.23418,41.8739],[26.34799,41.84449]]}},{"type":"Feature","properties":{"id":"EUR_BGCS002","name":null,"slip_type":"Normal","catalog_name":"SHARE","catalog_id":"EUR_BGCS002","average_dip":"(50.0,40,60)","dip_dir":null,"net_slip_rate":"(0.2,0.1,0.4)"},"geometry":{"type":"LineString","coordinates":[[25.05787,42.22916],[25.11285,42.23015],[25.15194,42.22955],[25.191,42.22769],[25.26116,42.22653],[25.3089,42.22671],[25.36468,42.22367],[25.47662,42.21737],[25.60496,42.21151],[25.7626,42.20317],[25.89307,42.18845],[25.94937,42.18404],[26.06859,42.17717],[26.16956,42.17176]]}},{"type":"Feature","properties":{"id":"EUR_BGCS003","name":null,"slip_type":"Normal","catalog_name":"SHARE","catalog_id":"EUR_BGCS003","average_dip":"(50.0,40,60)","dip_dir":null,"net_slip_rate":"(0.2,0.1,0.4)"},"geometry":{"type":"LineString","coordinates":[[24.7001,42.32618],[24.75159,42.32035],[24.84021,42.3054],[24.90793,42.29154],[24.985,42.27942],[25.05505,42.28289],[25.13095,42.28885],[25.20218,42.28808],[25.28815,42.29046]]}},{"type":"Feature","properties":{"id":"EUR_BGCS004","name":null,"slip_type":"Normal","catalog_name":"SHARE","catalog_id":"EUR_BGCS004","average_dip":"(60.0,50,70)","dip_dir":null,"net_slip_rate":"(0.2,0.1,0.4)"},"geometry":{"type":"LineString","coordinates":[[25.50682,42.36733],[25.62161,42.43144],[25.70678,42.46418],[25.7901,42.48601],[25.88453,42.51223],[25.93081,42.53114],[25.97895,42.54736],[26.02894,42.56222],[26.06797,42.56654],[26.11411,42.57978]]}},{"type":"Feature","properties":{"id":"EUR_BGCS005","name":null,"slip_type":"Normal","catalog_name":"SHARE","catalog_id":"EUR_BGCS005","average_dip":"(50.0,40,60)","dip_dir":null,"net_slip_rate":"(0.2,0.1,0.4)"},"geometry":{"type":"LineString","coordinates":[[23.72712,42.29156],[23.8656,42.24417],[23.93709,42.22405],[24.0465,42.18832],[24.13459,42.15333],[24.21449,42.12371],[24.337,42.08619],[24.39973,42.06501],[24.48725,42.04311]]}},{"type":"Feature","properties":{"id":"EUR_BGCS006","name":null,"slip_type":"Normal","catalog_name":"SHARE","catalog_id":"EUR_BGCS006","average_dip":"(47.5,40,55)","dip_dir":null,"net_slip_rate":"(0.2,0.1,0.4)"},"geometry":{"type":"LineString","coordinates":[[25.43708,41.86947],[25.48883,41.8547],[25.54058,41.83992],[25.59332,41.82071],[25.64607,41.8015],[25.68577,41.78345],[25.72547,41.76539],[25.78293,41.75154],[25.8392,41.74347],[25.91109,41.74693],[25.97048,41.74808],[26.01893,41.74578],[26.08145,41.7354],[26.12365,41.72388],[26.17679,41.7112]]}},{"type":"Feature","properties":{"id":"EUR_BGCS007","name":null,"slip_type":"Normal","catalog_name":"SHARE","catalog_id":"EUR_BGCS007","average_dip":"(62.5,50,75)","dip_dir":null,"net_slip_rate":"(0.2,0.1,0.4)"},"geometry":{"type":"LineString","coordinates":[[26.27061,42.16039],[26.30903,42.13416],[26.33087,42.11657],[26.3527,42.09898],[26.37948,42.06934],[26.40627,42.03971],[26.42536,42.01803],[26.44446,41.99635],[26.46287,41.97106],[26.48127,41.94577],[26.49794,41.92667],[26.51461,41.90757],[26.54031,41.88314],[26.566,41.85871],[26.5917,41.83427]]}},{"type":"Feature","properties":{"id":"EUR_BGCS008","name":null,"slip_type":"Normal","catalog_name":"SHARE","catalog_id":"EUR_BGCS008","average_dip":"(50.0,40,60)","dip_dir":null,"net_slip_rate":"(0.2,0.1,0.4)"},"geometry":{"type":"LineString","coordinates":[[26.70652,42.21453],[26.74218,42.21381],[26.77783,42.21308],[26.81266,42.21087],[26.84749,42.20865],[26.89164,42.20745],[26.93579,42.20624],[26.98448,42.19984],[27.03317,42.19344],[27.07871,42.18762],[27.12426,42.18181],[27.15466,42.17853],[27.18506,42.17524]]}},{"type":"Feature","properties":{"id":"EUR_BGCS009","name":null,"slip_type":"Normal","catalog_name":"SHARE","catalog_id":"EUR_BGCS009","average_dip":"(50.0,40,60)","dip_dir":null,"net_slip_rate":"(0.2,0.1,0.4)"},"geometry":{"type":"LineString","coordinates":[[26.89998,42.31981],[27.00516,42.32398],[27.07898,42.32867],[27.16244,42.3357],[27.20006,42.33249],[27.24852,42.32788],[27.28915,42.32557],[27.32822,42.32442],[27.38762,42.32672]]}},{"type":"Feature","properties":{"id":"EUR_BGCS010","name":null,"slip_type":"Normal","catalog_name":"SHARE","catalog_id":"EUR_BGCS010","average_dip":"(45.0,35,55)","dip_dir":null,"net_slip_rate":"(0.2,0.1,0.3)"},"geometry":{"type":"LineString","coordinates":[[26.16595,42.65107],[26.33074,42.6688],[26.43071,42.67029],[26.53599,42.66775],[26.62865,42.66426],[26.71032,42.65728],[26.8236,42.65058],[26.88248,42.65002],[26.94728,42.64462]]}},{"type":"Feature","properties":{"id":"EUR_BGCS011","name":null,"slip_type":"Normal","catalog_name":"SHARE","catalog_id":"EUR_BGCS011","average_dip":"(50.0,40,60)","dip_dir":null,"net_slip_rate":"(0.2,0.1,0.3)"},"geometry":{"type":"LineString","coordinates":[[26.49982,42.71552],[26.55626,42.729],[26.6127,42.74248],[26.65477,42.75372],[26.69684,42.76495],[26.74712,42.77319],[26.7974,42.78143],[26.8446,42.78493],[26.8918,42.78842],[26.93901,42.79192],[27.00194,42.78842],[27.06488,42.78493],[27.12782,42.78143]]}},{"type":"Feature","properties":{"id":"EUR_BGCS012","name":null,"slip_type":"Normal","catalog_name":"SHARE","catalog_id":"EUR_BGCS012","average_dip":"(50.0,40,60)","dip_dir":null,"net_slip_rate":"(0.2,0.1,0.4)"},"geometry":{"type":"LineString","coordinates":[[26.84935,42.73356],[26.89928,42.73456],[26.94922,42.73556],[26.99916,42.73656],[27.04571,42.73726],[27.09226,42.73796],[27.14011,42.73951],[27.18797,42.74105],[27.22901,42.74255],[27.27006,42.74405],[27.31829,42.74105],[27.36652,42.73806]]}},{"type":"Feature","properties":{"id":"EUR_BGCS013","name":null,"slip_type":"Normal","catalog_name":"SHARE","catalog_id":"EUR_BGCS013","average_dip":"(50.0,40,60)","dip_dir":null,"net_slip_rate":"(0.2,0.1,0.3)"},"geometry":{"type":"LineString","coordinates":[[27.1264,42.86293],[27.18182,42.85194],[27.23722,42.84096],[27.29264,42.82997],[27.34086,42.82323],[27.38909,42.81649],[27.43629,42.812],[27.4835,42.8075],[27.5307,42.80151],[27.5779,42.79552],[27.6251,42.78279],[27.6723,42.77005],[27.72566,42.74759],[27.77902,42.72512],[27.85804,42.71089],[27.93705,42.69666]]}},{"type":"Feature","properties":{"id":"EUR_BGCS014","name":null,"slip_type":"Normal","catalog_name":"SHARE","catalog_id":"EUR_BGCS014","average_dip":"(50.0,40,60)","dip_dir":null,"net_slip_rate":"(0.2,0.1,0.3)"},"geometry":{"type":"LineString","coordinates":[[26.40949,42.80935],[26.46695,42.82508],[26.52441,42.84081],[26.56957,42.84979],[26.61472,42.85878],[26.66192,42.86477],[26.70912,42.87076],[26.75632,42.87725],[26.80352,42.88375],[26.85072,42.89024],[26.89947,42.89511],[26.94821,42.89997],[26.99695,42.90484],[27.04569,42.90971]]}},{"type":"Feature","properties":{"id":"EUR_BGCS015","name":null,"slip_type":"Normal","catalog_name":"SHARE","catalog_id":"EUR_BGCS015","average_dip":"(45.0,35,55)","dip_dir":null,"net_slip_rate":"(0.2,0.1,0.3)"},"geometry":{"type":"LineString","coordinates":[[25.29892,42.58995],[25.35501,42.59744],[25.39388,42.60274],[25.45934,42.60493],[25.50756,42.60493],[25.55411,42.60563],[25.59199,42.6122],[25.64198,42.6149],[25.68642,42.62165],[25.73456,42.62571],[25.78084,42.62841]]}},{"type":"Feature","properties":{"id":"EUR_BGCS016","name":null,"slip_type":"Normal","catalog_name":"SHARE","catalog_id":"EUR_BGCS016","average_dip":"(60.0,50,70)","dip_dir":null,"net_slip_rate":"(0.2,0.1,0.2)"},"geometry":{"type":"LineString","coordinates":[[26.88011,43.09992],[27.00515,43.0907],[27.10049,43.07917],[27.20208,43.0688],[27.28182,43.0608],[27.37812,43.04673],[27.47441,43.03736],[27.57713,43.03267],[27.65846,43.02501],[27.73817,43.01924],[27.84914,43.01579],[27.95386,43.00311],[28.05232,42.9962]]}},{"type":"Feature","properties":{"id":"EUR_BGCS017","name":null,"slip_type":"Sinistral-Normal","catalog_name":"SHARE","catalog_id":"EUR_BGCS017","average_dip":"(60.0,50,70)","dip_dir":null,"net_slip_rate":"(0.1,0.05,0.1)"},"geometry":{"type":"LineString","coordinates":[[26.43958,44],[26.4695,43.98971],[26.579,43.95778],[26.68294,43.94197],[26.80745,43.93069],[26.91802,43.91582],[27.02363,43.90181],[27.14989,43.87024],[27.26554,43.8315],[27.38568,43.80242],[27.47801,43.77554],[27.53345,43.76186]]}},{"type":"Feature","properties":{"id":"EUR_BGCS018","name":null,"slip_type":"Normal","catalog_name":"SHARE","catalog_id":"EUR_BGCS018","average_dip":"(47.5,35,60)","dip_dir":null,"net_slip_rate":"(0.1,0.05,0.2)"},"geometry":{"type":"LineString","coordinates":[[25.30249,43.15875],[25.347,43.15786],[25.39151,43.15697],[25.44513,43.15323],[25.49876,43.1495],[25.54226,43.14536],[25.58575,43.14122],[25.63398,43.14122],[25.68221,43.14122],[25.73091,43.13811],[25.77961,43.13501],[25.82169,43.13432],[25.86377,43.13363],[25.92146,43.13397],[25.97914,43.13432]]}},{"type":"Feature","properties":{"id":"EUR_BGCS019","name":null,"slip_type":"Dextral-Normal","catalog_name":"SHARE","catalog_id":"EUR_BGCS019","average_dip":"(60.0,50,70)","dip_dir":null,"net_slip_rate":"(0.1,0.05,0.1)"},"geometry":{"type":"LineString","coordinates":[[25.94302,43.23551],[25.97893,43.25049],[26.04666,43.2797],[26.07847,43.29393],[26.11883,43.30791],[26.15919,43.32189],[26.19955,43.33588],[26.23295,43.34545],[26.29437,43.36036],[26.34499,43.37604],[26.39282,43.38278]]}},{"type":"Feature","properties":{"id":"EUR_BGCS020","name":null,"slip_type":"Dextral-Normal","catalog_name":"SHARE","catalog_id":"EUR_BGCS020","average_dip":"(60.0,50,70)","dip_dir":null,"net_slip_rate":"(0.1,0.05,0.1)"},"geometry":{"type":"LineString","coordinates":[[25.73192,43.24808],[25.78542,43.26751],[25.86942,43.29751],[25.95744,43.33051],[26.05046,43.35966],[26.13953,43.39437],[26.19573,43.42184],[26.25114,43.44132],[26.30655,43.46079],[26.37941,43.47877],[26.45226,43.49674],[26.54872,43.52296],[26.61778,43.53469]]}},{"type":"Feature","properties":{"id":"EUR_BGCS021","name":null,"slip_type":"Normal","catalog_name":"SHARE","catalog_id":"EUR_BGCS021","average_dip":"(50.0,40,60)","dip_dir":null,"net_slip_rate":"(0.1,0.05,0.2)"},"geometry":{"type":"LineString","coordinates":[[24.07619,43.32003],[24.16059,43.30621],[24.32001,43.29122],[24.44974,43.27624],[24.64354,43.25896],[24.79671,43.24743],[24.95144,43.24628],[25.09367,43.24282],[25.25309,43.22208]]}},{"type":"Feature","properties":{"id":"EUR_BGCS022","name":null,"slip_type":"Sinistral-Normal","catalog_name":"SHARE","catalog_id":"EUR_BGCS022","average_dip":"(60.0,50,70)","dip_dir":null,"net_slip_rate":"(0.2,0.1,0.2)"},"geometry":{"type":"LineString","coordinates":[[23.62684,43.06388],[23.66181,43.0382],[23.70592,43.0109],[23.74295,42.98844],[23.78456,42.97047],[23.82617,42.9525],[23.87093,42.93222],[23.91569,42.91194],[23.96045,42.89167],[24.0071,42.87093],[24.05375,42.85019],[24.1004,42.82945]]}},{"type":"Feature","properties":{"id":"EUR_BGCS023","name":null,"slip_type":"Sinistral-Normal","catalog_name":"SHARE","catalog_id":"EUR_BGCS023","average_dip":"(60.0,50,70)","dip_dir":null,"net_slip_rate":"(0.2,0.1,0.2)"},"geometry":{"type":"LineString","coordinates":[[23.11376,43.59738],[23.16401,43.58646],[23.21427,43.57555],[23.26453,43.56463],[23.31936,43.55199],[23.37418,43.53934],[23.42901,43.5267],[23.49145,43.50971],[23.55389,43.49272],[23.61633,43.47573],[23.67523,43.45526],[23.73413,43.43479],[23.79302,43.41432],[23.85192,43.39386]]}},{"type":"Feature","properties":{"id":"EUR_BGCS024","name":null,"slip_type":"Sinistral-Normal","catalog_name":"SHARE","catalog_id":"EUR_BGCS024","average_dip":"(60.0,50,70)","dip_dir":null,"net_slip_rate":"(0.2,0.1,0.2)"},"geometry":{"type":"LineString","coordinates":[[23.24768,43.34328],[23.3237,43.31683],[23.37905,43.28914],[23.41756,43.26564],[23.47295,43.24202],[23.51686,43.21778],[23.55695,43.19496],[23.60468,43.17071],[23.64668,43.15075],[23.68295,43.13363]]}},{"type":"Feature","properties":{"id":"EUR_BGCS025","name":null,"slip_type":"Normal","catalog_name":"SHARE","catalog_id":"EUR_BGCS025","average_dip":"(60.0,50,70)","dip_dir":null,"net_slip_rate":"(0.2,0.1,0.3)"},"geometry":{"type":"LineString","coordinates":[[23.03485,42.87977],[23.11632,42.85838],[23.24047,42.82272],[23.29478,42.80989],[23.34715,42.79563],[23.42658,42.76885],[23.46568,42.75714],[23.52796,42.72946],[23.5714,42.71456],[23.60761,42.69433],[23.6612,42.66985],[23.6964,42.65276],[23.73704,42.62971],[23.80268,42.6009]]}},{"type":"Feature","properties":{"id":"EUR_BGCS026","name":null,"slip_type":"Normal","catalog_name":"SHARE","catalog_id":"EUR_BGCS026","average_dip":"(60.0,50,70)","dip_dir":null,"net_slip_rate":"(0.2,0.2,0.3)"},"geometry":{"type":"LineString","coordinates":[[23.05813,42.76283],[23.11244,42.72432],[23.15512,42.69865],[23.19391,42.68153],[23.23077,42.65444],[23.26346,42.64008],[23.2927,42.6273],[23.34909,42.6145],[23.38012,42.60595],[23.42078,42.59533],[23.45383,42.59026],[23.4961,42.58468],[23.54099,42.57936],[23.59458,42.56978]]}},{"type":"Feature","properties":{"id":"EUR_BGCS027","name":null,"slip_type":"Normal","catalog_name":"SHARE","catalog_id":"EUR_BGCS027","average_dip":"(55.0,40,70)","dip_dir":null,"net_slip_rate":"(0.2,0.1,0.4)"},"geometry":{"type":"LineString","coordinates":[[23.53702,42.50721],[23.58088,42.47233],[23.64162,42.44492],[23.70044,42.42805],[23.74244,42.41524],[23.77966,42.40518],[23.81688,42.39511],[23.85071,42.38337],[23.88455,42.37163],[23.93079,42.3515],[23.97703,42.33137],[24.01429,42.31132]]}},{"type":"Feature","properties":{"id":"EUR_BGCS028","name":null,"slip_type":"Normal","catalog_name":"SHARE","catalog_id":"EUR_BGCS028","average_dip":"(57.5,45,70)","dip_dir":null,"net_slip_rate":"(0.2,0.1,0.4)"},"geometry":{"type":"LineString","coordinates":[[23.2534,42.44457],[23.28115,42.42117],[23.3089,42.39777],[23.33404,42.38341],[23.35917,42.36906],[23.39864,42.34931],[23.43811,42.32956],[23.51622,42.29558],[23.57611,42.27336]]}},{"type":"Feature","properties":{"id":"EUR_BGCS029","name":null,"slip_type":"Normal","catalog_name":"SHARE","catalog_id":"EUR_BGCS029","average_dip":"(60.0,50,70)","dip_dir":null,"net_slip_rate":"(0.2,0.1,0.4)"},"geometry":{"type":"LineString","coordinates":[[23.79986,42.05743],[23.86464,42.04537],[23.92941,42.03935],[23.97699,42.03709],[24.02051,42.03332],[24.06011,42.03235],[24.10047,42.02353],[24.13402,42.00969],[24.17435,41.99264],[24.2199,41.97758],[24.25735,41.96251],[24.2948,41.94519],[24.32516,41.93313]]}},{"type":"Feature","properties":{"id":"EUR_BGCS030","name":null,"slip_type":"Normal","catalog_name":"SHARE","catalog_id":"EUR_BGCS030","average_dip":"(50.0,40,60)","dip_dir":null,"net_slip_rate":"(0.2,0.1,0.4)"},"geometry":{"type":"LineString","coordinates":[[22.22017,42.66985],[22.2619,42.69305],[22.30363,42.71625],[22.35479,42.74543],[22.40735,42.77737],[22.45773,42.80464],[22.49122,42.82373],[22.53099,42.84788],[22.58012,42.8692],[22.61497,42.88487],[22.65337,42.90108]]}},{"type":"Feature","properties":{"id":"EUR_BGCS031","name":null,"slip_type":"Normal","catalog_name":"SHARE","catalog_id":"EUR_BGCS031","average_dip":"(50.0,40,60)","dip_dir":null,"net_slip_rate":"(0.2,0.1,0.4)"},"geometry":{"type":"LineString","coordinates":[[22.46344,42.46158],[22.54627,42.51805],[22.64488,42.58048],[22.6939,42.60707],[22.73639,42.63728],[22.77233,42.66749],[22.80665,42.69045],[22.85076,42.71825],[22.88671,42.74483],[22.93573,42.76659],[22.97658,42.79559]]}},{"type":"Feature","properties":{"id":"EUR_BGCS032","name":null,"slip_type":"Normal","catalog_name":"SHARE","catalog_id":"EUR_BGCS032","average_dip":"(60.0,50,70)","dip_dir":null,"net_slip_rate":"(0.2,0.1,0.4)"},"geometry":{"type":"LineString","coordinates":[[22.82052,41.88095],[22.84958,41.90586],[22.88304,41.93667],[22.9172,41.96327],[22.95667,41.9873],[22.99614,42.01133],[23.02773,42.03452],[23.0593,42.05772],[23.08976,42.07843],[23.12021,42.09915],[23.15319,42.12841]]}},{"type":"Feature","properties":{"id":"EUR_BGCS033","name":null,"slip_type":"Normal","catalog_name":"SHARE","catalog_id":"EUR_BGCS033","average_dip":"(60.0,50,70)","dip_dir":null,"net_slip_rate":"(0.2,0.1,0.4)"},"geometry":{"type":"LineString","coordinates":[[22.86555,41.83751],[22.91108,41.86288],[22.98223,41.90514],[23.03915,41.94107],[23.1046,41.98334],[23.13875,42.01293]]}},{"type":"Feature","properties":{"id":"EUR_BGCS034","name":null,"slip_type":"Sinistral-Normal","catalog_name":"SHARE","catalog_id":"EUR_BGCS034","average_dip":"(60.0,50,70)","dip_dir":null,"net_slip_rate":"(0.2,0.1,0.4)"},"geometry":{"type":"LineString","coordinates":[[23.2867,41.89923],[23.30391,41.88944],[23.32719,41.87362],[23.36262,41.8578],[23.4031,41.84048],[23.43347,41.82617],[23.47699,41.81788],[23.53164,41.80884],[23.57415,41.80281]]}},{"type":"Feature","properties":{"id":"EUR_BGCS035","name":null,"slip_type":"Sinistral-Normal","catalog_name":"SHARE","catalog_id":"EUR_BGCS035","average_dip":"(62.5,55,70)","dip_dir":null,"net_slip_rate":"(0.2,0.1,0.4)"},"geometry":{"type":"LineString","coordinates":[[23.85464,41.83896],[23.902,41.81387],[23.93341,41.79047],[23.96482,41.76708],[24.00094,41.73901],[24.03707,41.71093],[24.06691,41.69105],[24.09675,41.67117],[24.12502,41.65479],[24.15329,41.63841],[24.17537,41.62278]]}},{"type":"Feature","properties":{"id":"EUR_BGCS036","name":null,"slip_type":"Normal","catalog_name":"SHARE","catalog_id":"EUR_BGCS036","average_dip":"(55.0,40,70)","dip_dir":null,"net_slip_rate":"(0.2,0.1,0.4)"},"geometry":{"type":"LineString","coordinates":[[22.88547,41.76354],[22.97369,41.7889],[23.06191,41.82061],[23.11883,41.84174],[23.14444,41.85231],[23.17859,41.86499],[23.19567,41.87978],[23.22704,41.90175],[23.25623,41.92783],[23.32373,41.98334]]}},{"type":"Feature","properties":{"id":"EUR_BGCS037","name":null,"slip_type":"Normal","catalog_name":"SHARE","catalog_id":"EUR_BGCS037","average_dip":"(50.0,40,60)","dip_dir":null,"net_slip_rate":"(0.2,0.1,0.4)"},"geometry":{"type":"LineString","coordinates":[[22.59447,42.39089],[22.62366,42.40879],[22.66415,42.43217],[22.70112,42.45294],[22.73432,42.47088],[22.78705,42.4958],[22.83109,42.51268],[22.86983,42.52956],[22.91034,42.54514],[22.95438,42.56982],[22.98784,42.57761]]}},{"type":"Feature","properties":{"id":"EUR_BGCS038","name":null,"slip_type":"Normal","catalog_name":"SHARE","catalog_id":"EUR_BGCS038","average_dip":"(45.0,35,55)","dip_dir":null,"net_slip_rate":"(0.2,0.1,0.3)"},"geometry":{"type":"LineString","coordinates":[[25.81047,42.68108],[25.8512,42.69199],[25.88638,42.69472],[25.92896,42.69405],[25.97895,42.69675],[26.02709,42.69472],[26.06597,42.69063],[26.13633,42.68381]]}},{"type":"Feature","properties":{"id":"EUR_BGCS039","name":null,"slip_type":"Sinistral-Normal","catalog_name":"SHARE","catalog_id":"EUR_BGCS039","average_dip":"(60.0,50,70)","dip_dir":null,"net_slip_rate":"(0.2,0.1,0.2)"},"geometry":{"type":"LineString","coordinates":[[27.09565,43.28346],[27.19194,43.25534],[27.2722,43.2319],[27.3685,43.21784],[27.46478,43.20846],[27.54502,43.19674],[27.64775,43.18502],[27.7312,43.17799],[27.84034,43.16627],[27.94947,43.15221],[28.02972,43.14518]]}},{"type":"Feature","properties":{"id":"EUR_BGCS040","name":null,"slip_type":"Normal","catalog_name":"SHARE","catalog_id":"EUR_BGCS040","average_dip":"(45.0,35,55)","dip_dir":null,"net_slip_rate":"(0.2,0.1,0.3)"},"geometry":{"type":"LineString","coordinates":[[24.97428,42.6526],[25.05014,42.65482],[25.09102,42.65817],[25.15295,42.66427],[25.21694,42.67343],[25.27474,42.68258],[25.32635,42.69631],[25.37589,42.70547],[25.41334,42.7128]]}},{"type":"Feature","properties":{"id":"EUR_BGCS041","name":null,"slip_type":"Sinistral-Normal","catalog_name":"SHARE","catalog_id":"EUR_BGCS041","average_dip":"(60.0,50,70)","dip_dir":null,"net_slip_rate":"(0.1,0.05,0.1)"},"geometry":{"type":"LineString","coordinates":[[27.667,43.45925],[27.80823,43.45457],[27.98478,43.42878],[28.0907,43.41238],[28.2191,43.38425],[28.38279,43.35378],[28.58181,43.32565],[28.75514,43.30222]]}},{"type":"Feature","properties":{"id":"EUR_BGCS042","name":null,"slip_type":"Sinistral-Normal","catalog_name":"SHARE","catalog_id":"EUR_BGCS042","average_dip":"(60.0,50,70)","dip_dir":null,"net_slip_rate":"(0.1,0.05,0.2)"},"geometry":{"type":"LineString","coordinates":[[22.24847,43.72449],[22.33257,43.69131],[22.45367,43.64169],[22.57257,43.58467],[22.64718,43.54498],[22.76911,43.49932],[22.82698,43.47756],[22.88935,43.45711],[22.95654,43.43424],[23.03073,43.4116],[23.09305,43.3927],[23.22272,43.36207]]}},{"type":"Feature","properties":{"id":"EUR_BGCS043","name":null,"slip_type":"Normal","catalog_name":"SHARE","catalog_id":"EUR_BGCS043","average_dip":"(60.0,50,70)","dip_dir":null,"net_slip_rate":"(0.2,0.2,0.3)"},"geometry":{"type":"LineString","coordinates":[[24.5496,42.74285],[24.61686,42.71822],[24.65846,42.70025],[24.70007,42.68228],[24.74483,42.662],[24.78844,42.64508],[24.83288,42.63286],[24.86806,42.62335],[24.91249,42.61249]]}},{"type":"Feature","properties":{"id":"EUR_BGCS044","name":null,"slip_type":"Normal","catalog_name":"SHARE","catalog_id":"EUR_BGCS044","average_dip":"(50.0,40,60)","dip_dir":null,"net_slip_rate":"(0.2,0.1,0.3)"},"geometry":{"type":"LineString","coordinates":[[27.19287,42.58143],[27.23361,42.5888],[27.29507,42.59512],[27.34767,42.59835],[27.39422,42.59905],[27.44159,42.60302],[27.49734,42.60776],[27.53284,42.61457],[27.57096,42.61657],[27.62027,42.62356],[27.67442,42.62459],[27.72071,42.62859]]}},{"type":"Feature","properties":{"id":"EUR_BGCS045","name":null,"slip_type":"Sinistral-Normal","catalog_name":"SHARE","catalog_id":"EUR_BGCS045","average_dip":"(60.0,50,70)","dip_dir":null,"net_slip_rate":"(0.1,0.05,0.1)"},"geometry":{"type":"LineString","coordinates":[[27.41502,44],[27.46462,43.98461],[27.65038,43.92174],[27.88543,43.83485],[28.04707,43.77066],[28.18999,43.6885],[28.30856,43.64446],[28.44907,43.61769],[28.58699,43.59169],[28.64243,43.57801]]}},{"type":"Feature","properties":{"id":"EUR_BGCS046","name":null,"slip_type":"Normal","catalog_name":"SHARE","catalog_id":"EUR_BGCS046","average_dip":"(50.0,40,60)","dip_dir":null,"net_slip_rate":"(0.2,0.1,0.4)"},"geometry":{"type":"LineString","coordinates":[[24.49946,42.14346],[24.60599,42.10396],[24.72782,42.06005],[24.81905,42.02892],[24.91758,41.97561],[25.01347,41.92229],[25.10668,41.88674]]}},{"type":"Feature","properties":{"id":"EUR_BGCS047","name":null,"slip_type":"Normal","catalog_name":"SHARE","catalog_id":"EUR_BGCS047","average_dip":"(60.0,50,70)","dip_dir":null,"net_slip_rate":"(0.3,0.05,0.5)"},"geometry":{"type":"LineString","coordinates":[[23.1199,42.20949],[23.16651,42.22629],[23.20779,42.24903],[23.24374,42.26881],[23.28635,42.2876],[23.31432,42.30342]]}},{"type":"Feature","properties":{"id":"EUR_BGCS048","name":null,"slip_type":"Normal","catalog_name":"SHARE","catalog_id":"EUR_BGCS048","average_dip":"(50.0,40,60)","dip_dir":null,"net_slip_rate":"(0.2,0.1,0.4)"},"geometry":{"type":"LineString","coordinates":[[25.48474,42.30183],[25.56998,42.30269],[25.62664,42.30363],[25.7193,42.30945],[25.8104,42.31294],[25.88735,42.30945],[25.97373,42.30712],[26.06168,42.3013]]}},{"type":"Feature","properties":{"id":"EUR_GRCS001","name":null,"slip_type":"Normal","catalog_name":"SHARE","catalog_id":"EUR_GRCS001","average_dip":"(62.5,50,75)","dip_dir":null,"net_slip_rate":"(0.2,0.05,0.4)"},"geometry":{"type":"LineString","coordinates":[[22.38881,39.69955],[22.36431,39.69995],[22.34258,39.7016],[22.30759,39.70452],[22.27568,39.70684],[22.25453,39.70828],[22.23991,39.71122],[22.22837,39.71476],[22.19798,39.71855],[22.16181,39.72291]]}},{"type":"Feature","properties":{"id":"EUR_GRCS002","name":null,"slip_type":"Normal","catalog_name":"SHARE","catalog_id":"EUR_GRCS002","average_dip":"(65.0,55,75)","dip_dir":null,"net_slip_rate":"(0.6,0.1,1.0)"},"geometry":{"type":"LineString","coordinates":[[22.10809,39.87591],[22.12818,39.88226],[22.14669,39.88886],[22.16618,39.89384],[22.18595,39.89671],[22.20413,39.89614],[22.21914,39.8916],[22.23479,39.88442],[22.2473,39.87964],[22.2596,39.87121],[22.26703,39.865],[22.27142,39.85827],[22.28609,39.84196],[22.30685,39.83134],[22.32798,39.82511],[22.37101,39.81376],[22.4008,39.80336],[22.414,39.79514],[22.42311,39.78618],[22.43034,39.77626],[22.43569,39.76875],[22.44322,39.76149],[22.45201,39.75399],[22.46112,39.74939],[22.47743,39.74455],[22.50033,39.73922],[22.51822,39.73607],[22.54931,39.73009],[22.57254,39.72355]]}},{"type":"Feature","properties":{"id":"EUR_GRCS004","name":null,"slip_type":"Normal","catalog_name":"SHARE","catalog_id":"EUR_GRCS004","average_dip":"(55.0,40,70)","dip_dir":null,"net_slip_rate":"(0.3,0.1,0.5)"},"geometry":{"type":"LineString","coordinates":[[22.67131,39.63057],[22.64674,39.63096],[22.61936,39.63139],[22.60132,39.63382],[22.5801,39.63556],[22.5544,39.63644],[22.5343,39.63673],[22.51531,39.63472],[22.4911,39.6304],[22.47249,39.62723],[22.46057,39.62637],[22.44829,39.62665],[22.43264,39.62887],[22.40289,39.63303],[22.37315,39.63719],[22.34181,39.64296],[22.31047,39.64874],[22.27253,39.65617],[22.23459,39.66361],[22.21327,39.66744]]}},{"type":"Feature","properties":{"id":"EUR_GRCS010","name":null,"slip_type":"Normal","catalog_name":"SHARE","catalog_id":"EUR_GRCS010","average_dip":"(55.0,40,70)","dip_dir":null,"net_slip_rate":"(1.8,0.5,3.0)"},"geometry":{"type":"LineString","coordinates":[[23.19945,39.30603],[23.17865,39.30904],[23.15855,39.30811],[23.13545,39.30336],[23.08949,39.29773],[23.04479,39.29485],[23.00009,39.29198],[22.96615,39.29079],[22.93221,39.2896],[22.90782,39.29072],[22.89157,39.29048],[22.86435,39.28763],[22.81455,39.28206],[22.78457,39.27905],[22.75459,39.27605],[22.69916,39.27044],[22.66862,39.26653],[22.63995,39.26602]]}},{"type":"Feature","properties":{"id":"EUR_GRCS015","name":null,"slip_type":"Normal","catalog_name":"SHARE","catalog_id":"EUR_GRCS015","average_dip":"(57.5,45,70)","dip_dir":null,"net_slip_rate":"(0.8,0.6,0.9)"},"geometry":{"type":"LineString","coordinates":[[22.23404,39.41114],[22.28666,39.40094],[22.31713,39.39197],[22.35036,39.38128],[22.37678,39.37184],[22.4077,39.36321],[22.44075,39.35723],[22.47594,39.35358],[22.50862,39.35174],[22.53794,39.35388],[22.57556,39.35601],[22.60733,39.35479],[22.63911,39.35357],[22.67221,39.35134],[22.70616,39.34908],[22.74012,39.34683],[22.77152,39.34456],[22.80618,39.34233]]}},{"type":"Feature","properties":{"id":"EUR_GRCS020","name":null,"slip_type":"Normal","catalog_name":"SHARE","catalog_id":"EUR_GRCS020","average_dip":"(50.0,40,60)","dip_dir":null,"net_slip_rate":"(0.4,0.3,0.6)"},"geometry":{"type":"LineString","coordinates":[[22.42081,39.1425],[22.37052,39.14491],[22.32023,39.14731],[22.26994,39.14971],[22.23412,39.15005],[22.20657,39.15328],[22.18063,39.16232],[22.13207,39.17657],[22.10188,39.18278],[22.08015,39.18843],[22.04846,39.19805],[22.02266,39.20511],[22.00054,39.21045],[22,39.21065]]}},{"type":"Feature","properties":{"id":"EUR_GRCS040","name":null,"slip_type":"Normal","catalog_name":"SHARE","catalog_id":"EUR_GRCS040","average_dip":"(55.0,40,70)","dip_dir":null,"net_slip_rate":"(0.7,0.4,0.9)"},"geometry":{"type":"LineString","coordinates":[[22.85639,39.83079],[22.82213,39.8424],[22.79118,39.85187],[22.76409,39.85961],[22.73367,39.86778],[22.70379,39.87508],[22.67336,39.88281],[22.64624,39.89052],[22.62244,39.89567],[22.59918,39.89953],[22.57008,39.90519],[22.5452,39.91296],[22.52488,39.92202],[22.49461,39.92623],[22.47346,39.92753],[22.44609,39.934],[22.4295,39.94306]]}},{"type":"Feature","properties":{"id":"EUR_GRCS050","name":null,"slip_type":"Normal","catalog_name":"SHARE","catalog_id":"EUR_GRCS050","average_dip":"(60.0,40,80)","dip_dir":null,"net_slip_rate":"(1.1,0.3,2.0)"},"geometry":{"type":"LineString","coordinates":[[22,40.17632],[22.00972,40.18304],[22.05072,40.21416],[22.07985,40.23637],[22.10899,40.25859],[22.12245,40.27738],[22.14064,40.30379],[22.15428,40.3302],[22.17247,40.35947],[22.19611,40.38659],[22.21521,40.41657],[22.2334,40.45012],[22.26432,40.48867]]}},{"type":"Feature","properties":{"id":"EUR_GRCS058","name":null,"slip_type":"Normal","catalog_name":"SHARE","catalog_id":"EUR_GRCS058","average_dip":"(60.0,40,80)","dip_dir":null,"net_slip_rate":"(0.3,0.1,0.5)"},"geometry":{"type":"LineString","coordinates":[[22.54691,40.50754],[22.50655,40.50054],[22.46619,40.49354],[22.42682,40.48887],[22.38745,40.4842],[22.33563,40.48264],[22.28381,40.48498]]}},{"type":"Feature","properties":{"id":"EUR_GRCS060","name":null,"slip_type":"Normal","catalog_name":"SHARE","catalog_id":"EUR_GRCS060","average_dip":"(72.5,60,85)","dip_dir":null,"net_slip_rate":"(1.0,1.0,1.0)"},"geometry":{"type":"LineString","coordinates":[[22,41.02316],[22.00641,41.02527],[22.01695,41.02732],[22.03101,41.02938],[22.04335,41.03502],[22.07021,41.04206],[22.09787,41.04942],[22.12002,41.05341],[22.14477,41.05628],[22.15583,41.0605],[22.16244,41.06919],[22.1657,41.08291],[22.16862,41.09103],[22.17452,41.09468],[22.18337,41.09946],[22.19519,41.1034],[22.22887,41.11476],[22.25132,41.12331],[22.27914,41.13325],[22.30329,41.14182]]}},{"type":"Feature","properties":{"id":"EUR_GRCS068","name":null,"slip_type":"Normal","catalog_name":"SHARE","catalog_id":"EUR_GRCS068","average_dip":"(57.5,45,70)","dip_dir":null,"net_slip_rate":"(0.3,0.2,0.4)"},"geometry":{"type":"LineString","coordinates":[[22.14177,40.8122],[22.16782,40.82405],[22.19387,40.8359],[22.23835,40.85465],[22.27483,40.85742],[22.31842,40.85048],[22.36224,40.84]]}},{"type":"Feature","properties":{"id":"EUR_GRCS069","name":null,"slip_type":"Normal","catalog_name":"SHARE","catalog_id":"EUR_GRCS069","average_dip":"(60.0,50,70)","dip_dir":null,"net_slip_rate":"(0.3,0.2,0.4)"},"geometry":{"type":"LineString","coordinates":[[22.53726,40.99404],[22.50341,40.98519],[22.46956,40.97013],[22.4312,40.94976],[22.3872,40.92319],[22.36802,40.90814]]}},{"type":"Feature","properties":{"id":"EUR_GRCS100","name":null,"slip_type":"Normal","catalog_name":"SHARE","catalog_id":"EUR_GRCS100","average_dip":"(55.0,30,80)","dip_dir":null,"net_slip_rate":"(0.4,0.4,0.4)"},"geometry":{"type":"LineString","coordinates":[[22.90544,40.76726],[22.92629,40.76002],[22.9496,40.75184],[22.96268,40.74753],[22.97793,40.74031],[22.98429,40.7326],[22.98971,40.72614],[23.00179,40.71529],[23.01384,40.70246],[23.03461,40.68711],[23.04846,40.67822],[23.06694,40.66858],[23.08597,40.66101],[23.11319,40.65381],[23.1317,40.64905],[23.14652,40.64481],[23.15728,40.64258],[23.16678,40.63827],[23.17533,40.63344],[23.19259,40.62753],[23.20715,40.62537],[23.22064,40.62384],[23.24192,40.62548],[23.26731,40.62885],[23.28414,40.63363],[23.30553,40.64429],[23.32143,40.6489],[23.34741,40.65149],[23.3714,40.65049],[23.39507,40.64513],[23.42547,40.6339],[23.44362,40.62503],[23.45882,40.61993],[23.4727,40.61774],[23.4926,40.61758],[23.52318,40.62087],[23.55263,40.62103],[23.57983,40.61664],[23.59668,40.61255],[23.61623,40.60801],[23.6349,40.60311]]}},{"type":"Feature","properties":{"id":"EUR_GRCS110","name":null,"slip_type":"Normal","catalog_name":"SHARE","catalog_id":"EUR_GRCS110","average_dip":"(75.0,65,85)","dip_dir":null,"net_slip_rate":"(0.7,0.3,1.1)"},"geometry":{"type":"LineString","coordinates":[[23.63339,40.58667],[23.66968,40.56477],[23.69338,40.55287],[23.70951,40.54506],[23.71995,40.54095],[23.73756,40.53639],[23.75669,40.53302],[23.77711,40.53039],[23.79908,40.52685],[23.81988,40.52333],[23.8534,40.52023],[23.889,40.52019],[23.9246,40.52015],[23.95733,40.51995],[23.99005,40.51974],[24.04819,40.5205]]}},{"type":"Feature","properties":{"id":"EUR_GRCS120","name":null,"slip_type":"Normal","catalog_name":"SHARE","catalog_id":"EUR_GRCS120","average_dip":"(72.5,60,85)","dip_dir":null,"net_slip_rate":"(0.5,0.1,0.8)"},"geometry":{"type":"LineString","coordinates":[[23.05369,40.80667],[23.07329,40.80769],[23.10044,40.80894],[23.12868,40.81196],[23.17267,40.8135],[23.20456,40.81374],[23.23309,40.81538],[23.26564,40.81693],[23.28992,40.81824],[23.31668,40.8198],[23.34202,40.82098],[23.35896,40.82299],[23.36789,40.82449],[23.37729,40.82666],[23.38262,40.82689],[23.38834,40.82542],[23.40301,40.81365],[23.4102,40.80985],[23.41743,40.80762],[23.42718,40.80708],[23.44413,40.80942],[23.46756,40.81903],[23.48237,40.82344],[23.50112,40.8264],[23.52647,40.82754]]}},{"type":"Feature","properties":{"id":"EUR_GRCS130","name":null,"slip_type":"Normal","catalog_name":"SHARE","catalog_id":"EUR_GRCS130","average_dip":"(57.5,45,70)","dip_dir":null,"net_slip_rate":"(0.3,0.2,0.4)"},"geometry":{"type":"LineString","coordinates":[[22.72205,41.24972],[22.74247,41.26285],[22.78058,41.28332],[22.81382,41.29926],[22.85299,41.30904],[22.8895,41.30893],[22.93451,41.30694],[22.97553,41.30007],[23.0062,41.29107],[23.03779,41.28452],[23.07667,41.27884],[23.10951,41.27868],[23.14357,41.27759],[23.18128,41.27739],[23.22263,41.27716],[23.24943,41.28067],[23.2689,41.28055],[23.2993,41.27944],[23.32151,41.27897],[23.35078,41.27942],[23.40245,41.28295]]}},{"type":"Feature","properties":{"id":"EUR_GRCS140","name":null,"slip_type":"Normal","catalog_name":"SHARE","catalog_id":"EUR_GRCS140","average_dip":"(52.5,40,65)","dip_dir":null,"net_slip_rate":"(0.3,0.2,0.4)"},"geometry":{"type":"LineString","coordinates":[[23.7919,41.21517],[23.81578,41.21657],[23.84041,41.21921],[23.86271,41.2207],[23.88327,41.22094],[23.90567,41.21791],[23.93208,41.21185],[23.97691,41.202],[24.02619,41.19808],[24.07205,41.1954],[24.10166,41.19247],[24.1218,41.18865],[24.13958,41.18183],[24.16258,41.17385],[24.18808,41.16892],[24.2202,41.16604],[24.25896,41.16667],[24.30077,41.16853],[24.34242,41.16775],[24.35611,41.16669]]}},{"type":"Feature","properties":{"id":"EUR_GRCS145","name":null,"slip_type":"Normal","catalog_name":"SHARE","catalog_id":"EUR_GRCS145","average_dip":"(65.0,50,80)","dip_dir":null,"net_slip_rate":"(0.1,0.05,0.1)"},"geometry":{"type":"LineString","coordinates":[[23.80991,41.00095],[23.79868,41.01323],[23.78945,41.02267],[23.77542,41.03715],[23.75416,41.05328],[23.75015,41.0595],[23.74895,41.06241],[23.74694,41.07288],[23.74013,41.08044],[23.72054,41.09024],[23.69967,41.09894],[23.68289,41.10498],[23.67189,41.10625],[23.64897,41.10667],[23.62884,41.10582],[23.602,41.10386],[23.58372,41.10136],[23.56472,41.09909],[23.54683,41.09628],[23.53341,41.09459],[23.52186,41.09444],[23.50856,41.0968]]}},{"type":"Feature","properties":{"id":"EUR_GRCS150","name":null,"slip_type":"Dextral-Normal","catalog_name":"SHARE","catalog_id":"EUR_GRCS150","average_dip":"(55.0,35,75)","dip_dir":null,"net_slip_rate":"(0.3,0.2,0.5)"},"geometry":{"type":"LineString","coordinates":[[25.82663,41.08602],[25.78696,41.09173],[25.74329,41.1],[25.68988,41.11296],[25.6445,41.12505],[25.60331,41.13445],[25.56647,41.14282],[25.51268,41.15532],[25.47972,41.16357],[25.4545,41.17136],[25.43568,41.17585],[25.42091,41.17799],[25.40781,41.1774],[25.39166,41.17463],[25.37602,41.17006],[25.34955,41.16169],[25.30574,41.15056],[25.28464,41.14251],[25.25107,41.13428],[25.23494,41.13194],[25.22428,41.13262],[25.2166,41.13369],[25.20772,41.13433],[25.19758,41.1332],[25.1856,41.13032],[25.16819,41.12531],[25.15857,41.12192],[25.14487,41.12087],[25.13001,41.12028],[25.11221,41.12066],[25.09168,41.12398],[25.07436,41.12723],[25.05537,41.13116],[25.03971,41.13518],[25.03327,41.13756],[25.01733,41.14012],[25.00068,41.13956],[24.9724,41.14184],[24.95677,41.14472],[24.94581,41.14783],[24.93055,41.1491],[24.91666,41.14841],[24.89524,41.14702],[24.87252,41.14252],[24.84847,41.13355],[24.81539,41.12026],[24.78703,41.10597],[24.76217,41.08937],[24.73226,41.06473],[24.6975,41.03963],[24.6697,41.0189],[24.64214,41.00587],[24.60018,40.98851],[24.56372,40.97745],[24.53642,40.9663],[24.47903,40.94717]]}},{"type":"Feature","properties":{"id":"EUR_GRCS155","name":null,"slip_type":"Normal","catalog_name":"SHARE","catalog_id":"EUR_GRCS155","average_dip":"(55.0,40,70)","dip_dir":null,"net_slip_rate":"(0.3,0.3,0.4)"},"geometry":{"type":"LineString","coordinates":[[24.03129,40.70947],[24.06251,40.71473],[24.09373,40.71998],[24.12128,40.72858],[24.14883,40.73718],[24.17393,40.75343],[24.19903,40.76968],[24.2389,40.78907],[24.27878,40.80846],[24.31061,40.82216],[24.34244,40.83587]]}},{"type":"Feature","properties":{"id":"EUR_GRCS160","name":null,"slip_type":"Normal","catalog_name":"SHARE","catalog_id":"EUR_GRCS160","average_dip":"(60.0,45,75)","dip_dir":null,"net_slip_rate":"(0.6,0.4,0.7)"},"geometry":{"type":"LineString","coordinates":[[25.49954,40.8752],[25.53176,40.86396],[25.55747,40.85629],[25.56801,40.85629],[25.58223,40.86122],[25.59381,40.8641],[25.6054,40.86492],[25.63269,40.86217],[25.66439,40.85547],[25.70337,40.84766],[25.73267,40.84715],[25.77257,40.85],[25.79554,40.85095],[25.81898,40.85109],[25.84803,40.85087],[25.87276,40.85164],[25.89892,40.8513],[25.93882,40.84994],[25.97756,40.84724],[26.00937,40.84724],[26.04348,40.84633],[26.07529,40.84588],[26.12964,40.84769]]}},{"type":"Feature","properties":{"id":"EUR_GRCS170","name":null,"slip_type":"Normal","catalog_name":"SHARE","catalog_id":"EUR_GRCS170","average_dip":"(62.5,45,80)","dip_dir":null,"net_slip_rate":"(0.3,0.3,0.3)"},"geometry":{"type":"LineString","coordinates":[[26.57433,41.61939],[26.516,41.61066],[26.48155,41.60481],[26.44711,41.59896],[26.40708,41.59275],[26.36705,41.58654],[26.32842,41.58033],[26.28979,41.57412],[26.23859,41.56681],[26.2088,41.55987],[26.16526,41.55124],[26.12172,41.54261]]}},{"type":"Feature","properties":{"id":"EUR_GRCS240","name":null,"slip_type":"Normal","catalog_name":"SHARE","catalog_id":"EUR_GRCS240","average_dip":"(52.5,35,70)","dip_dir":null,"net_slip_rate":"(0.2,0.1,0.4)"},"geometry":{"type":"LineString","coordinates":[[22.94924,40.59782],[22.96509,40.60029],[22.98295,40.60171],[23.00255,40.60171],[23.01441,40.60007],[23.04715,40.59714],[23.07497,40.59299],[23.10719,40.58598],[23.13615,40.57745],[23.18134,40.56355]]}},{"type":"Feature","properties":{"id":"EUR_GRCS245","name":null,"slip_type":"Normal","catalog_name":"SHARE","catalog_id":"EUR_GRCS245","average_dip":"(57.5,35,80)","dip_dir":null,"net_slip_rate":"(0.2,0.1,0.4)"},"geometry":{"type":"LineString","coordinates":[[22.86683,40.72397],[22.88534,40.70883],[22.90914,40.69267],[22.93767,40.67832],[22.96598,40.66756],[22.99551,40.65277],[23.01837,40.64155],[23.04662,40.63006],[23.07879,40.61871]]}},{"type":"Feature","properties":{"id":"EUR_GRCS250","name":null,"slip_type":"Normal","catalog_name":"SHARE","catalog_id":"EUR_GRCS250","average_dip":"(58.5,30,87)","dip_dir":null,"net_slip_rate":"(0.3,0.1,0.5)"},"geometry":{"type":"LineString","coordinates":[[22.76017,40.50575],[22.79455,40.50547],[22.81935,40.50594],[22.83444,40.50717],[22.8499,40.50608],[22.8702,40.49899],[22.89123,40.49926],[22.91603,40.50199],[22.93274,40.50185],[22.97437,40.49851],[23.02131,40.49103],[23.05778,40.4826],[23.08853,40.47403],[23.12422,40.46932],[23.14729,40.4646],[23.16609,40.46029],[23.18232,40.45398],[23.19739,40.44886],[23.21977,40.44403]]}},{"type":"Feature","properties":{"id":"EUR_GRCS260","name":null,"slip_type":"Sinistral-Normal","catalog_name":"SHARE","catalog_id":"EUR_GRCS260","average_dip":"(72.5,60,85)","dip_dir":null,"net_slip_rate":"(0.6,0.3,0.8)"},"geometry":{"type":"LineString","coordinates":[[23.96263,40.34115],[23.9355,40.34858],[23.89056,40.35863],[23.86373,40.36648],[23.84248,40.37172],[23.83131,40.37651],[23.81342,40.38742],[23.79441,40.39746],[23.76912,40.40636],[23.73163,40.42161],[23.69943,40.43686],[23.67936,40.4484],[23.64926,40.47148]]}},{"type":"Feature","properties":{"id":"EUR_GRCS265","name":null,"slip_type":"Normal","catalog_name":"SHARE","catalog_id":"EUR_GRCS265","average_dip":"(65.0,50,80)","dip_dir":null,"net_slip_rate":"(0.7,0.5,0.8)"},"geometry":{"type":"LineString","coordinates":[[23.6975,40.19839],[23.75006,40.18928],[23.79025,40.182],[23.83044,40.17472],[23.88764,40.16471],[23.94483,40.1547],[23.98464,40.14803],[24.02444,40.14135]]}},{"type":"Feature","properties":{"id":"EUR_GRCS270","name":null,"slip_type":"Sinistral-Normal","catalog_name":"SHARE","catalog_id":"EUR_GRCS270","average_dip":"(60.0,45,75)","dip_dir":null,"net_slip_rate":"(0.6,0.6,0.7)"},"geometry":{"type":"LineString","coordinates":[[23.5741,40.3889],[23.60022,40.38461],[23.63658,40.37865],[23.66088,40.37466],[23.68576,40.36905],[23.73551,40.35438],[23.75872,40.34618],[23.78526,40.33583],[23.82506,40.32677],[23.86486,40.31771],[23.90134,40.30994],[23.94059,40.30088],[23.99243,40.29236],[24.03248,40.28865],[24.07254,40.28493],[24.13288,40.28095],[24.18082,40.2811],[24.2173,40.2814],[24.25744,40.28599]]}},{"type":"Feature","properties":{"id":"EUR_GRCS280","name":null,"slip_type":"Dextral-Normal","catalog_name":"SHARE","catalog_id":"EUR_GRCS280","average_dip":"(75.0,65,85)","dip_dir":null,"net_slip_rate":"(1.4,1.0,1.7)"},"geometry":{"type":"LineString","coordinates":[[24.83707,40.31879],[24.78054,40.28483],[24.72475,40.25083],[24.68472,40.23245],[24.64617,40.21668],[24.60499,40.20519],[24.55269,40.19122],[24.51367,40.18178],[24.46266,40.16113],[24.40372,40.12998],[24.32382,40.09379],[24.27929,40.07771],[24.25571,40.06766],[24.22034,40.04957],[24.17581,40.02344],[24.13652,40.00133],[24.09067,39.97017],[24.03173,39.93299],[23.97672,39.89982]]}},{"type":"Feature","properties":{"id":"EUR_GRCS285","name":null,"slip_type":"Dextral-Normal","catalog_name":"SHARE","catalog_id":"EUR_GRCS285","average_dip":"(65.0,50,80)","dip_dir":null,"net_slip_rate":"(1.1,0.8,1.4)"},"geometry":{"type":"LineString","coordinates":[[23.96564,39.90066],[23.91259,39.90066],[23.85954,39.90066],[23.82156,39.90014],[23.78357,39.89963],[23.73393,39.89766],[23.69817,39.8984],[23.64758,39.90348],[23.61093,39.91146],[23.57428,39.91945],[23.52825,39.93285],[23.48222,39.94624],[23.43906,39.95854]]}},{"type":"Feature","properties":{"id":"EUR_GRCS288","name":null,"slip_type":"Normal","catalog_name":"SHARE","catalog_id":"EUR_GRCS288","average_dip":"(60.0,45,75)","dip_dir":null,"net_slip_rate":"(0.6,0.1,1.0)"},"geometry":{"type":"LineString","coordinates":[[25.78977,40.44605],[25.75483,40.45373],[25.7199,40.4614],[25.66774,40.47357],[25.61557,40.48575],[25.57234,40.49534],[25.52911,40.50493],[25.49426,40.51221],[25.45941,40.51949]]}},{"type":"Feature","properties":{"id":"EUR_GRCS290","name":null,"slip_type":"Sinistral","catalog_name":"SHARE","catalog_id":"EUR_GRCS290","average_dip":"(75.0,60,90)","dip_dir":null,"net_slip_rate":"(2.6,2.0,3.2)"},"geometry":{"type":"LineString","coordinates":[[26.60816,40.57896],[26.55112,40.57402],[26.50601,40.56867],[26.45476,40.56008],[26.40949,40.55128],[26.3492,40.54066],[26.29197,40.52689],[26.24192,40.51178],[26.16139,40.484],[26.07878,40.46178],[25.97665,40.4491],[25.88506,40.4418],[25.79348,40.43225],[25.71621,40.4154],[25.64252,40.39518],[25.57649,40.37452],[25.47473,40.34517],[25.38868,40.33019],[25.33565,40.33266],[25.27313,40.33964],[25.20936,40.35647],[25.15984,40.36741]]}},{"type":"Feature","properties":{"id":"EUR_GRCS400","name":null,"slip_type":"Normal","catalog_name":"SHARE","catalog_id":"EUR_GRCS400","average_dip":"(55.0,40,70)","dip_dir":null,"net_slip_rate":"(0.7,0.5,0.8)"},"geometry":{"type":"LineString","coordinates":[[22,38.91272],[22.00679,38.9121],[22.04697,38.90925],[22.08289,38.91068],[22.12534,38.9064],[22.15508,38.89864],[22.18344,38.88944],[22.2196,38.88042],[22.25578,38.87789],[22.29292,38.87361],[22.31544,38.86839],[22.35562,38.86268],[22.37936,38.85698],[22.39032,38.85508],[22.41437,38.85077]]}},{"type":"Feature","properties":{"id":"EUR_GRCS405","name":null,"slip_type":"Normal","catalog_name":"SHARE","catalog_id":"EUR_GRCS405","average_dip":"(57.5,45,70)","dip_dir":null,"net_slip_rate":"(0.9,0.7,1.2)"},"geometry":{"type":"LineString","coordinates":[[22.39498,38.82834],[22.41893,38.82182],[22.46464,38.81127],[22.50896,38.80318],[22.53084,38.80003],[22.55272,38.80003],[22.57938,38.80049],[22.60522,38.79996],[22.62835,38.79616],[22.66062,38.7914],[22.68684,38.78782],[22.71108,38.78089],[22.73611,38.77715],[22.75594,38.77572],[22.77122,38.77285],[22.79069,38.77037],[22.80308,38.77097],[22.82256,38.76765],[22.84165,38.76256],[22.85977,38.75838],[22.88201,38.75517],[22.90714,38.75067],[22.93103,38.74713],[22.96027,38.74359],[22.99116,38.74263],[23.00805,38.74199],[23.04677,38.74359]]}},{"type":"Feature","properties":{"id":"EUR_GRCS410","name":null,"slip_type":"Normal","catalog_name":"SHARE","catalog_id":"EUR_GRCS410","average_dip":"(62.5,45,80)","dip_dir":null,"net_slip_rate":"(1.0,0.4,1.6)"},"geometry":{"type":"LineString","coordinates":[[23.44167,38.49879],[23.38457,38.50995],[23.33435,38.52108],[23.27377,38.54743],[23.24338,38.56488],[23.21299,38.58232],[23.18048,38.59831],[23.15852,38.60732],[23.12291,38.61802],[23.0958,38.62544],[23.06463,38.63732],[23.03331,38.6443],[23.00013,38.65274],[22.95465,38.66612],[22.9047,38.68038],[22.86626,38.68796],[22.82962,38.69022],[22.80262,38.69737],[22.78285,38.70414],[22.75971,38.70904],[22.73801,38.71393],[22.72981,38.71882],[22.71005,38.72673],[22.69076,38.73275],[22.67099,38.73576],[22.65219,38.73613],[22.6358,38.73726],[22.62181,38.74253],[22.60542,38.7478],[22.58035,38.75156],[22.55672,38.75232],[22.53108,38.75451],[22.49176,38.75942]]}},{"type":"Feature","properties":{"id":"EUR_GRCS415","name":null,"slip_type":"Normal","catalog_name":"SHARE","catalog_id":"EUR_GRCS415","average_dip":"(55.0,40,70)","dip_dir":null,"net_slip_rate":"(0.5,0.4,0.6)"},"geometry":{"type":"LineString","coordinates":[[23.95472,38.28208],[23.9056,38.29637],[23.87646,38.30222],[23.84732,38.30807],[23.80528,38.31749],[23.76324,38.32691],[23.73277,38.33458],[23.70231,38.34224],[23.66473,38.35429],[23.62715,38.37158],[23.605,38.38415],[23.57883,38.40249]]}},{"type":"Feature","properties":{"id":"EUR_GRCS418","name":null,"slip_type":"Normal","catalog_name":"SHARE","catalog_id":"EUR_GRCS418","average_dip":"(57.5,45,70)","dip_dir":null,"net_slip_rate":"(0.4,0.3,0.6)"},"geometry":{"type":"LineString","coordinates":[[23.58554,38.3171],[23.5446,38.33019],[23.49628,38.33805],[23.45735,38.34224],[23.41507,38.34486],[23.39091,38.34591]]}},{"type":"Feature","properties":{"id":"EUR_GRCS420","name":null,"slip_type":"Normal","catalog_name":"SHARE","catalog_id":"EUR_GRCS420","average_dip":"(60.0,50,70)","dip_dir":null,"net_slip_rate":"(0.4,0.3,0.6)"},"geometry":{"type":"LineString","coordinates":[[23.72828,38.24096],[23.6753,38.2526],[23.63326,38.26202],[23.60067,38.26782],[23.56809,38.27362],[23.51843,38.27781],[23.47782,38.27048],[23.44427,38.26026],[23.41373,38.24612],[23.37917,38.23092]]}},{"type":"Feature","properties":{"id":"EUR_GRCS425","name":null,"slip_type":"Normal","catalog_name":"SHARE","catalog_id":"EUR_GRCS425","average_dip":"(55.0,40,70)","dip_dir":null,"net_slip_rate":"(0.6,0.4,0.7)"},"geometry":{"type":"LineString","coordinates":[[22.68258,38.30478],[22.72713,38.29884],[22.76308,38.29169],[22.80201,38.28712],[22.86291,38.27935],[22.91326,38.26792],[22.94019,38.26198],[22.96654,38.25878],[22.99582,38.25924],[23.03563,38.26838],[23.0731,38.28621],[23.10882,38.29854],[23.13048,38.30174],[23.15741,38.30129],[23.18142,38.29946],[23.21128,38.30129],[23.23821,38.30586],[23.26866,38.31774],[23.28623,38.32185]]}},{"type":"Feature","properties":{"id":"EUR_GRCS430","name":null,"slip_type":"Normal","catalog_name":"SHARE","catalog_id":"EUR_GRCS430","average_dip":"(57.5,45,70)","dip_dir":null,"net_slip_rate":"(0.8,0.5,1.0)"},"geometry":{"type":"LineString","coordinates":[[22.69823,38.523],[22.67008,38.51364],[22.64193,38.50428],[22.6108,38.49441],[22.58298,38.49025],[22.55185,38.48505],[22.52337,38.48297],[22.50085,38.48401],[22.48164,38.48713],[22.45051,38.49701],[22.40944,38.51]]}},{"type":"Feature","properties":{"id":"EUR_GRCS432","name":null,"slip_type":"Normal","catalog_name":"SHARE","catalog_id":"EUR_GRCS432","average_dip":"(60.0,45,75)","dip_dir":null,"net_slip_rate":"(0.8,0.5,1.1)"},"geometry":{"type":"LineString","coordinates":[[22.41378,38.65083],[22.39427,38.65652],[22.36752,38.66615],[22.34299,38.67096],[22.32125,38.67271],[22.30286,38.67359],[22.27611,38.68015],[22.2605,38.68234],[22.24155,38.68934],[22.22315,38.69415],[22.21535,38.6959]]}},{"type":"Feature","properties":{"id":"EUR_GRCS433","name":null,"slip_type":"Normal","catalog_name":"SHARE","catalog_id":"EUR_GRCS433","average_dip":"(62.5,45,80)","dip_dir":null,"net_slip_rate":"(0.8,0.5,1.1)"},"geometry":{"type":"LineString","coordinates":[[22.51343,38.62599],[22.48122,38.64952],[22.45837,38.66921],[22.43217,38.68146],[22.41768,38.68671]]}},{"type":"Feature","properties":{"id":"EUR_GRCS434","name":null,"slip_type":"Normal","catalog_name":"SHARE","catalog_id":"EUR_GRCS434","average_dip":"(62.5,45,80)","dip_dir":null,"net_slip_rate":"(0.7,0.4,0.9)"},"geometry":{"type":"LineString","coordinates":[[22.73729,38.56358],[22.71879,38.56655],[22.69921,38.5725],[22.67962,38.58056],[22.65895,38.59585],[22.62903,38.61538],[22.60999,38.62472],[22.59639,38.63746],[22.56919,38.657],[22.54743,38.66846]]}},{"type":"Feature","properties":{"id":"EUR_GRCS436","name":null,"slip_type":"Normal","catalog_name":"SHARE","catalog_id":"EUR_GRCS436","average_dip":"(65.0,50,80)","dip_dir":null,"net_slip_rate":"(0.6,0.1,1.0)"},"geometry":{"type":"LineString","coordinates":[[22.29705,38.40006],[22.2719,38.39896],[22.24744,38.39896],[22.22857,38.40061],[22.21879,38.40555],[22.20831,38.41103],[22.19224,38.41432],[22.17197,38.41652],[22.1531,38.41707]]}},{"type":"Feature","properties":{"id":"EUR_GRCS437","name":null,"slip_type":"Normal","catalog_name":"SHARE","catalog_id":"EUR_GRCS437","average_dip":"(65.0,50,80)","dip_dir":null,"net_slip_rate":"(0.6,0.1,1.0)"},"geometry":{"type":"LineString","coordinates":[[22.42983,38.46863],[22.41166,38.46863],[22.3851,38.46424],[22.35226,38.45766],[22.31872,38.45217],[22.29146,38.44669]]}},{"type":"Feature","properties":{"id":"EUR_GRCS438","name":null,"slip_type":"Normal","catalog_name":"SHARE","catalog_id":"EUR_GRCS438","average_dip":"(65.0,50,80)","dip_dir":null,"net_slip_rate":"(1.2,0.5,2.0)"},"geometry":{"type":"LineString","coordinates":[[22.44945,38.42857],[22.47175,38.39882],[22.49404,38.37694],[22.51188,38.36207],[22.53194,38.34982],[22.55201,38.33844],[22.5665,38.33407],[22.5966,38.32969],[22.61332,38.32794]]}},{"type":"Feature","properties":{"id":"EUR_GRCS440","name":null,"slip_type":"Normal","catalog_name":"SHARE","catalog_id":"EUR_GRCS440","average_dip":"(65.0,50,80)","dip_dir":null,"net_slip_rate":"(0.6,0.1,1.0)"},"geometry":{"type":"LineString","coordinates":[[22.71922,38.4662],[22.6947,38.4417],[22.67463,38.4137],[22.64342,38.38832],[22.61889,38.36732],[22.59548,38.34544]]}},{"type":"Feature","properties":{"id":"EUR_GRCS441","name":null,"slip_type":"Normal","catalog_name":"SHARE","catalog_id":"EUR_GRCS441","average_dip":"(65.0,50,80)","dip_dir":null,"net_slip_rate":"(0.6,0.1,1.0)"},"geometry":{"type":"LineString","coordinates":[[22,38.44948],[22.00633,38.44782],[22.04145,38.4312],[22.07322,38.41413],[22.08604,38.40888]]}},{"type":"Feature","properties":{"id":"EUR_GRCS442","name":null,"slip_type":"Normal","catalog_name":"SHARE","catalog_id":"EUR_GRCS442","average_dip":"(65.0,50,80)","dip_dir":null,"net_slip_rate":"(0.6,0.1,1.0)"},"geometry":{"type":"LineString","coordinates":[[22,38.39785],[22.00633,38.39663],[22.02863,38.39313],[22.04033,38.39313],[22.06207,38.39138],[22.09161,38.39051],[22.11502,38.38657],[22.13955,38.38176],[22.1624,38.38001],[22.19027,38.37694]]}},{"type":"Feature","properties":{"id":"EUR_GRCS443","name":null,"slip_type":"Normal","catalog_name":"SHARE","catalog_id":"EUR_GRCS443","average_dip":"(67.5,50,85)","dip_dir":null,"net_slip_rate":"(0.6,0.1,1.0)"},"geometry":{"type":"LineString","coordinates":[[22.04549,38.35171],[22.08462,38.35171],[22.10978,38.34952],[22.14332,38.34513],[22.16987,38.34073],[22.19783,38.33964],[22.22997,38.33744]]}},{"type":"Feature","properties":{"id":"EUR_GRCS444","name":null,"slip_type":"Normal","catalog_name":"SHARE","catalog_id":"EUR_GRCS444","average_dip":"(70.0,55,85)","dip_dir":null,"net_slip_rate":"(0.6,0.1,1.0)"},"geometry":{"type":"LineString","coordinates":[[22.13074,38.32097],[22.16708,38.30999],[22.20341,38.30011],[22.24115,38.29571],[22.2691,38.29462],[22.29845,38.29901],[22.3264,38.30999],[22.34178,38.31658]]}},{"type":"Feature","properties":{"id":"EUR_GRCS450","name":null,"slip_type":"Normal","catalog_name":"SHARE","catalog_id":"EUR_GRCS450","average_dip":"(62.5,45,80)","dip_dir":null,"net_slip_rate":"None"},"geometry":{"type":"LineString","coordinates":[[23.74956,38.08042],[23.71796,38.09742],[23.69089,38.11018],[23.66471,38.12718],[23.63853,38.14348],[23.60514,38.16473]]}},{"type":"Feature","properties":{"id":"EUR_GRCS453","name":null,"slip_type":"Normal","catalog_name":"SHARE","catalog_id":"EUR_GRCS453","average_dip":"(60.0,45,75)","dip_dir":null,"net_slip_rate":"(0.6,0.2,1.0)"},"geometry":{"type":"LineString","coordinates":[[23.1791,37.99227],[23.19663,37.98883],[23.2093,37.98577],[23.22294,37.98004],[23.23073,37.97621],[23.24048,37.97468],[23.26289,37.97545],[23.27312,37.97583],[23.28968,37.97315],[23.30527,37.96971],[23.32671,37.97048],[23.36324,37.97086],[23.40271,37.96742],[23.42901,37.96589]]}},{"type":"Feature","properties":{"id":"EUR_GRCS470","name":null,"slip_type":"Normal","catalog_name":"SHARE","catalog_id":"EUR_GRCS470","average_dip":"(62.5,45,80)","dip_dir":null,"net_slip_rate":"(0.7,0.5,0.8)"},"geometry":{"type":"LineString","coordinates":[[22.81718,38.85243],[22.8621,38.87127],[22.90557,38.88837],[22.96155,38.90311],[23.0006,38.9133],[23.02794,38.93042],[23.05749,38.94523],[23.08489,38.96694],[23.10195,38.98295],[23.13528,39.00519],[23.15154,39.01142],[23.18843,39.01869],[23.21352,39.02256],[23.25413,39.03209],[23.30515,39.04785],[23.35108,39.06879],[23.38961,39.08431],[23.42814,39.09983]]}},{"type":"Feature","properties":{"id":"EUR_GRCS473","name":null,"slip_type":"Normal","catalog_name":"SHARE","catalog_id":"EUR_GRCS473","average_dip":"(67.5,55,80)","dip_dir":null,"net_slip_rate":"(0.6,0.5,0.7)"},"geometry":{"type":"LineString","coordinates":[[23.49447,38.63187],[23.46936,38.64533],[23.43189,38.67328],[23.40442,38.69082],[23.37944,38.70317],[23.35488,38.72331],[23.33032,38.74346],[23.29286,38.76295],[23.27122,38.77985],[23.24957,38.79675],[23.22751,38.81137],[23.20545,38.82599],[23.17381,38.83834],[23.13218,38.85198]]}},{"type":"Feature","properties":{"id":"EUR_GRCS480","name":null,"slip_type":"Normal","catalog_name":"SHARE","catalog_id":"EUR_GRCS480","average_dip":"(60.0,45,75)","dip_dir":null,"net_slip_rate":"(0.6,0.5,0.7)"},"geometry":{"type":"LineString","coordinates":[[24.51828,38.6119],[24.43653,38.63757],[24.38204,38.65254],[24.32754,38.66751],[24.26215,38.68462],[24.18858,38.69746],[24.12318,38.70601],[24.06324,38.71243],[24.00069,38.7139],[23.91244,38.71037],[23.85111,38.72094],[23.79875,38.7409],[23.75089,38.76673],[23.69554,38.7867],[23.62972,38.81135],[23.5639,38.85832],[23.51753,38.90177]]}},{"type":"Feature","properties":{"id":"EUR_GRCS488","name":null,"slip_type":"Normal","catalog_name":"SHARE","catalog_id":"EUR_GRCS488","average_dip":"(55.0,40,70)","dip_dir":null,"net_slip_rate":"(0.4,0.3,0.5)"},"geometry":{"type":"LineString","coordinates":[[24.68721,38.16916],[24.65043,38.1713],[24.61364,38.17343],[24.56187,38.17451],[24.5101,38.17557],[24.46787,38.17771],[24.42563,38.17985],[24.38885,38.18734],[24.35206,38.19482],[24.32209,38.20873],[24.29212,38.22263]]}},{"type":"Feature","properties":{"id":"EUR_GRCS500","name":null,"slip_type":"Normal","catalog_name":"SHARE","catalog_id":"EUR_GRCS500","average_dip":"(40.0,20,60)","dip_dir":null,"net_slip_rate":"(2.6,0.3,5.0)"},"geometry":{"type":"LineString","coordinates":[[22,38.23125],[22.00298,38.23004],[22.04325,38.21367],[22.08519,38.19558],[22.11057,38.18955],[22.14698,38.1818],[22.19333,38.17836],[22.24077,38.17405],[22.29705,38.17147],[22.3282,38.17073],[22.35935,38.16999]]}},{"type":"Feature","properties":{"id":"EUR_GRCS510","name":null,"slip_type":"Normal","catalog_name":"SHARE","catalog_id":"EUR_GRCS510","average_dip":"(47.5,30,65)","dip_dir":null,"net_slip_rate":"(11.5,9.0,14.0)"},"geometry":{"type":"LineString","coordinates":[[22.78691,38.04307],[22.73967,38.04985],[22.69943,38.05882],[22.64828,38.07675],[22.59687,38.09518],[22.548,38.1161],[22.50358,38.13155],[22.47565,38.13703],[22.42742,38.14201],[22.40012,38.144],[22.3722,38.14649]]}},{"type":"Feature","properties":{"id":"EUR_GRCS518","name":null,"slip_type":"Normal","catalog_name":"SHARE","catalog_id":"EUR_GRCS518","average_dip":"(57.5,40,75)","dip_dir":null,"net_slip_rate":"(3.0,1.0,5.0)"},"geometry":{"type":"LineString","coordinates":[[23.27936,38.10335],[23.24568,38.09885],[23.21989,38.09548],[23.19911,38.08704],[23.17116,38.07354],[23.15755,38.06567],[23.1382,38.05723],[23.11384,38.04823],[23.09665,38.0443],[23.07945,38.0398],[23.0601,38.0308],[23.04936,38.02855],[23.02929,38.02517],[23.0078,38.01899],[22.98129,38.01392],[22.96409,38.01449],[22.93901,38.01955],[22.91393,38.0218],[22.88124,38.02429],[22.84443,38.02292]]}},{"type":"Feature","properties":{"id":"EUR_GRCS520","name":null,"slip_type":"Normal","catalog_name":"SHARE","catalog_id":"EUR_GRCS520","average_dip":"(60.0,45,75)","dip_dir":null,"net_slip_rate":"(0.2,0.2,0.3)"},"geometry":{"type":"LineString","coordinates":[[22.76385,38.20897],[22.80158,38.20677],[22.82814,38.20128],[22.85293,38.18895],[22.88785,38.17982],[22.91583,38.17592],[22.92846,38.17331],[22.95771,38.17279],[22.99626,38.17227],[23.01487,38.17174],[23.05343,38.1754],[23.06739,38.17853],[23.07337,38.18061],[23.08126,38.18614],[23.09306,38.19254],[23.09991,38.20185],[23.11042,38.21405],[23.12051,38.22296],[23.12975,38.22857],[23.13984,38.23385],[23.15077,38.23781],[23.16253,38.23913],[23.17262,38.2388],[23.18187,38.23517],[23.19027,38.23121],[23.2012,38.2289],[23.21969,38.22956],[23.23356,38.22989],[23.24743,38.23154],[23.26592,38.23517]]}},{"type":"Feature","properties":{"id":"EUR_GRCS522","name":null,"slip_type":"Normal","catalog_name":"SHARE","catalog_id":"EUR_GRCS522","average_dip":"(60.0,45,75)","dip_dir":null,"net_slip_rate":"(0.3,0.1,0.5)"},"geometry":{"type":"LineString","coordinates":[[23.04719,37.98277],[23.01794,37.9833],[22.99335,37.98695],[22.97673,37.98956],[22.96011,37.99425],[22.94881,37.99999],[22.93418,38.00678],[22.91756,38.01304],[22.90294,38.01721],[22.88499,38.02087]]}},{"type":"Feature","properties":{"id":"EUR_GRCS524","name":null,"slip_type":"Normal","catalog_name":"SHARE","catalog_id":"EUR_GRCS524","average_dip":"(50.0,35,65)","dip_dir":null,"net_slip_rate":"(1.2,0.5,2.0)"},"geometry":{"type":"LineString","coordinates":[[22.01388,38.15018],[22.0336,38.14387],[22.05039,38.14043],[22.06719,38.13642],[22.08179,38.13012],[22.0942,38.12152],[22.11319,38.11407],[22.13144,38.11063],[22.15992,38.1026],[22.1716,38.09744],[22.19059,38.08999],[22.22053,38.08311],[22.24754,38.0791]]}},{"type":"Feature","properties":{"id":"EUR_GRCS540","name":null,"slip_type":"Normal","catalog_name":"SHARE","catalog_id":"EUR_GRCS540","average_dip":"(60.0,45,75)","dip_dir":null,"net_slip_rate":"(0.6,0.1,1.0)"},"geometry":{"type":"LineString","coordinates":[[22.86442,37.81884],[22.89551,37.82939],[22.92829,37.83533],[22.96358,37.83929],[23.01317,37.84589],[23.04678,37.84918],[23.06275,37.84721],[23.08376,37.84655],[23.11401,37.84655],[23.14342,37.84655],[23.16779,37.84721]]}},{"type":"Feature","properties":{"id":"EUR_GRCS555","name":null,"slip_type":"Normal","catalog_name":"SHARE","catalog_id":"EUR_GRCS555","average_dip":"(57.5,45,70)","dip_dir":null,"net_slip_rate":"(0.8,0.5,1.0)"},"geometry":{"type":"LineString","coordinates":[[22.47347,36.91378],[22.45791,36.94009],[22.44235,36.96641],[22.42222,37.00705],[22.39691,37.04488],[22.38386,37.06432],[22.37042,37.0793],[22.3527,37.09989],[22.33371,37.11708],[22.3241,37.1426],[22.31215,37.16285],[22.29846,37.17217],[22.28362,37.19409],[22.27074,37.20749],[22.26551,37.22245],[22.25482,37.24489],[22.2391,37.26125],[22.20332,37.27882],[22.17714,37.29709],[22.15641,37.32127],[22.14659,37.34075],[22.13328,37.36215]]}},{"type":"Feature","properties":{"id":"EUR_GRCS560","name":null,"slip_type":"Normal","catalog_name":"SHARE","catalog_id":"EUR_GRCS560","average_dip":"(57.5,45,70)","dip_dir":null,"net_slip_rate":"(0.6,0.1,1.0)"},"geometry":{"type":"LineString","coordinates":[[22,37.29756],[22.00245,37.29506],[22.01375,37.27741],[22.02706,37.25144],[22.03637,37.22496],[22.04635,37.20056],[22.051,37.17512],[22.053,37.15695],[22.04968,37.13047],[22.04435,37.11229],[22.04435,37.09775],[22.05167,37.08425],[22.06431,37.0692],[22.07296,37.04272]]}},{"type":"Feature","properties":{"id":"EUR_GRCS562","name":null,"slip_type":"Normal","catalog_name":"SHARE","catalog_id":"EUR_GRCS562","average_dip":"(60.0,50,70)","dip_dir":null,"net_slip_rate":"(0.6,0.1,1.0)"},"geometry":{"type":"LineString","coordinates":[[22.23787,37.16815],[22.23485,37.16034],[22.22957,37.14561],[22.22241,37.13178],[22.21713,37.12036],[22.20733,37.09752],[22.19565,37.07537],[22.18649,37.058],[22.17001,37.02538],[22.16134,37.00734],[22.15568,36.99231],[22.14927,36.97458],[22.144,36.95534],[22.13872,36.94121],[22.12515,36.91506]]}},{"type":"Feature","properties":{"id":"EUR_GRCS564","name":null,"slip_type":"Normal","catalog_name":"SHARE","catalog_id":"EUR_GRCS564","average_dip":"(57.5,45,70)","dip_dir":null,"net_slip_rate":"(0.6,0.1,1.0)"},"geometry":{"type":"LineString","coordinates":[[22.31574,36.39975],[22.31409,36.43981],[22.31216,36.48692],[22.31079,36.52022],[22.30942,36.55352],[22.30294,36.59704],[22.29905,36.64055],[22.29651,36.66708],[22.28543,36.68596],[22.26469,36.7124],[22.2431,36.73551],[22.21801,36.76278],[22.19675,36.78979],[22.16853,36.82912],[22.14535,36.85193],[22.12662,36.86724],[22.09799,36.88261],[22.07279,36.90778]]}},{"type":"Feature","properties":{"id":"EUR_GRCS575","name":null,"slip_type":"Normal","catalog_name":"SHARE","catalog_id":"EUR_GRCS575","average_dip":"(60.0,50,70)","dip_dir":null,"net_slip_rate":"(0.6,0.1,1.0)"},"geometry":{"type":"LineString","coordinates":[[23.11758,36.77281],[23.09215,36.81647],[23.06672,36.86014],[23.03176,36.9325],[23.02222,36.96993],[23.00315,37.02482],[22.9809,37.06724],[22.95865,37.10966],[22.92368,37.17703],[22.87759,37.24439],[22.8315,37.31176],[22.80289,37.36042],[22.77428,37.40908],[22.75044,37.45399],[22.7266,37.4989]]}},{"type":"Feature","properties":{"id":"EUR_GRCS580","name":null,"slip_type":"Normal","catalog_name":"SHARE","catalog_id":"EUR_GRCS580","average_dip":"(60.0,50,70)","dip_dir":null,"net_slip_rate":"(0.6,0.1,1.0)"},"geometry":{"type":"LineString","coordinates":[[23.21363,36.45025],[23.20365,36.47712],[23.19366,36.50399],[23.18082,36.53646],[23.16799,36.56893],[23.15943,36.61148],[23.15087,36.65403],[23.14802,36.68314],[23.14516,36.71225],[23.14374,36.73576],[23.14231,36.75928]]}},{"type":"Feature","properties":{"id":"EUR_GRCS582","name":null,"slip_type":"Normal","catalog_name":"SHARE","catalog_id":"EUR_GRCS582","average_dip":"(62.5,50,75)","dip_dir":null,"net_slip_rate":"(0.6,0.1,1.0)"},"geometry":{"type":"LineString","coordinates":[[23.23931,36.03397],[23.226,36.05568],[23.21268,36.0774],[23.20243,36.10233],[23.19219,36.12726],[23.19014,36.15541],[23.18809,36.18355],[23.19287,36.21358],[23.19765,36.2436],[23.20243,36.27363],[23.2096,36.31706],[23.21677,36.36048],[23.22702,36.39908],[23.23726,36.43769]]}},{"type":"Feature","properties":{"id":"EUR_GRCS583","name":null,"slip_type":"Normal","catalog_name":"SHARE","catalog_id":"EUR_GRCS583","average_dip":"(65.0,55,75)","dip_dir":null,"net_slip_rate":"(0.6,0.1,1.0)"},"geometry":{"type":"LineString","coordinates":[[23.29921,36.0166],[23.31344,35.99332],[23.32767,35.97005],[23.34428,35.93994],[23.36088,35.90984],[23.37512,35.86825],[23.38619,35.83443],[23.39726,35.8006],[23.40556,35.76739],[23.41386,35.73419],[23.42098,35.7047],[23.42809,35.67522]]}},{"type":"Feature","properties":{"id":"EUR_GRCS584","name":null,"slip_type":"Normal","catalog_name":"SHARE","catalog_id":"EUR_GRCS584","average_dip":"(55.0,50,60)","dip_dir":null,"net_slip_rate":"(0.6,0.1,1.0)"},"geometry":{"type":"LineString","coordinates":[[22.86589,36.17301],[22.86431,36.22639],[22.86431,36.25432],[22.86431,36.28225],[22.8603,36.32701],[22.8564,36.37039],[22.84929,36.40515],[22.84217,36.43991],[22.83426,36.47218],[22.82636,36.50446],[22.81213,36.53549],[22.79789,36.56652],[22.76943,36.6137],[22.75203,36.65342],[22.74096,36.7068]]}},{"type":"Feature","properties":{"id":"EUR_GRCS586","name":null,"slip_type":"Normal","catalog_name":"SHARE","catalog_id":"EUR_GRCS586","average_dip":"(62.5,50,75)","dip_dir":null,"net_slip_rate":"(0.6,0.1,1.0)"},"geometry":{"type":"LineString","coordinates":[[22.8738,36.12708],[22.91017,36.09605],[22.95525,36.06501],[23.00032,36.03398],[23.03906,36.00791],[23.07781,35.98184],[23.10706,35.95887],[23.13632,35.93591],[23.15609,35.91605],[23.17585,35.89619],[23.1972,35.8726],[23.21855,35.84901],[23.25809,35.81426],[23.27865,35.79253],[23.29921,35.77081]]}},{"type":"Feature","properties":{"id":"EUR_GRCS696","name":null,"slip_type":"Reverse","catalog_name":"SHARE","catalog_id":"EUR_GRCS696","average_dip":"(35.0,25,45)","dip_dir":null,"net_slip_rate":"(0.8,0.19,1.5)"},"geometry":{"type":"LineString","coordinates":[[35.21472,34.82861],[35.11422,34.80744],[35.01373,34.78628],[34.8422,34.73699],[34.65638,34.71918],[34.48758,34.6944],[34.30488,34.69409],[34.12783,34.73928],[33.99645,34.78455],[33.8601,34.8438],[33.69346,34.924],[33.55841,35.0383],[33.45383,35.11606],[33.3608,35.21563],[33.26777,35.3152]]}},{"type":"Feature","properties":{"id":"EUR_GRCS697","name":null,"slip_type":"Dextral-Reverse","catalog_name":"SHARE","catalog_id":"EUR_GRCS697","average_dip":"(35.0,25,45)","dip_dir":null,"net_slip_rate":"(0.8,0.14,1.5)"},"geometry":{"type":"LineString","coordinates":[[33.82683,34.2764],[33.69628,34.30387],[33.56888,34.3207],[33.44616,34.34392],[33.33949,34.35227],[33.22183,34.3755],[33.08382,34.40083],[32.94618,34.46043],[32.84654,34.524],[32.7711,34.56009],[32.69542,34.60044],[32.59939,34.64289],[32.52636,34.68112],[32.44931,34.7449],[32.38428,34.81936]]}},{"type":"Feature","properties":{"id":"EUR_GRCS698","name":null,"slip_type":"Reverse","catalog_name":"SHARE","catalog_id":"EUR_GRCS698","average_dip":"(35.0,25,45)","dip_dir":null,"net_slip_rate":"(0.8,0.14,1.5)"},"geometry":{"type":"LineString","coordinates":[[34.36004,34.49675],[34.29798,34.49877],[34.23591,34.5008],[34.18044,34.51988],[34.12497,34.53896],[34.07966,34.55699],[34.03437,34.57502],[33.96397,34.58901],[33.90367,34.61174],[33.85395,34.61703],[33.80423,34.62232],[33.75373,34.64104],[33.70322,34.65975],[33.64229,34.69323],[33.58136,34.7267],[33.53365,34.75214],[33.48594,34.77758],[33.44634,34.81106],[33.40675,34.84453]]}},{"type":"Feature","properties":{"id":"EUR_GRCS699","name":null,"slip_type":"Dextral-Reverse","catalog_name":"SHARE","catalog_id":"EUR_GRCS699","average_dip":"(70.0,60,80)","dip_dir":null,"net_slip_rate":"(6.0,2.0,10.0)"},"geometry":{"type":"LineString","coordinates":[[31.8625,34.36041],[31.96029,34.46071],[32.08452,34.58449],[32.1908,34.7125],[32.27142,34.84686],[32.34571,34.95991],[32.42659,35.09001],[32.50027,35.20551],[32.57395,35.32102],[32.66541,35.46115],[32.74462,35.59775],[32.80094,35.66433],[32.85725,35.73092]]}},{"type":"Feature","properties":{"id":"EUR_GRCS700","name":null,"slip_type":"Normal","catalog_name":"SHARE","catalog_id":"EUR_GRCS700","average_dip":"(70.0,60,80)","dip_dir":null,"net_slip_rate":"(0.7,0.7,0.7)"},"geometry":{"type":"LineString","coordinates":[[23.59422,35.6217],[23.59422,35.60851],[23.59092,35.58543],[23.58631,35.56566],[23.58747,35.5414],[23.59207,35.52702],[23.59552,35.51265],[23.58977,35.48749],[23.58401,35.46682],[23.57627,35.44131],[23.55675,35.41156],[23.52918,35.38542]]}},{"type":"Feature","properties":{"id":"EUR_GRCS705","name":null,"slip_type":"Normal","catalog_name":"SHARE","catalog_id":"EUR_GRCS705","average_dip":"(70.0,60,80)","dip_dir":null,"net_slip_rate":"(0.3,0.3,0.4)"},"geometry":{"type":"LineString","coordinates":[[23.73137,35.70225],[23.72906,35.68518],[23.73022,35.66002],[23.73482,35.64294],[23.73712,35.62407],[23.74748,35.60251],[23.75439,35.57914],[23.75094,35.56656],[23.75554,35.5414],[23.74979,35.53242],[23.74058,35.51175],[23.73943,35.49468],[23.73943,35.48299],[23.73597,35.46952]]}},{"type":"Feature","properties":{"id":"EUR_GRCS708","name":null,"slip_type":"Normal","catalog_name":"SHARE","catalog_id":"EUR_GRCS708","average_dip":"(57.5,45,70)","dip_dir":null,"net_slip_rate":"(0.6,0.1,1.0)"},"geometry":{"type":"LineString","coordinates":[[24.29051,35.59855],[24.25324,35.60733],[24.21598,35.6161],[24.17001,35.62878],[24.12405,35.64146],[24.07063,35.65316],[24.01722,35.66486],[23.97498,35.67331],[23.93275,35.68176],[23.89051,35.69021]]}},{"type":"Feature","properties":{"id":"EUR_GRCS710","name":null,"slip_type":"Normal","catalog_name":"SHARE","catalog_id":"EUR_GRCS710","average_dip":"(52.5,40,65)","dip_dir":null,"net_slip_rate":"(0.6,0.1,1.0)"},"geometry":{"type":"LineString","coordinates":[[25.35634,35.48154],[25.28429,35.48544],[25.20479,35.48739],[25.13522,35.48154],[25.07063,35.47374],[24.9787,35.46984],[24.92156,35.46789],[24.86442,35.46594],[24.79609,35.47081],[24.72777,35.47569],[24.66814,35.47471],[24.60852,35.47374],[24.5402,35.46789],[24.47187,35.46204],[24.40603,35.46204],[24.3402,35.46204]]}},{"type":"Feature","properties":{"id":"EUR_GRCS715","name":null,"slip_type":"Normal","catalog_name":"SHARE","catalog_id":"EUR_GRCS715","average_dip":"(67.5,55,80)","dip_dir":null,"net_slip_rate":"(2.5,0.6,4.5)"},"geometry":{"type":"LineString","coordinates":[[23.54813,35.22393],[23.62885,35.21662],[23.69436,35.21388],[23.74472,35.2141],[23.80899,35.21916],[23.87802,35.21571],[23.94817,35.20393],[24.02893,35.19288],[24.09678,35.19197],[24.1601,35.20888],[24.20973,35.20699],[24.23636,35.20699],[24.27994,35.20699],[24.31383,35.21077],[24.33441,35.21644],[24.35983,35.21644],[24.38888,35.21077],[24.41188,35.20699],[24.43245,35.20227],[24.45787,35.19566],[24.46998,35.18526],[24.49419,35.17109],[24.52203,35.15692],[24.55713,35.1418]]}},{"type":"Feature","properties":{"id":"EUR_GRCS720","name":null,"slip_type":"Normal","catalog_name":"SHARE","catalog_id":"EUR_GRCS720","average_dip":"(67.5,55,80)","dip_dir":null,"net_slip_rate":"(0.8,0.8,0.8)"},"geometry":{"type":"LineString","coordinates":[[24.52687,35.21455],[24.54866,35.20133],[24.56076,35.18999],[24.58134,35.18148],[24.60918,35.1692],[24.62734,35.16164],[24.65155,35.15125],[24.68544,35.14652]]}},{"type":"Feature","properties":{"id":"EUR_GRCS722","name":null,"slip_type":"Normal","catalog_name":"SHARE","catalog_id":"EUR_GRCS722","average_dip":"(67.5,55,80)","dip_dir":null,"net_slip_rate":"(0.6,0.1,1.0)"},"geometry":{"type":"LineString","coordinates":[[24.57232,35.08696],[24.60332,35.08787],[24.63432,35.08879],[24.67292,35.0897],[24.71036,35.09335],[24.73493,35.09883],[24.76651,35.1107],[24.78874,35.11709],[24.80629,35.11709],[24.83202,35.11892],[24.84957,35.11892]]}},{"type":"Feature","properties":{"id":"EUR_GRCS725","name":null,"slip_type":"Normal","catalog_name":"SHARE","catalog_id":"EUR_GRCS725","average_dip":"(67.5,55,80)","dip_dir":null,"net_slip_rate":"(5.0,4.3,5.8)"},"geometry":{"type":"LineString","coordinates":[[24.13948,35.07235],[24.17282,35.07463],[24.20616,35.07691],[24.2395,35.07646],[24.27284,35.076],[24.30443,35.07189],[24.33601,35.06778],[24.37696,35.04952],[24.40737,35.02852],[24.44949,35.00934],[24.49394,34.9856],[24.52553,34.96643],[24.56413,34.94725],[24.59396,34.93721],[24.62379,34.92716],[24.67176,34.9089]]}},{"type":"Feature","properties":{"id":"EUR_GRCS730","name":null,"slip_type":"Normal","catalog_name":"SHARE","catalog_id":"EUR_GRCS730","average_dip":"(65.0,55,75)","dip_dir":null,"net_slip_rate":"(0.9,0.6,1.3)"},"geometry":{"type":"LineString","coordinates":[[24.68462,34.88333],[24.74311,34.87877],[24.80161,34.8742],[24.85308,34.87694],[24.90455,34.87968],[24.95134,34.88425],[24.99814,34.88881],[25.08704,34.89977],[25.17127,34.91073],[25.23912,34.9162],[25.31399,34.93447],[25.3912,34.9509],[25.44034,34.95182],[25.48947,34.95273],[25.53509,34.9573],[25.58072,34.96186]]}},{"type":"Feature","properties":{"id":"EUR_GRCS740","name":null,"slip_type":"Normal","catalog_name":"SHARE","catalog_id":"EUR_GRCS740","average_dip":"(67.5,55,80)","dip_dir":null,"net_slip_rate":"(0.6,0.1,1.0)"},"geometry":{"type":"LineString","coordinates":[[25.04878,35.34186],[25.04519,35.32722],[25.03558,35.31214],[25.02659,35.29907],[25.02197,35.2826],[25.00835,35.2606],[25.00355,35.24237],[24.99954,35.22351],[24.99874,35.20277],[25.00115,35.18768],[25.00275,35.17071],[25.00595,35.15751],[25.00355,35.14557],[24.99874,35.13363],[24.99234,35.12294]]}},{"type":"Feature","properties":{"id":"EUR_GRCS743","name":null,"slip_type":"Normal","catalog_name":"SHARE","catalog_id":"EUR_GRCS743","average_dip":"(70.0,60,80)","dip_dir":null,"net_slip_rate":"(0.5,0.5,0.5)"},"geometry":{"type":"LineString","coordinates":[[25.51277,35.23668],[25.4872,35.23714],[25.46981,35.23399],[25.44974,35.22909],[25.43012,35.21824],[25.41184,35.20949],[25.3949,35.19934],[25.38004,35.18585],[25.36764,35.17084],[25.35647,35.15535],[25.34942,35.14474],[25.34159,35.13502],[25.33604,35.12479]]}},{"type":"Feature","properties":{"id":"EUR_GRCS745","name":null,"slip_type":"Normal","catalog_name":"SHARE","catalog_id":"EUR_GRCS745","average_dip":"(70.0,60,80)","dip_dir":null,"net_slip_rate":"(1.1,0.9,1.3)"},"geometry":{"type":"LineString","coordinates":[[25.8943,35.19549],[25.88943,35.17799],[25.87899,35.15897],[25.87681,35.1498],[25.87246,35.13825],[25.86463,35.12568],[25.8581,35.10938],[25.84592,35.09648],[25.83896,35.09002],[25.83417,35.07712],[25.82591,35.06319],[25.82286,35.05436],[25.81981,35.04519],[25.81329,35.04044],[25.80459,35.03093],[25.79719,35.02142],[25.78979,35.01293],[25.78109,35.00342]]}},{"type":"Feature","properties":{"id":"EUR_GRCS748","name":null,"slip_type":"Normal","catalog_name":"SHARE","catalog_id":"EUR_GRCS748","average_dip":"(75.0,65,85)","dip_dir":null,"net_slip_rate":"(0.6,0.1,1.0)"},"geometry":{"type":"LineString","coordinates":[[26.17124,35.44253],[26.1406,35.41393],[26.10995,35.38533],[26.07931,35.35673],[26.04997,35.33215],[26.02062,35.30757],[25.98279,35.27661],[25.94495,35.24566],[25.92018,35.22523],[25.8954,35.20481]]}},{"type":"Feature","properties":{"id":"EUR_GRCS750","name":null,"slip_type":"Normal","catalog_name":"SHARE","catalog_id":"EUR_GRCS750","average_dip":"(60.0,50,70)","dip_dir":null,"net_slip_rate":"(0.6,0.1,1.0)"},"geometry":{"type":"LineString","coordinates":[[26.45337,35.56412],[26.4083,35.55915],[26.37135,35.55414],[26.33062,35.55143],[26.29002,35.54664],[26.25322,35.54263],[26.20824,35.54182],[26.16735,35.54263],[26.11726,35.54263],[26.07228,35.54664],[26.04222,35.54793],[26.01215,35.54922]]}},{"type":"Feature","properties":{"id":"EUR_GRCS752","name":null,"slip_type":"Normal","catalog_name":"SHARE","catalog_id":"EUR_GRCS752","average_dip":"(67.5,55,80)","dip_dir":null,"net_slip_rate":"(0.6,0.1,1.0)"},"geometry":{"type":"LineString","coordinates":[[26.11776,35.12219],[26.11804,35.11584],[26.11497,35.10248],[26.11134,35.09241],[26.10409,35.07796],[26.09684,35.07095],[26.08513,35.06592],[26.06993,35.06262],[26.05612,35.06056],[26.04664,35.05601],[26.01429,35.03049]]}},{"type":"Feature","properties":{"id":"EUR_GRCS755","name":null,"slip_type":"Normal","catalog_name":"SHARE","catalog_id":"EUR_GRCS755","average_dip":"(67.5,55,80)","dip_dir":null,"net_slip_rate":"(0.6,0.1,1.0)"},"geometry":{"type":"LineString","coordinates":[[26.11581,35.20253],[26.11171,35.19372],[26.10967,35.18524],[26.10549,35.1767],[26.10326,35.17035],[26.09628,35.16028],[26.09015,35.1513],[26.08577,35.1414],[26.08373,35.13423]]}},{"type":"Feature","properties":{"id":"EUR_GRCS760","name":null,"slip_type":"Normal","catalog_name":"SHARE","catalog_id":"EUR_GRCS760","average_dip":"(80.0,70,90)","dip_dir":null,"net_slip_rate":"(1.2,0.5,2.0)"},"geometry":{"type":"LineString","coordinates":[[26.24577,34.97839],[26.26068,35.03104],[26.28055,35.08175],[26.30167,35.1305],[26.32279,35.17926],[26.34267,35.22216],[26.36254,35.26507],[26.40726,35.31967],[26.43832,35.35283],[26.46937,35.38598],[26.50167,35.42108],[26.53397,35.45619],[26.56875,35.52054],[26.58366,35.581],[26.58949,35.63072]]}},{"type":"Feature","properties":{"id":"EUR_GRCS770","name":null,"slip_type":"Normal","catalog_name":"SHARE","catalog_id":"EUR_GRCS770","average_dip":"(62.5,50,75)","dip_dir":null,"net_slip_rate":"(0.6,0.1,1.0)"},"geometry":{"type":"LineString","coordinates":[[26.96875,35.52835],[26.92279,35.51177],[26.87683,35.49519],[26.82713,35.47666],[26.77745,35.45814],[26.74639,35.44156],[26.71533,35.42498]]}},{"type":"Feature","properties":{"id":"EUR_GRCS772","name":null,"slip_type":"Normal","catalog_name":"SHARE","catalog_id":"EUR_GRCS772","average_dip":"(62.5,50,75)","dip_dir":null,"net_slip_rate":"(0.6,0.1,1.0)"},"geometry":{"type":"LineString","coordinates":[[26.92154,35.79357],[26.89546,35.7809],[26.86937,35.76822],[26.82589,35.75164],[26.78242,35.73507],[26.74515,35.72337],[26.70788,35.71166]]}},{"type":"Feature","properties":{"id":"EUR_GRCS774","name":null,"slip_type":"Normal","catalog_name":"SHARE","catalog_id":"EUR_GRCS774","average_dip":"(80.0,70,90)","dip_dir":null,"net_slip_rate":"(1.2,0.5,2.0)"},"geometry":{"type":"LineString","coordinates":[[26.60784,35.28132],[26.61628,35.32534],[26.62471,35.36937],[26.63152,35.40205],[26.63832,35.43473],[26.64453,35.47374],[26.65074,35.51274],[26.65571,35.54785],[26.66068,35.58295],[26.66565,35.6161],[26.67061,35.64926],[26.67204,35.67254],[26.67325,35.69204]]}},{"type":"Feature","properties":{"id":"EUR_GRCS776","name":null,"slip_type":"Normal","catalog_name":"SHARE","catalog_id":"EUR_GRCS776","average_dip":"(80.0,70,90)","dip_dir":null,"net_slip_rate":"(1.8,0.5,3.0)"},"geometry":{"type":"LineString","coordinates":[[26.98427,35.46789],[26.98653,35.49417],[26.98879,35.52045],[26.98766,35.55123],[26.98653,35.58202],[26.98276,35.60605],[26.97899,35.63007],[26.97522,35.6541],[26.96844,35.68789],[26.96166,35.72168],[26.95713,35.7382],[26.95487,35.75322]]}},{"type":"Feature","properties":{"id":"EUR_GRCS778","name":null,"slip_type":"Normal","catalog_name":"SHARE","catalog_id":"EUR_GRCS778","average_dip":"(80.0,70,90)","dip_dir":null,"net_slip_rate":"(1.8,0.5,3.0)"},"geometry":{"type":"LineString","coordinates":[[26.92776,36.1634],[26.93285,36.13383],[26.93047,36.10397],[26.93091,36.07301],[26.92878,36.04273],[26.93183,36.00997],[26.93692,35.982],[26.94208,35.95553],[26.94094,35.93035],[26.9398,35.90518],[26.9353,35.8813],[26.93079,35.85743]]}},{"type":"Feature","properties":{"id":"EUR_GRCS779","name":null,"slip_type":"Normal","catalog_name":"SHARE","catalog_id":"EUR_GRCS779","average_dip":"(60.0,50,70)","dip_dir":null,"net_slip_rate":"(0.6,0.1,1.0)"},"geometry":{"type":"LineString","coordinates":[[26.84464,36.21095],[26.88231,36.21814],[26.93219,36.22773],[26.97087,36.23412],[27.00243,36.23732],[27.03399,36.24051],[27.06809,36.24251],[27.10219,36.24451],[27.14495,36.24571],[27.18771,36.2469]]}},{"type":"Feature","properties":{"id":"EUR_GRCS780","name":null,"slip_type":"Normal","catalog_name":"SHARE","catalog_id":"EUR_GRCS780","average_dip":"(80.0,70,90)","dip_dir":null,"net_slip_rate":"(1.8,0.5,3.0)"},"geometry":{"type":"LineString","coordinates":[[27.19753,36.17858],[27.19244,36.1578],[27.18833,36.13576],[27.18401,36.10391],[27.17588,36.07395],[27.16163,36.0332],[27.14636,35.98286],[27.14432,35.93651],[27.13747,35.8909],[27.12635,35.84203],[27.11507,35.78782],[27.10998,35.74147],[27.09458,35.70144],[27.0774,35.66077],[27.05255,35.61879]]}},{"type":"Feature","properties":{"id":"EUR_GRCS810","name":null,"slip_type":"Sinistral","catalog_name":"SHARE","catalog_id":"EUR_GRCS810","average_dip":"(72.5,60,85)","dip_dir":null,"net_slip_rate":"(0.8,0.5,1.2)"},"geometry":{"type":"LineString","coordinates":[[23.79212,39.20097],[23.83286,39.23318],[23.88842,39.27486],[23.98394,39.35873],[24.02086,39.39822],[24.0701,39.45441],[24.09976,39.50609],[24.12688,39.54109],[24.16164,39.5646],[24.1928,39.58096],[24.2157,39.59927],[24.23569,39.61887],[24.31148,39.66622],[24.34394,39.6914],[24.3712,39.71313],[24.39606,39.74132],[24.41285,39.76777],[24.44264,39.79835],[24.48735,39.83267],[24.52663,39.86179],[24.59336,39.9108],[24.67501,39.97521],[24.73451,40.02095],[24.7929,40.06359],[24.91292,40.14204]]}},{"type":"Feature","properties":{"id":"EUR_GRCS815","name":null,"slip_type":"Normal","catalog_name":"SHARE","catalog_id":"EUR_GRCS815","average_dip":"(65.0,50,80)","dip_dir":null,"net_slip_rate":"(1.1,0.7,1.6)"},"geometry":{"type":"LineString","coordinates":[[23.19325,39.62657],[23.23627,39.60879],[23.27929,39.59102],[23.31703,39.57206],[23.35476,39.5531],[23.38193,39.54125],[23.42646,39.53178],[23.47099,39.5223],[23.49967,39.51578],[23.52835,39.50926],[23.5676,39.50689]]}},{"type":"Feature","properties":{"id":"EUR_GRCS820","name":null,"slip_type":"Normal","catalog_name":"SHARE","catalog_id":"EUR_GRCS820","average_dip":"(70.0,60,80)","dip_dir":null,"net_slip_rate":"(1.0,0.7,1.4)"},"geometry":{"type":"LineString","coordinates":[[23.74702,39.18951],[23.71188,39.19931],[23.67583,39.21025],[23.63978,39.22118],[23.60095,39.2327],[23.56835,39.24244],[23.54051,39.25155],[23.52324,39.26014],[23.50656,39.2713],[23.48357,39.28636],[23.46638,39.29509],[23.45833,39.29887],[23.41803,39.31492],[23.39457,39.32454],[23.37624,39.33211]]}},{"type":"Feature","properties":{"id":"EUR_GRCS831","name":null,"slip_type":"Sinistral","catalog_name":"SHARE","catalog_id":"EUR_GRCS831","average_dip":"(80.0,70,90)","dip_dir":null,"net_slip_rate":"(1.2,0.8,1.6)"},"geometry":{"type":"LineString","coordinates":[[24.65123,39.26333],[24.72439,39.31127],[24.79755,39.35921],[24.87071,39.40714],[24.94386,39.45508],[25.01702,39.50302],[25.09018,39.55095],[25.16334,39.59889],[25.23649,39.64683],[25.30965,39.69476],[25.38281,39.7427]]}},{"type":"Feature","properties":{"id":"EUR_GRCS835","name":null,"slip_type":"Sinistral","catalog_name":"SHARE","catalog_id":"EUR_GRCS835","average_dip":"(82.5,75,90)","dip_dir":null,"net_slip_rate":"(1.2,1.0,1.5)"},"geometry":{"type":"LineString","coordinates":[[24.14226,39.25631],[24.17213,39.23213],[24.20531,39.20451],[24.24291,39.17256],[24.27388,39.14494],[24.30817,39.11558],[24.35131,39.08191],[24.39665,39.04651],[24.42845,39.02119],[24.45705,38.99793],[24.4937,38.97832],[24.53724,38.95305],[24.5774,38.93237],[24.61656,38.91188]]}},{"type":"Feature","properties":{"id":"EUR_GRCS837","name":null,"slip_type":"Sinistral-Normal","catalog_name":"SHARE","catalog_id":"EUR_GRCS837","average_dip":"(57.5,45,70)","dip_dir":null,"net_slip_rate":"(0.6,0.5,0.7)"},"geometry":{"type":"LineString","coordinates":[[24.47195,39.12951],[24.49511,39.10277],[24.51827,39.07603],[24.55097,39.04823],[24.5755,39.03112],[24.60002,39.01401],[24.6368,38.98513],[24.67359,38.95626],[24.70492,38.9338],[24.73626,38.91134]]}},{"type":"Feature","properties":{"id":"EUR_GRCS838","name":null,"slip_type":"Normal","catalog_name":"SHARE","catalog_id":"EUR_GRCS838","average_dip":"(62.5,50,75)","dip_dir":null,"net_slip_rate":"(0.6,0.1,1.0)"},"geometry":{"type":"LineString","coordinates":[[24.72421,39.29813],[24.76618,39.29422],[24.80815,39.2903],[24.85354,39.28904],[24.89892,39.28778],[24.9438,39.28862],[24.98868,39.28946],[25.0272,39.29336],[25.06571,39.29726],[25.10642,39.3041],[25.14713,39.31094]]}},{"type":"Feature","properties":{"id":"EUR_GRCS840","name":null,"slip_type":"Sinistral","catalog_name":"SHARE","catalog_id":"EUR_GRCS840","average_dip":"(80.0,70,90)","dip_dir":null,"net_slip_rate":"(0.8,0.7,0.9)"},"geometry":{"type":"LineString","coordinates":[[24.83099,38.87464],[24.86816,38.90284],[24.90656,38.93396],[24.95611,38.97577],[24.99079,39.00494],[24.99946,39.01758],[25.0069,39.038],[25.023,39.05745],[25.04654,39.08079],[25.08865,39.1226],[25.12953,39.16247],[25.16573,39.19734],[25.21144,39.23919],[25.25714,39.28105],[25.29629,39.3188],[25.33545,39.35655]]}},{"type":"Feature","properties":{"id":"EUR_GRCS845","name":null,"slip_type":"Sinistral","catalog_name":"SHARE","catalog_id":"EUR_GRCS845","average_dip":"(70.0,55,85)","dip_dir":null,"net_slip_rate":"(0.8,0.6,0.9)"},"geometry":{"type":"LineString","coordinates":[[25.4447,39.32628],[25.42563,39.30917],[25.40656,39.29206],[25.38339,39.26746],[25.36023,39.24287],[25.32481,39.21292],[25.28939,39.18298],[25.25397,39.15303],[25.22399,39.12309],[25.19402,39.09314],[25.17495,39.0739],[25.15587,39.05465]]}},{"type":"Feature","properties":{"id":"EUR_GRCS850","name":null,"slip_type":"Sinistral","catalog_name":"SHARE","catalog_id":"EUR_GRCS850","average_dip":"(80.0,70,90)","dip_dir":null,"net_slip_rate":"(1.2,0.5,2.0)"},"geometry":{"type":"LineString","coordinates":[[26.00172,38.97414],[26.02085,38.98971],[26.05893,39.0196],[26.09453,39.05066],[26.13429,39.08647],[26.16284,39.11154],[26.19138,39.13661],[26.21534,39.16008],[26.2393,39.18356],[26.26581,39.22096],[26.27702,39.25438],[26.2913,39.2886],[26.31169,39.32521],[26.3331,39.35704],[26.35451,39.37932]]}},{"type":"Feature","properties":{"id":"EUR_GRCS853","name":null,"slip_type":"Sinistral","catalog_name":"SHARE","catalog_id":"EUR_GRCS853","average_dip":"(85.0,80,90)","dip_dir":null,"net_slip_rate":"(1.2,0.5,2.0)"},"geometry":{"type":"LineString","coordinates":[[25.85857,38.87513],[25.83271,38.85983],[25.80685,38.84452],[25.77762,38.82681],[25.74839,38.8091],[25.72121,38.79139],[25.69403,38.77368],[25.67198,38.75758],[25.64993,38.74148],[25.61951,38.7214],[25.58909,38.70132],[25.55643,38.67969],[25.52377,38.65805],[25.49314,38.63882],[25.46252,38.61959],[25.4319,38.60036]]}},{"type":"Feature","properties":{"id":"EUR_GRCS855","name":null,"slip_type":"Normal","catalog_name":"SHARE","catalog_id":"EUR_GRCS855","average_dip":"(67.5,55,80)","dip_dir":null,"net_slip_rate":"(1.0,0.5,1.5)"},"geometry":{"type":"LineString","coordinates":[[26.6403,39.01734],[26.59208,38.99993],[26.55157,38.98857],[26.5101,38.97494],[26.48407,38.9704],[26.45899,38.96813],[26.42716,38.96283],[26.39727,38.9545],[26.36255,38.94391],[26.3259,38.92574]]}},{"type":"Feature","properties":{"id":"EUR_GRCS857","name":null,"slip_type":"Normal","catalog_name":"SHARE","catalog_id":"EUR_GRCS857","average_dip":"(67.5,55,80)","dip_dir":null,"net_slip_rate":"(0.6,0.2,1.0)"},"geometry":{"type":"LineString","coordinates":[[26.53373,39.06428],[26.53229,39.07147],[26.52843,39.08131],[26.51734,39.09304],[26.50335,39.10894],[26.48213,39.12408],[26.46285,39.13733],[26.44115,39.14793],[26.41463,39.15739]]}},{"type":"Feature","properties":{"id":"EUR_GRCS865","name":null,"slip_type":"Sinistral","catalog_name":"SHARE","catalog_id":"EUR_GRCS865","average_dip":"(67.5,55,80)","dip_dir":null,"net_slip_rate":"(0.8,0.5,1.0)"},"geometry":{"type":"LineString","coordinates":[[25.45015,38.46646],[25.43082,38.49495],[25.41149,38.52344],[25.38699,38.56271],[25.36249,38.60197],[25.34003,38.62841],[25.31758,38.65485],[25.29614,38.67168],[25.27471,38.6885],[25.2548,38.70795],[25.23489,38.7274],[25.22536,38.75628],[25.21582,38.78515],[25.20083,38.80868],[25.18585,38.8322]]}},{"type":"Feature","properties":{"id":"EUR_GRCS868","name":null,"slip_type":"Normal","catalog_name":"SHARE","catalog_id":"EUR_GRCS868","average_dip":"(60.0,45,75)","dip_dir":null,"net_slip_rate":"(0.8,0.5,1.0)"},"geometry":{"type":"LineString","coordinates":[[25.77167,38.52207],[25.72944,38.51138],[25.68721,38.50068],[25.63135,38.49106],[25.57549,38.48143],[25.52099,38.46967],[25.4665,38.4579]]}},{"type":"Feature","properties":{"id":"EUR_GRCS870","name":null,"slip_type":"Sinistral","catalog_name":"SHARE","catalog_id":"EUR_GRCS870","average_dip":"(57.5,45,70)","dip_dir":null,"net_slip_rate":"(0.5,0.4,0.6)"},"geometry":{"type":"LineString","coordinates":[[24.92154,38.60976],[24.8834,38.58303],[24.84525,38.55629],[24.818,38.53169],[24.79075,38.5071],[24.76895,38.47929],[24.74716,38.45149],[24.71855,38.4162],[24.68994,38.3809],[24.6645,38.35524],[24.63907,38.32957],[24.61364,38.30391]]}},{"type":"Feature","properties":{"id":"EUR_GRCS873","name":null,"slip_type":"Sinistral","catalog_name":"SHARE","catalog_id":"EUR_GRCS873","average_dip":"(57.5,45,70)","dip_dir":null,"net_slip_rate":"(0.4,0.3,0.5)"},"geometry":{"type":"LineString","coordinates":[[24.96514,38.44935],[24.94334,38.42368],[24.92154,38.39908],[24.89974,38.37449],[24.8725,38.34775],[24.84525,38.32102],[24.82209,38.29856],[24.79893,38.2761],[24.75806,38.24829]]}},{"type":"Feature","properties":{"id":"EUR_GRCS880","name":null,"slip_type":"Normal","catalog_name":"SHARE","catalog_id":"EUR_GRCS880","average_dip":"(60.0,50,70)","dip_dir":null,"net_slip_rate":"(2.9,2.2,3.6)"},"geometry":{"type":"LineString","coordinates":[[25.83297,38.60908],[25.8873,38.61333],[25.94359,38.61885],[25.97878,38.62327],[26.03085,38.62658],[26.06252,38.62852],[26.09418,38.63045],[26.12867,38.63515],[26.16315,38.63984],[26.20255,38.64592],[26.24196,38.65199],[26.27363,38.65752],[26.30529,38.66304],[26.35737,38.6763],[26.40522,38.68956],[26.46151,38.70668]]}},{"type":"Feature","properties":{"id":"EUR_GRCS885","name":null,"slip_type":"Sinistral","catalog_name":"SHARE","catalog_id":"EUR_GRCS885","average_dip":"(70.0,55,85)","dip_dir":null,"net_slip_rate":"(0.6,0.1,1.0)"},"geometry":{"type":"LineString","coordinates":[[25.92781,38.29034],[25.94632,38.28352],[25.95283,38.2779],[25.95935,38.26786],[25.97546,38.26077],[26.0046,38.24485],[26.02654,38.22719],[26.05329,38.21541],[26.07866,38.20792],[26.09237,38.20364]]}},{"type":"Feature","properties":{"id":"EUR_GRCS900","name":null,"slip_type":"Normal","catalog_name":"SHARE","catalog_id":"EUR_GRCS900","average_dip":"(57.5,45,70)","dip_dir":null,"net_slip_rate":"(2.0,1.0,3.0)"},"geometry":{"type":"LineString","coordinates":[[25.96647,38.0854],[26.02695,38.0992],[26.05951,38.10537],[26.09207,38.11154],[26.14882,38.11735],[26.18883,38.11989],[26.22883,38.12244],[26.26697,38.11808],[26.30512,38.11372],[26.36311,38.10549],[26.4211,38.09726],[26.47909,38.08903],[26.54189,38.07995],[26.60469,38.07088],[26.64562,38.06144]]}},{"type":"Feature","properties":{"id":"EUR_GRCS905","name":null,"slip_type":"Sinistral-Normal","catalog_name":"SHARE","catalog_id":"EUR_GRCS905","average_dip":"(62.5,50,75)","dip_dir":null,"net_slip_rate":"(0.6,0.1,1.0)"},"geometry":{"type":"LineString","coordinates":[[25.97058,37.73069],[25.94061,37.76384],[25.91064,37.797],[25.88748,37.81625],[25.86432,37.8355],[25.83707,37.85475],[25.80982,37.87399],[25.78938,37.89859],[25.76895,37.92319],[25.74034,37.94672],[25.71173,37.97024]]}},{"type":"Feature","properties":{"id":"EUR_GRCS907","name":null,"slip_type":"Dextral-Normal","catalog_name":"SHARE","catalog_id":"EUR_GRCS907","average_dip":"(72.5,60,85)","dip_dir":null,"net_slip_rate":"(1.2,0.5,2.0)"},"geometry":{"type":"LineString","coordinates":[[25.86914,37.5337],[25.89501,37.55115],[25.92087,37.5686],[25.94755,37.587],[25.97422,37.6054],[26.01625,37.62888],[26.05263,37.64411],[26.08657,37.65172],[26.11163,37.65045],[26.13831,37.65553],[26.17791,37.66251],[26.21316,37.6753],[26.24991,37.68698],[26.28665,37.69865],[26.31851,37.70854],[26.35037,37.71843]]}},{"type":"Feature","properties":{"id":"EUR_GRCS910","name":null,"slip_type":"Dextral-Normal","catalog_name":"SHARE","catalog_id":"EUR_GRCS910","average_dip":"(72.5,60,85)","dip_dir":null,"net_slip_rate":"(0.6,0.1,1.0)"},"geometry":{"type":"LineString","coordinates":[[26.23761,37.43553],[26.2744,37.46975],[26.31118,37.50397],[26.33571,37.52893],[26.36023,37.55388],[26.38475,37.57883],[26.4229,37.61091],[26.46105,37.643],[26.49511,37.67508],[26.52917,37.70716],[26.56228,37.7362],[26.59539,37.76523],[26.61955,37.79817]]}},{"type":"Feature","properties":{"id":"EUR_GRCS912","name":null,"slip_type":"Normal","catalog_name":"SHARE","catalog_id":"EUR_GRCS912","average_dip":"(57.5,45,70)","dip_dir":null,"net_slip_rate":"(1.1,0.1,2.0)"},"geometry":{"type":"LineString","coordinates":[[27.09906,37.79139],[27.06458,37.79912],[27.0301,37.80686],[26.98788,37.81238],[26.94566,37.8179],[26.90695,37.82067],[26.86825,37.82343],[26.82744,37.82509],[26.78662,37.82674],[26.74159,37.82619],[26.69655,37.82564],[26.64799,37.82343],[26.59944,37.82122]]}},{"type":"Feature","properties":{"id":"EUR_GRCS915","name":null,"slip_type":"Normal","catalog_name":"SHARE","catalog_id":"EUR_GRCS915","average_dip":"(62.5,50,75)","dip_dir":null,"net_slip_rate":"(3.0,3.0,3.0)"},"geometry":{"type":"LineString","coordinates":[[26.95668,37.68616],[26.91844,37.69571],[26.86948,37.70466],[26.83583,37.71302],[26.80829,37.71661],[26.77999,37.71959],[26.74481,37.72317],[26.72415,37.72257],[26.70503,37.71899],[26.6882,37.7172],[26.66755,37.71243],[26.64996,37.70884],[26.62854,37.70765],[26.60789,37.70944],[26.58648,37.70825]]}},{"type":"Feature","properties":{"id":"EUR_GRCS937","name":null,"slip_type":"Normal","catalog_name":"SHARE","catalog_id":"EUR_GRCS937","average_dip":"(60.0,50,70)","dip_dir":null,"net_slip_rate":"(0.3,0.05,0.5)"},"geometry":{"type":"LineString","coordinates":[[24.87411,36.89096],[24.90563,36.8935],[24.93715,36.89603],[24.97353,36.90301],[25.0099,36.90999],[25.06325,36.92268],[25.0976,36.92776],[25.13196,36.93283],[25.16954,36.94108],[25.20713,36.94933],[25.23825,36.95536],[25.26937,36.96139],[25.30049,36.96361],[25.33161,36.96583]]}},{"type":"Feature","properties":{"id":"EUR_GRCS938","name":null,"slip_type":"Normal","catalog_name":"SHARE","catalog_id":"EUR_GRCS938","average_dip":"(60.0,50,70)","dip_dir":null,"net_slip_rate":"(0.3,0.05,0.5)"},"geometry":{"type":"LineString","coordinates":[[24.29136,37.01151],[24.3273,37.01898],[24.37275,37.02728],[24.41821,37.03558],[24.46313,37.05175],[24.50805,37.06793],[24.54294,37.08951],[24.57782,37.11108],[24.61112,37.13058],[24.64441,37.15008]]}},{"type":"Feature","properties":{"id":"EUR_GRCS939","name":null,"slip_type":"Normal","catalog_name":"SHARE","catalog_id":"EUR_GRCS939","average_dip":"(60.0,50,70)","dip_dir":null,"net_slip_rate":"(0.6,0.1,1.0)"},"geometry":{"type":"LineString","coordinates":[[24.23897,37.08434],[24.20148,37.07988],[24.16399,37.07543],[24.1265,37.07097],[24.08333,37.07097],[24.04016,37.07097],[23.99699,37.07097]]}},{"type":"Feature","properties":{"id":"EUR_GRCS940","name":null,"slip_type":"Normal","catalog_name":"SHARE","catalog_id":"EUR_GRCS940","average_dip":"(60.0,45,75)","dip_dir":null,"net_slip_rate":"(0.3,0.05,0.5)"},"geometry":{"type":"LineString","coordinates":[[23.56101,36.86392],[23.53847,36.90413],[23.51593,36.94434],[23.49544,36.97571],[23.47495,37.00707],[23.44319,37.03361],[23.41143,37.06015],[23.3766,37.09152],[23.34176,37.12288],[23.3153,37.16118],[23.28884,37.19949]]}},{"type":"Feature","properties":{"id":"EUR_GRCS943","name":null,"slip_type":"Normal","catalog_name":"SHARE","catalog_id":"EUR_GRCS943","average_dip":"(57.5,45,70)","dip_dir":null,"net_slip_rate":"(0.3,0.05,0.5)"},"geometry":{"type":"LineString","coordinates":[[24.30277,36.84623],[24.25257,36.84462],[24.20237,36.84301],[24.16241,36.84301],[24.12245,36.84301],[24.06918,36.84462],[24.0159,36.84623],[23.96877,36.85266],[23.92165,36.8591],[23.87862,36.87116],[23.83559,36.88322],[23.78948,36.89609],[23.74338,36.90896]]}},{"type":"Feature","properties":{"id":"EUR_GRCS947","name":null,"slip_type":"Normal","catalog_name":"SHARE","catalog_id":"EUR_GRCS947","average_dip":"(60.0,45,75)","dip_dir":null,"net_slip_rate":"(0.3,0.05,0.5)"},"geometry":{"type":"LineString","coordinates":[[23.92984,36.57601],[23.90423,36.59049],[23.87862,36.60496],[23.85608,36.62105],[23.83354,36.63713],[23.80485,36.67413],[23.78743,36.69343],[23.77002,36.71273],[23.74338,36.73364],[23.71674,36.75455]]}},{"type":"Feature","properties":{"id":"EUR_GRCS950","name":null,"slip_type":"Normal","catalog_name":"SHARE","catalog_id":"EUR_GRCS950","average_dip":"(62.5,50,75)","dip_dir":null,"net_slip_rate":"(0.3,0.05,0.5)"},"geometry":{"type":"LineString","coordinates":[[24.25573,36.61656],[24.2197,36.61851],[24.18368,36.62046],[24.14392,36.62046],[24.10417,36.62046],[24.05945,36.61851],[24.01473,36.61656]]}},{"type":"Feature","properties":{"id":"EUR_GRCS952","name":null,"slip_type":"Normal","catalog_name":"SHARE","catalog_id":"EUR_GRCS952","average_dip":"(62.5,50,75)","dip_dir":null,"net_slip_rate":"(0.3,0.05,0.5)"},"geometry":{"type":"LineString","coordinates":[[25.21416,36.7825],[25.1835,36.76591],[25.15285,36.74931],[25.12801,36.73396],[25.10317,36.71861],[25.08256,36.7016],[25.06194,36.68459],[25.03975,36.67132],[25.00592,36.65555],[24.97209,36.65389],[24.93827,36.65887],[24.89387,36.67298],[24.85159,36.68791],[24.8146,36.69704],[24.78289,36.70368],[24.75117,36.71032]]}},{"type":"Feature","properties":{"id":"EUR_GRCS954","name":null,"slip_type":"Normal","catalog_name":"SHARE","catalog_id":"EUR_GRCS954","average_dip":"(60.0,50,70)","dip_dir":null,"net_slip_rate":"(0.3,0.05,0.5)"},"geometry":{"type":"LineString","coordinates":[[25.16976,36.59332],[25.12854,36.58088],[25.08731,36.56843],[25.0408,36.55764],[24.99429,36.54686],[24.96153,36.54686],[24.92876,36.54686],[24.8833,36.55183],[24.83785,36.55681],[24.78606,36.56096],[24.73426,36.56511]]}},{"type":"Feature","properties":{"id":"EUR_GRCS956","name":null,"slip_type":"Normal","catalog_name":"SHARE","catalog_id":"EUR_GRCS956","average_dip":"(60.0,45,75)","dip_dir":null,"net_slip_rate":"(0.6,0.1,1.0)"},"geometry":{"type":"LineString","coordinates":[[25.37219,36.56048],[25.40128,36.5825],[25.43037,36.60452],[25.45946,36.62654],[25.4844,36.65183],[25.50934,36.67711],[25.53427,36.70239],[25.5696,36.72523],[25.60492,36.74806],[25.64025,36.7709]]}},{"type":"Feature","properties":{"id":"EUR_GRCS958","name":null,"slip_type":"Normal","catalog_name":"SHARE","catalog_id":"EUR_GRCS958","average_dip":"(62.5,45,80)","dip_dir":null,"net_slip_rate":"(0.6,0.1,1.0)"},"geometry":{"type":"LineString","coordinates":[[25.67272,36.69882],[25.71916,36.72006],[25.76425,36.73776],[25.79494,36.75054],[25.82563,36.76332],[25.8521,36.77628],[25.87857,36.78924],[25.90522,36.80742],[25.93802,36.8287],[25.96798,36.84885],[25.99936,36.86788],[26.03644,36.88132],[26.07614,36.88721],[26.11372,36.89212]]}},{"type":"Feature","properties":{"id":"EUR_GRCS960","name":null,"slip_type":"Normal","catalog_name":"SHARE","catalog_id":"EUR_GRCS960","average_dip":"(60.0,50,70)","dip_dir":null,"net_slip_rate":"(2.4,2.4,2.4)"},"geometry":{"type":"LineString","coordinates":[[26.6726,37.05975],[26.62636,37.03613],[26.58011,37.0125],[26.53387,36.98888],[26.4956,36.9752],[26.45734,36.96153],[26.41907,36.94785],[26.38558,36.94412],[26.3521,36.94039],[26.321,36.9292],[26.28991,36.91801],[26.24809,36.89836],[26.20627,36.87871],[26.16444,36.85907]]}},{"type":"Feature","properties":{"id":"EUR_GRCS962","name":null,"slip_type":"Normal","catalog_name":"SHARE","catalog_id":"EUR_GRCS962","average_dip":"(60.0,45,75)","dip_dir":null,"net_slip_rate":"(0.6,0.1,1.0)"},"geometry":{"type":"LineString","coordinates":[[26.41951,36.70973],[26.34159,36.68282],[26.29795,36.66814],[26.25431,36.65346],[26.20119,36.63356],[26.14806,36.61366],[26.07631,36.58008],[26.01412,36.55584],[25.95194,36.53159],[25.90986,36.50933],[25.86779,36.48708],[25.82571,36.46506],[25.78363,36.44304],[25.72441,36.39655],[25.67792,36.37454],[25.63144,36.35254]]}},{"type":"Feature","properties":{"id":"EUR_GRCS965","name":null,"slip_type":"Normal","catalog_name":"SHARE","catalog_id":"EUR_GRCS965","average_dip":"(62.5,45,80)","dip_dir":null,"net_slip_rate":"(3.0,3.0,3.0)"},"geometry":{"type":"LineString","coordinates":[[26.96234,36.64053],[26.98217,36.66083],[27.00199,36.68113],[27.02785,36.70278],[27.05371,36.72443],[27.09681,36.7454],[27.13991,36.76638],[27.17439,36.79344],[27.21231,36.81239],[27.26403,36.82592],[27.30195,36.83629],[27.33988,36.84667],[27.3778,36.85704]]}},{"type":"Feature","properties":{"id":"EUR_GRCS970","name":null,"slip_type":"Normal","catalog_name":"SHARE","catalog_id":"EUR_GRCS970","average_dip":"(55.0,40,70)","dip_dir":null,"net_slip_rate":"(0.6,0.1,1.0)"},"geometry":{"type":"LineString","coordinates":[[24.23207,36.48832],[24.19023,36.48533],[24.14839,36.48235],[24.10655,36.47936],[24.05948,36.4816],[24.01241,36.48384],[23.95963,36.4928],[23.90685,36.50176]]}},{"type":"Feature","properties":{"id":"EUR_GRCS972","name":null,"slip_type":"Normal","catalog_name":"SHARE","catalog_id":"EUR_GRCS972","average_dip":"(72.5,60,85)","dip_dir":null,"net_slip_rate":"(0.6,0.1,1.0)"},"geometry":{"type":"LineString","coordinates":[[24.38895,36.25095],[24.38895,36.28006],[24.38895,36.30917],[24.3861,36.34612],[24.38324,36.38307],[24.38419,36.4189],[24.38515,36.45473],[24.3861,36.49056],[24.38752,36.53422],[24.38895,36.57789]]}},{"type":"Feature","properties":{"id":"EUR_GRCS974","name":null,"slip_type":"Normal","catalog_name":"SHARE","catalog_id":"EUR_GRCS974","average_dip":"(52.5,40,65)","dip_dir":null,"net_slip_rate":"(0.6,0.1,1.0)"},"geometry":{"type":"LineString","coordinates":[[24.43176,36.30917],[24.49167,36.30917],[24.58296,36.30245],[24.67425,36.2711],[24.77695,36.23304],[24.89391,36.2084],[24.99946,36.18825],[25.08362,36.18153],[25.16778,36.17481],[25.22768,36.17481],[25.33894,36.19721],[25.45591,36.22408],[25.55861,36.25543],[25.62233,36.2686]]}},{"type":"Feature","properties":{"id":"EUR_GRCS976","name":null,"slip_type":"Normal","catalog_name":"SHARE","catalog_id":"EUR_GRCS976","average_dip":"(62.5,50,75)","dip_dir":null,"net_slip_rate":"(0.6,0.1,1.0)"},"geometry":{"type":"LineString","coordinates":[[26.51328,36.38136],[26.4858,36.3757],[26.45831,36.37004],[26.41056,36.35802],[26.38476,36.34759],[26.35897,36.33716],[26.30778,36.32144],[26.25993,36.31095],[26.21208,36.30047],[26.16998,36.29436],[26.12403,36.29012],[26.08528,36.28658],[26.03843,36.28305],[25.99338,36.28234]]}},{"type":"Feature","properties":{"id":"EUR_GRCS978","name":null,"slip_type":"Normal","catalog_name":"SHARE","catalog_id":"EUR_GRCS978","average_dip":"(57.5,45,70)","dip_dir":null,"net_slip_rate":"(0.6,0.1,1.0)"},"geometry":{"type":"LineString","coordinates":[[25.85451,36.04465],[25.8965,36.04809],[25.93849,36.05152],[25.99272,36.05564],[26.03888,36.06343],[26.07447,36.07157],[26.11142,36.08076],[26.14475,36.09208],[26.18926,36.1041],[26.21848,36.11327],[26.24769,36.12244],[26.27606,36.13554],[26.30444,36.14864],[26.33572,36.15822],[26.37902,36.17059],[26.41777,36.17978],[26.4484,36.18403],[26.47814,36.19039],[26.50877,36.19322]]}},{"type":"Feature","properties":{"id":"EUR_GRCS979","name":null,"slip_type":"Normal","catalog_name":"SHARE","catalog_id":"EUR_GRCS979","average_dip":"(60.0,50,70)","dip_dir":null,"net_slip_rate":"(0.6,0.1,1.0)"},"geometry":{"type":"LineString","coordinates":[[26.34445,35.91084],[26.29241,35.91084],[26.25216,35.91007],[26.2119,35.9093],[26.18195,35.9066],[26.15201,35.9039],[26.11175,35.89234],[26.06757,35.88078],[26.02142,35.86922],[25.97342,35.85842],[25.93661,35.85372],[25.89517,35.84948],[25.85102,35.84665]]}},{"type":"Feature","properties":{"id":"EUR_GRCS980","name":null,"slip_type":"Normal","catalog_name":"SHARE","catalog_id":"EUR_GRCS980","average_dip":"(65.0,50,80)","dip_dir":null,"net_slip_rate":"(0.6,0.1,1.0)"},"geometry":{"type":"LineString","coordinates":[[26.89277,35.9649],[26.83732,35.96231],[26.78509,35.94899],[26.75598,35.94224],[26.72687,35.9355],[26.6737,35.92904],[26.6284,35.93771],[26.60164,35.94489],[26.57487,35.95206]]}},{"type":"Feature","properties":{"id":"EUR_GRCS981","name":null,"slip_type":"Normal","catalog_name":"SHARE","catalog_id":"EUR_GRCS981","average_dip":"(62.5,50,75)","dip_dir":null,"net_slip_rate":"(0.6,0.1,1.0)"},"geometry":{"type":"LineString","coordinates":[[26.89715,36.12965],[26.85973,36.13074],[26.82232,36.13182],[26.7849,36.13291],[26.74598,36.13486],[26.70705,36.13681],[26.66813,36.13876],[26.61471,36.14754],[26.57844,36.15394],[26.54217,36.16033]]}},{"type":"Feature","properties":{"id":"EUR_GRCS983","name":null,"slip_type":"Normal","catalog_name":"SHARE","catalog_id":"EUR_GRCS983","average_dip":"(60.0,45,75)","dip_dir":null,"net_slip_rate":"(0.6,0.1,1.0)"},"geometry":{"type":"LineString","coordinates":[[23.60834,36.081],[23.58646,36.10863],[23.56457,36.13627],[23.54268,36.16391],[23.5208,36.1893],[23.49891,36.2147],[23.47702,36.2401],[23.45795,36.26648],[23.43887,36.29287],[23.41979,36.31926],[23.4024,36.34721],[23.38501,36.37516],[23.36762,36.40312]]}},{"type":"Feature","properties":{"id":"EUR_GRCS985","name":null,"slip_type":"Normal","catalog_name":"SHARE","catalog_id":"EUR_GRCS985","average_dip":"(57.5,45,70)","dip_dir":null,"net_slip_rate":"(0.6,0.1,1.0)"},"geometry":{"type":"LineString","coordinates":[[24.10714,36.03548],[24.06739,36.03613],[24.02764,36.03678],[23.98788,36.03743],[23.94689,36.04036],[23.9059,36.04328],[23.87733,36.04816],[23.84876,36.05303],[23.80321,36.05694],[23.75766,36.06083],[23.71211,36.06474],[23.66023,36.07175],[23.60834,36.07876]]}},{"type":"Feature","properties":{"id":"EUR_GRCS990","name":null,"slip_type":"Normal","catalog_name":"SHARE","catalog_id":"EUR_GRCS990","average_dip":"(60.0,50,70)","dip_dir":null,"net_slip_rate":"(0.6,0.1,1.0)"},"geometry":{"type":"LineString","coordinates":[[24.68202,35.72265],[24.65042,35.71587],[24.61882,35.70909],[24.57668,35.70566],[24.53455,35.70222],[24.49242,35.69878],[24.45507,35.69631],[24.41772,35.69384],[24.38037,35.69138]]}},{"type":"Feature","properties":{"id":"EUR_GRCS991","name":null,"slip_type":"Normal","catalog_name":"SHARE","catalog_id":"EUR_GRCS991","average_dip":"(52.5,40,65)","dip_dir":null,"net_slip_rate":"(0.6,0.1,1.0)"},"geometry":{"type":"LineString","coordinates":[[25.94961,35.66459],[25.87396,35.69589],[25.82694,35.71274],[25.78094,35.72478],[25.73149,35.73117],[25.67683,35.73507],[25.60064,35.73767],[25.52445,35.74027],[25.44826,35.74287],[25.37125,35.74092],[25.29423,35.73897],[25.22715,35.74482],[25.16007,35.75067],[25.10541,35.75847],[25.05075,35.76627],[25.00355,35.77017],[24.95634,35.77407],[24.88429,35.77407],[24.81225,35.77407]]}},{"type":"Feature","properties":{"id":"EUR_GRCS996","name":null,"slip_type":"Normal","catalog_name":"SHARE","catalog_id":"EUR_GRCS996","average_dip":"(57.5,45,70)","dip_dir":null,"net_slip_rate":"(0.6,0.1,1.0)"},"geometry":{"type":"LineString","coordinates":[[26.48925,35.72922],[26.43956,35.74287],[26.39608,35.75554],[26.3526,35.76822],[26.31161,35.77407],[26.27061,35.77992],[26.23335,35.78285],[26.19608,35.78577],[26.15012,35.78382],[26.10416,35.78187],[26.05199,35.78382],[25.99981,35.78577],[25.94764,35.78772]]}},{"type":"Feature","properties":{"id":"EUR_GRCS999","name":null,"slip_type":"Sinistral","catalog_name":"SHARE","catalog_id":"EUR_GRCS999","average_dip":"(82.5,75,90)","dip_dir":null,"net_slip_rate":"(28.0,28.0,28.0)"},"geometry":{"type":"LineString","coordinates":[[24.94026,39.67072],[25.06112,39.7634],[25.1493,39.83103],[25.20186,39.87201],[25.22484,39.89262],[25.24782,39.91324],[25.29115,39.94313],[25.31282,39.96014],[25.33449,39.97714],[25.366,39.99673],[25.39358,40.01064],[25.42116,40.02456],[25.45136,40.04208]]}},{"type":"Feature","properties":{"id":"EUR_MKCS011","name":null,"slip_type":"Normal","catalog_name":"SHARE","catalog_id":"EUR_MKCS011","average_dip":"(55.0,50,60)","dip_dir":null,"net_slip_rate":"(0.2,0.1,0.4)"},"geometry":{"type":"LineString","coordinates":[[22.25973,41.84366],[22.34373,41.8458],[22.40386,41.84366],[22.47533,41.84409],[22.58038,41.82839],[22.66581,41.81819],[22.72326,41.811],[22.79234,41.80163],[22.83881,41.80087],[22.87908,41.79734],[22.9442,41.79163]]}},{"type":"Feature","properties":{"id":"EUR_MKCS012","name":null,"slip_type":"Normal","catalog_name":"SHARE","catalog_id":"EUR_MKCS012","average_dip":"(60.0,50,70)","dip_dir":null,"net_slip_rate":"(0.3,0.05,0.5)"},"geometry":{"type":"LineString","coordinates":[[22.00342,42.15283],[22.07935,42.16134],[22.1581,42.16871],[22.21154,42.17187],[22.29457,42.18888],[22.38207,42.21096],[22.5169,42.25045],[22.64135,42.27866],[22.75748,42.30594],[22.84159,42.31923],[22.90817,42.32813]]}},{"type":"Feature","properties":{"id":"EUR_MKCS013","name":null,"slip_type":"Normal","catalog_name":"SHARE","catalog_id":"EUR_MKCS013","average_dip":"(47.5,40,55)","dip_dir":null,"net_slip_rate":"(0.3,0.1,0.5)"},"geometry":{"type":"LineString","coordinates":[[22.75026,41.38158],[22.84448,41.37225],[22.90955,41.37046],[22.9711,41.36528],[23.01176,41.36266],[23.06055,41.36528],[23.1151,41.36921],[23.17438,41.37661],[23.28125,41.401]]}},{"type":"Feature","properties":{"id":"EUR_MKCS014","name":null,"slip_type":"Sinistral-Normal","catalog_name":"SHARE","catalog_id":"EUR_MKCS014","average_dip":"(45.0,35,55)","dip_dir":null,"net_slip_rate":"(0.3,0.1,0.5)"},"geometry":{"type":"LineString","coordinates":[[22.39012,41.37658],[22.41191,41.36803],[22.44603,41.35377],[22.46878,41.34735],[22.50005,41.33736],[22.53228,41.32809],[22.57208,41.31811],[22.6261,41.30884],[22.67538,41.30242],[22.71993,41.29672]]}},{"type":"Feature","properties":{"id":"EUR_MKCS016","name":null,"slip_type":"Sinistral-Normal","catalog_name":"SHARE","catalog_id":"EUR_MKCS016","average_dip":"(50.0,40,60)","dip_dir":null,"net_slip_rate":"(0.3,0.1,0.5)"},"geometry":{"type":"LineString","coordinates":[[22.56709,41.47642],[22.59668,41.45217],[22.63582,41.43007],[22.67114,41.40867],[22.71175,41.38851],[22.73888,41.3773]]}},{"type":"Feature","properties":{"id":"EUR_MKCS017","name":null,"slip_type":"Sinistral-Normal","catalog_name":"SHARE","catalog_id":"EUR_MKCS017","average_dip":"(65.0,60,70)","dip_dir":null,"net_slip_rate":"(0.3,0.1,0.5)"},"geometry":{"type":"LineString","coordinates":[[22.09574,41.69566],[22.17221,41.64873],[22.23558,41.59855],[22.33968,41.52233],[22.38468,41.50091],[22.43063,41.48242],[22.47657,41.45627],[22.51516,41.42669],[22.57396,41.38816]]}},{"type":"Feature","properties":{"id":"EUR_MKCS018","name":null,"slip_type":"Sinistral-Normal","catalog_name":"SHARE","catalog_id":"EUR_MKCS018","average_dip":"(55.0,50,60)","dip_dir":null,"net_slip_rate":"(0.3,0.1,0.5)"},"geometry":{"type":"LineString","coordinates":[[22.34373,41.63258],[22.38859,41.61547],[22.42964,41.59835],[22.46496,41.58124],[22.50123,41.56698],[22.54036,41.552],[22.5795,41.52847],[22.632,41.49638]]}},{"type":"Feature","properties":{"id":"EUR_MKCS019","name":null,"slip_type":"Sinistral-Normal","catalog_name":"SHARE","catalog_id":"EUR_MKCS019","average_dip":"(65.0,60,70)","dip_dir":null,"net_slip_rate":"(0.2,0.1,0.3)"},"geometry":{"type":"LineString","coordinates":[[22.08436,41.69652],[22.03577,41.71388],[22,41.7238]]}},{"type":"Feature","properties":{"id":"EUR_RSCS001","name":null,"slip_type":"Normal","catalog_name":"SHARE","catalog_id":"EUR_RSCS001","average_dip":"(60.0,50,70)","dip_dir":null,"net_slip_rate":"(0.2,0.05,0.3)"},"geometry":{"type":"LineString","coordinates":[[22,42.61096],[22.03852,42.65021],[22.09597,42.70983]]}},{"type":"Feature","properties":{"id":"EUR_RSCS002","name":null,"slip_type":"Sinistral","catalog_name":"SHARE","catalog_id":"EUR_RSCS002","average_dip":"(70.0,60,80)","dip_dir":null,"net_slip_rate":"(0.1,0.05,0.2)"},"geometry":{"type":"LineString","coordinates":[[22.21571,43.54094],[22.09044,43.59726],[22,43.63584]]}},{"type":"Feature","properties":{"id":"EUR_RSCS006","name":null,"slip_type":"Sinistral-Normal","catalog_name":"SHARE","catalog_id":"EUR_RSCS006","average_dip":"(70.0,60,80)","dip_dir":null,"net_slip_rate":"(0.1,0.05,0.2)"},"geometry":{"type":"LineString","coordinates":[[23.19344,42.97011],[22.9706,43.05167],[22.76363,43.11555],[22.61821,43.15536],[22.488,43.20687],[22.3662,43.24056],[22.24039,43.27114],[22.11,43.3],[22,43.31256]]}},{"type":"Feature","properties":{"id":"EUR_RSCS009","name":null,"slip_type":"Normal","catalog_name":"SHARE","catalog_id":"EUR_RSCS009","average_dip":"(60.0,50,70)","dip_dir":null,"net_slip_rate":"(0.1,0.05,0.2)"},"geometry":{"type":"LineString","coordinates":[[22,42.8804],[22.03008,42.89261],[22.14259,42.95251],[22.23181,42.99101]]}},{"type":"Feature","properties":{"id":"EUR_RSCS016","name":null,"slip_type":"Normal","catalog_name":"SHARE","catalog_id":"EUR_RSCS016","average_dip":"(60.0,50,70)","dip_dir":null,"net_slip_rate":"(0.2,0.1,0.2)"},"geometry":{"type":"LineString","coordinates":[[22,43.21271],[22.05091,43.20338],[22.14674,43.17817],[22.21645,43.15869],[22.28421,43.13561],[22.3651,43.11199],[22.39698,43.09625],[22.44374,43.08114],[22.50759,43.05203],[22.56873,43.03147],[22.60389,43.01675],[22.6748,42.99573]]}},{"type":"Feature","properties":{"id":"EUR_TRCS001","name":null,"slip_type":"Dextral","catalog_name":"SHARE","catalog_id":"EUR_TRCS001","average_dip":"(85.0,85,85)","dip_dir":null,"net_slip_rate":"None"},"geometry":{"type":"LineString","coordinates":[[41.13012,39.3178],[41.0391,39.34479],[40.92083,39.38156],[40.79346,39.386],[40.66644,39.37736],[40.54807,39.41405]]}},{"type":"Feature","properties":{"id":"EUR_TRCS002","name":null,"slip_type":"Dextral","catalog_name":"SHARE","catalog_id":"EUR_TRCS002","average_dip":"(87.0,84,90)","dip_dir":null,"net_slip_rate":"None"},"geometry":{"type":"LineString","coordinates":[[40.54855,39.42267],[40.44518,39.45512],[40.33353,39.49016],[40.2179,39.51651],[40.1019,39.54202],[39.98879,39.57444],[39.87421,39.60372],[39.76116,39.63648],[39.6491,39.6713]]}},{"type":"Feature","properties":{"id":"EUR_TRCS003","name":null,"slip_type":"Dextral","catalog_name":"SHARE","catalog_id":"EUR_TRCS003","average_dip":"(87.5,85,90)","dip_dir":null,"net_slip_rate":"(22.4,19.0,25.7031)"},"geometry":{"type":"LineString","coordinates":[[39.78506,39.66957],[39.70868,39.69848],[39.60305,39.73847],[39.49807,39.77954],[39.40355,39.83365],[39.30799,39.88675],[39.1901,39.89092],[39.07863,39.92074],[38.96712,39.95056],[38.85395,39.97657],[38.7405,40.00195],[38.627,40.02733],[38.51326,40.05217],[38.40696,40.09197],[38.30062,40.13179],[38.19228,40.16843],[38.08091,40.19943],[37.96949,40.23045],[37.85803,40.26147],[37.74471,40.28838],[37.6313,40.31523],[37.51786,40.34208],[37.40438,40.36894],[37.29086,40.39581],[37.17729,40.42269],[37.06369,40.44958],[36.97044,40.50588],[36.85277,40.51992],[36.73392,40.52613],[36.6197,40.55192],[36.50165,40.53954],[36.38317,40.5492],[36.26498,40.56087],[36.14758,40.57661],[36.02948,40.56429],[35.91031,40.56635],[35.79141,40.55986]]}},{"type":"Feature","properties":{"id":"EUR_TRCS004","name":null,"slip_type":"Dextral","catalog_name":"SHARE","catalog_id":"EUR_TRCS004","average_dip":"(85.0,85,85)","dip_dir":null,"net_slip_rate":"(2.0,1.0013,3.0004)"},"geometry":{"type":"LineString","coordinates":[[35.78411,40.54107],[35.67566,40.50655],[35.56717,40.47202],[35.45872,40.43751],[35.35032,40.40301],[35.24197,40.36852],[35.13366,40.33405],[35.0254,40.2996],[34.91719,40.26516],[34.80903,40.23073],[34.70224,40.19399],[34.6007,40.14948],[34.49921,40.105],[34.39776,40.06054],[34.29637,40.01609],[34.19503,39.97168],[34.09374,39.92728]]}},{"type":"Feature","properties":{"id":"EUR_TRCS005","name":null,"slip_type":"Dextral","catalog_name":"SHARE","catalog_id":"EUR_TRCS005","average_dip":"(71.0,71,71)","dip_dir":null,"net_slip_rate":"None"},"geometry":{"type":"LineString","coordinates":[[37.35627,40.50771],[37.25003,40.55043],[37.12542,40.56974],[36.99947,40.58332],[36.88098,40.61857],[36.76969,40.66554],[36.65835,40.71253]]}},{"type":"Feature","properties":{"id":"EUR_TRCS006","name":null,"slip_type":"Dextral","catalog_name":"SHARE","catalog_id":"EUR_TRCS006","average_dip":"(73.0,73,73)","dip_dir":null,"net_slip_rate":"(25.0,24.2,25.8008)"},"geometry":{"type":"LineString","coordinates":[[36.65078,40.72582],[36.58918,40.74176],[36.4782,40.77048],[36.36718,40.79921],[36.25832,40.83246],[36.15265,40.87123],[36.04253,40.90223],[35.92703,40.91878],[35.82486,40.96277],[35.71664,40.99767],[35.60589,41.0278],[35.49973,41.0663],[35.38751,41.09345],[35.26966,41.0953],[35.1518,41.09715],[35.03414,41.10273],[34.91674,41.11091],[34.79933,41.1191],[34.6827,41.106],[34.5663,41.12017],[34.44847,41.12373],[34.33725,41.09423],[34.22047,41.0822],[34.10371,41.07017],[33.98696,41.05814],[33.87024,41.04612],[33.75464,41.02912],[33.63948,41.0106],[33.52434,40.99209],[33.40924,40.97359],[33.29417,40.95509],[33.17913,40.93659]]}},{"type":"Feature","properties":{"id":"EUR_TRCS007","name":null,"slip_type":"Dextral","catalog_name":"SHARE","catalog_id":"EUR_TRCS007","average_dip":"(70.0,70,70)","dip_dir":null,"net_slip_rate":"None"},"geometry":{"type":"LineString","coordinates":[[33.26021,40.95844],[33.16118,40.94684],[33.04778,40.92555],[32.93209,40.91327],[32.81729,40.89708],[32.70447,40.87434],[32.58922,40.86033],[32.47577,40.83967],[32.36116,40.82321],[32.24592,40.80961],[32.13166,40.79201],[32.01929,40.76852],[31.90635,40.74679],[31.79168,40.7312],[31.68414,40.69732],[31.5698,40.68077],[31.45774,40.65694],[31.34715,40.62957]]}},{"type":"Feature","properties":{"id":"EUR_TRCS008","name":null,"slip_type":"Dextral","catalog_name":"SHARE","catalog_id":"EUR_TRCS008","average_dip":"(78.0,78,78)","dip_dir":null,"net_slip_rate":"(12.0,12.0,12.0)"},"geometry":{"type":"LineString","coordinates":[[31.50955,40.69457],[31.41685,40.66187],[31.31976,40.62763],[31.21764,40.60333],[31.11508,40.58023],[31.00917,40.56894]]}},{"type":"Feature","properties":{"id":"EUR_TRCS009","name":null,"slip_type":"Sinistral","catalog_name":"SHARE","catalog_id":"EUR_TRCS009","average_dip":"(89.0,89,89)","dip_dir":null,"net_slip_rate":"(12.6,12.0,13.1899)"},"geometry":{"type":"LineString","coordinates":[[31.1347,40.59531],[31.01665,40.57484],[30.89455,40.57154],[30.77258,40.57705],[30.6541,40.59981],[30.53559,40.62257],[30.41703,40.64534]]}},{"type":"Feature","properties":{"id":"EUR_TRCS010","name":null,"slip_type":"Dextral-Normal","catalog_name":"SHARE","catalog_id":"EUR_TRCS010","average_dip":"(64.0,64,64)","dip_dir":null,"net_slip_rate":"(19.3,12.1979,26.4108)"},"geometry":{"type":"LineString","coordinates":[[31.48713,40.7325],[31.40865,40.75578],[31.29376,40.77502],[31.17609,40.77338],[31.06126,40.75394],[30.94361,40.7546]]}},{"type":"Feature","properties":{"id":"EUR_TRCS011","name":null,"slip_type":"Dextral","catalog_name":"SHARE","catalog_id":"EUR_TRCS011","average_dip":"(64.0,64,64)","dip_dir":null,"net_slip_rate":"None"},"geometry":{"type":"LineString","coordinates":[[31.51812,40.71816],[31.43724,40.71819]]}},{"type":"Feature","properties":{"id":"EUR_TRCS012","name":null,"slip_type":"Sinistral-Reverse","catalog_name":"SHARE","catalog_id":"EUR_TRCS012","average_dip":"(84.0,83,85)","dip_dir":null,"net_slip_rate":"(10.7,1.4195,20.0489)"},"geometry":{"type":"LineString","coordinates":[[30.97046,40.77908],[30.94384,40.77006],[30.83603,40.73351],[30.72827,40.69699],[30.61116,40.686],[30.49791,40.71115],[30.37994,40.7144],[30.26278,40.72537],[30.14472,40.72527],[30.02667,40.72394],[29.90975,40.71155],[29.79199,40.70546],[29.68125,40.73646],[29.5636,40.72884],[29.44555,40.72737],[29.3275,40.7259]]}},{"type":"Feature","properties":{"id":"EUR_TRCS013","name":null,"slip_type":"Sinistral","catalog_name":"SHARE","catalog_id":"EUR_TRCS013","average_dip":"(56.5,35,78)","dip_dir":null,"net_slip_rate":"(27.0,26.1806,27.9)"},"geometry":{"type":"LineString","coordinates":[[29.2279,40.7157],[29.12786,40.76085],[29.02125,40.80897],[28.91458,40.85712],[28.7926,40.87507],[28.66855,40.86934],[28.54452,40.86361],[28.42114,40.85245],[28.29801,40.83998],[28.17702,40.81875],[28.0563,40.7968]]}},{"type":"Feature","properties":{"id":"EUR_TRCS014","name":null,"slip_type":"Dextral-Normal","catalog_name":"SHARE","catalog_id":"EUR_TRCS014","average_dip":"(62.0,58,66)","dip_dir":null,"net_slip_rate":"(8.9,7.632,10.1339)"},"geometry":{"type":"LineString","coordinates":[[29.4575,40.7157],[29.38274,40.70421],[29.27123,40.68708],[29.15918,40.6722],[29.04734,40.65658],[28.93489,40.64385],[28.86188,40.71001],[28.7511,40.7298]]}},{"type":"Feature","properties":{"id":"EUR_TRCS015","name":null,"slip_type":"Dextral-Normal","catalog_name":"SHARE","catalog_id":"EUR_TRCS015","average_dip":"(85.0,80,90)","dip_dir":null,"net_slip_rate":"(3.1,1.0,5.2941)"},"geometry":{"type":"LineString","coordinates":[[29.0356,40.6454],[28.93644,40.61035],[28.82514,40.571],[28.71389,40.53166],[28.59555,40.55625],[28.49565,40.61044],[28.3957,40.66466],[28.2957,40.7189]]}},{"type":"Feature","properties":{"id":"EUR_TRCS018","name":null,"slip_type":"Dextral-Normal","catalog_name":"SHARE","catalog_id":"EUR_TRCS018","average_dip":"(70.0,70,70)","dip_dir":null,"net_slip_rate":"(26.8,26.2662,27.4037)"},"geometry":{"type":"LineString","coordinates":[[26.12416,40.46619],[26.02984,40.42468],[25.93281,40.38198],[25.85905,40.31778],[25.80056,40.24504]]}},{"type":"Feature","properties":{"id":"EUR_TRCS019","name":null,"slip_type":"Dextral","catalog_name":"SHARE","catalog_id":"EUR_TRCS019","average_dip":"(70.0,70,70)","dip_dir":null,"net_slip_rate":"None"},"geometry":{"type":"LineString","coordinates":[[25.782,40.2861],[25.67439,40.25933],[25.56444,40.23198],[25.45778,40.19797],[25.35069,40.16485],[25.24364,40.13174]]}},{"type":"Feature","properties":{"id":"EUR_TRCS022","name":null,"slip_type":"Sinistral","catalog_name":"SHARE","catalog_id":"EUR_TRCS022","average_dip":"(75.0,65,85)","dip_dir":null,"net_slip_rate":"(6.4,4.8589,8.0)"},"geometry":{"type":"LineString","coordinates":[[30.67787,40.55999],[30.57461,40.54072],[30.45852,40.51905],[30.34246,40.49739],[30.22644,40.47573],[30.11455,40.44398],[29.99669,40.42953],[29.87886,40.41508],[29.76086,40.40155],[29.64285,40.38824],[29.52377,40.38294],[29.40615,40.39811],[29.28884,40.4147],[29.16966,40.41959],[29.05049,40.42447]]}},{"type":"Feature","properties":{"id":"EUR_TRCS023","name":null,"slip_type":"Sinistral","catalog_name":"SHARE","catalog_id":"EUR_TRCS023","average_dip":"(85.0,85,85)","dip_dir":null,"net_slip_rate":"(5.3,5.3,5.388)"},"geometry":{"type":"LineString","coordinates":[[29.0782,40.3946],[28.96753,40.40468],[28.86091,40.43606],[28.74839,40.45151],[28.63449,40.45932],[28.52067,40.46792],[28.40659,40.47428],[28.29402,40.45884],[28.18166,40.44269],[28.06931,40.42654],[27.957,40.4104]]}},{"type":"Feature","properties":{"id":"EUR_TRCS024","name":null,"slip_type":"Dextral","catalog_name":"SHARE","catalog_id":"EUR_TRCS024","average_dip":"(67.0,49,85)","dip_dir":null,"net_slip_rate":"(3.0,3.0,3.0)"},"geometry":{"type":"LineString","coordinates":[[27.9101,40.3779],[27.80417,40.33937],[27.69673,40.30028],[27.58492,40.26924],[27.466,40.2715]]}},{"type":"Feature","properties":{"id":"EUR_TRCS025","name":null,"slip_type":"Dextral","catalog_name":"SHARE","catalog_id":"EUR_TRCS025","average_dip":"(85.0,85,85)","dip_dir":null,"net_slip_rate":"(3.0,3.0,3.0)"},"geometry":{"type":"LineString","coordinates":[[27.7157,40.2452],[27.59435,40.21005],[27.47241,40.17473],[27.36241,40.12131],[27.2535,40.0667]]}},{"type":"Feature","properties":{"id":"EUR_TRCS026","name":null,"slip_type":"Dextral","catalog_name":"SHARE","catalog_id":"EUR_TRCS026","average_dip":"(85.0,85,85)","dip_dir":null,"net_slip_rate":"(3.0,3.0,3.0)"},"geometry":{"type":"LineString","coordinates":[[27.9913,40.2626],[28.1144,40.3135]]}},{"type":"Feature","properties":{"id":"EUR_TRCS027","name":null,"slip_type":"Sinistral","catalog_name":"SHARE","catalog_id":"EUR_TRCS027","average_dip":"(85.0,85,85)","dip_dir":null,"net_slip_rate":"(3.6,3.0,4.124)"},"geometry":{"type":"LineString","coordinates":[[27.1755,40.072],[27.09117,40.03959],[26.98556,39.99987],[26.87507,39.96904],[26.7693,39.92974],[26.66822,39.88385],[26.58485,39.82044],[26.47333,39.79254],[26.36184,39.76465],[26.2504,39.73677],[26.139,39.7089]]}},{"type":"Feature","properties":{"id":"EUR_TRCS028","name":null,"slip_type":"Dextral","catalog_name":"SHARE","catalog_id":"EUR_TRCS028","average_dip":"(85.0,85,85)","dip_dir":null,"net_slip_rate":"(3.4,3.4,3.4)"},"geometry":{"type":"LineString","coordinates":[[29.96895,40.37431],[29.88046,40.32964],[29.77509,40.28297],[29.66985,40.23623],[29.55935,40.1973],[29.44746,40.16088]]}},{"type":"Feature","properties":{"id":"EUR_TRCS029","name":null,"slip_type":"Normal","catalog_name":"SHARE","catalog_id":"EUR_TRCS029","average_dip":"(50.0,50,50)","dip_dir":null,"net_slip_rate":"None"},"geometry":{"type":"LineString","coordinates":[[28.81279,40.17099],[28.94609,40.17073],[29.07939,40.17048],[29.21268,40.17023]]}},{"type":"Feature","properties":{"id":"EUR_TRCS030","name":null,"slip_type":"Normal","catalog_name":"SHARE","catalog_id":"EUR_TRCS030","average_dip":"(40.0,40,40)","dip_dir":null,"net_slip_rate":"None"},"geometry":{"type":"LineString","coordinates":[[28.4286,40.0182],[28.31859,40.03621],[28.20827,40.05428],[28.09792,40.07235],[27.98666,40.08689],[27.87574,40.10299],[27.7648,40.1191]]}},{"type":"Feature","properties":{"id":"EUR_TRCS031","name":null,"slip_type":"Sinistral","catalog_name":"SHARE","catalog_id":"EUR_TRCS031","average_dip":"(68.0,60,76)","dip_dir":null,"net_slip_rate":"(3.6,3.0,4.1306)"},"geometry":{"type":"LineString","coordinates":[[27.78658,40.11124],[27.68958,40.09111],[27.57416,40.06716],[27.48636,40.0051],[27.38408,39.95786],[27.28187,39.91065],[27.1632,39.90144],[27.04728,39.87995]]}},{"type":"Feature","properties":{"id":"EUR_TRCS032","name":null,"slip_type":"Dextral","catalog_name":"SHARE","catalog_id":"EUR_TRCS032","average_dip":"(80.0,80,80)","dip_dir":null,"net_slip_rate":"(2.0,2.0,2.0)"},"geometry":{"type":"LineString","coordinates":[[26.8073,39.5697],[26.90008,39.61641],[26.99289,39.66314],[27.08574,39.70989],[27.17864,39.75666],[27.27158,39.80345],[27.36457,39.85026],[27.4576,39.8971]]}},{"type":"Feature","properties":{"id":"EUR_TRCS033","name":null,"slip_type":"Dextral-Normal","catalog_name":"SHARE","catalog_id":"EUR_TRCS033","average_dip":"(60.0,60,60)","dip_dir":null,"net_slip_rate":"(3.9,3.6638,4.1633)"},"geometry":{"type":"LineString","coordinates":[[27.0199,39.731],[26.96452,39.6938],[26.87246,39.63618],[26.76176,39.60347],[26.65079,39.57141],[26.53868,39.54189],[26.42662,39.51237],[26.31208,39.48935],[26.20143,39.45701],[26.08447,39.44342],[25.97952,39.40136],[25.87372,39.36068],[25.76196,39.33116],[25.64962,39.30308],[25.54453,39.26154],[25.4386,39.2214]]}},{"type":"Feature","properties":{"id":"EUR_TRCS034","name":null,"slip_type":"Dextral","catalog_name":"SHARE","catalog_id":"EUR_TRCS034","average_dip":"(80.0,80,80)","dip_dir":null,"net_slip_rate":"None"},"geometry":{"type":"LineString","coordinates":[[27.38658,39.62084],[27.53292,39.66427]]}},{"type":"Feature","properties":{"id":"EUR_TRCS035","name":null,"slip_type":"Dextral","catalog_name":"SHARE","catalog_id":"EUR_TRCS035","average_dip":"(80.0,80,80)","dip_dir":null,"net_slip_rate":"None"},"geometry":{"type":"LineString","coordinates":[[27.06238,39.5221],[27.20693,39.58278]]}},{"type":"Feature","properties":{"id":"EUR_TRCS036","name":null,"slip_type":"Dextral","catalog_name":"SHARE","catalog_id":"EUR_TRCS036","average_dip":"(80.0,80,80)","dip_dir":null,"net_slip_rate":"(2.0,2.0,2.0)"},"geometry":{"type":"LineString","coordinates":[[27.57924,39.88959],[27.70416,39.95027]]}},{"type":"Feature","properties":{"id":"EUR_TRCS038","name":null,"slip_type":"Dextral","catalog_name":"SHARE","catalog_id":"EUR_TRCS038","average_dip":"(85.0,85,85)","dip_dir":null,"net_slip_rate":"(5.3,5.3,5.3)"},"geometry":{"type":"LineString","coordinates":[[28.911,40.34993],[29.01245,40.36777],[29.11392,40.38562],[29.21543,40.40348]]}},{"type":"Feature","properties":{"id":"EUR_TRCS039","name":null,"slip_type":"Dextral","catalog_name":"SHARE","catalog_id":"EUR_TRCS039","average_dip":"(85.0,85,85)","dip_dir":null,"net_slip_rate":"(3.4,3.4,3.4)"},"geometry":{"type":"LineString","coordinates":[[29.38684,40.21923],[29.48679,40.26672],[29.58679,40.31422]]}},{"type":"Feature","properties":{"id":"EUR_TRCS040","name":null,"slip_type":"Dextral","catalog_name":"SHARE","catalog_id":"EUR_TRCS040","average_dip":"(85.0,85,85)","dip_dir":null,"net_slip_rate":"(3.4,3.4,3.4)"},"geometry":{"type":"LineString","coordinates":[[28.46254,40.02125],[28.576,40.0778],[28.68952,40.13438],[28.80311,40.19099]]}},{"type":"Feature","properties":{"id":"EUR_TRCS041","name":null,"slip_type":"Normal","catalog_name":"SHARE","catalog_id":"EUR_TRCS041","average_dip":"(50.0,50,50)","dip_dir":null,"net_slip_rate":"None"},"geometry":{"type":"LineString","coordinates":[[29.22659,40.21179],[29.32927,40.20206],[29.43194,40.19232]]}},{"type":"Feature","properties":{"id":"EUR_TRCS042","name":null,"slip_type":"Normal","catalog_name":"SHARE","catalog_id":"EUR_TRCS042","average_dip":"(50.0,50,50)","dip_dir":null,"net_slip_rate":"None"},"geometry":{"type":"LineString","coordinates":[[29.15781,40.2683],[29.25304,40.24471],[29.34824,40.22113]]}},{"type":"Feature","properties":{"id":"EUR_TRCS043","name":null,"slip_type":"Dextral","catalog_name":"SHARE","catalog_id":"EUR_TRCS043","average_dip":"(80.0,80,80)","dip_dir":null,"net_slip_rate":"(2.0,2.0,2.0)"},"geometry":{"type":"LineString","coordinates":[[27.40078,39.84557],[27.48107,39.88601],[27.56139,39.92647]]}},{"type":"Feature","properties":{"id":"EUR_TRCS044","name":null,"slip_type":"Dextral","catalog_name":"SHARE","catalog_id":"EUR_TRCS044","average_dip":"(80.0,80,80)","dip_dir":null,"net_slip_rate":"None"},"geometry":{"type":"LineString","coordinates":[[29.23944,40.17782],[29.35086,40.1595],[29.46224,40.14119],[29.57359,40.12288]]}},{"type":"Feature","properties":{"id":"EUR_TRCS045","name":null,"slip_type":"Sinistral","catalog_name":"SHARE","catalog_id":"EUR_TRCS045","average_dip":"(86.0,86,86)","dip_dir":null,"net_slip_rate":"(8.1,8.1,8.1)"},"geometry":{"type":"LineString","coordinates":[[41.13012,39.3178],[41.05242,39.26541],[40.97476,39.21305],[40.89713,39.16072]]}},{"type":"Feature","properties":{"id":"EUR_TRCS046","name":null,"slip_type":"Sinistral","catalog_name":"SHARE","catalog_id":"EUR_TRCS046","average_dip":"(86.0,86,86)","dip_dir":null,"net_slip_rate":"(8.1,8.1,8.1)"},"geometry":{"type":"LineString","coordinates":[[40.89998,39.15093],[40.8287,39.0975],[40.77331,39.02411],[40.68327,38.97573],[40.61309,38.91048],[40.53195,38.85349]]}},{"type":"Feature","properties":{"id":"EUR_TRCS047","name":null,"slip_type":"Sinistral-Reverse","catalog_name":"SHARE","catalog_id":"EUR_TRCS047","average_dip":"(69.5,53,86)","dip_dir":null,"net_slip_rate":"(4.1,0.0001,8.1)"},"geometry":{"type":"LineString","coordinates":[[40.71984,38.82607],[40.63977,38.78839],[40.53658,38.73983],[40.42274,38.70912],[40.30255,38.71516],[40.18298,38.72649],[40.06336,38.73764]]}},{"type":"Feature","properties":{"id":"EUR_TRCS048","name":null,"slip_type":"Sinistral-Reverse","catalog_name":"SHARE","catalog_id":"EUR_TRCS048","average_dip":"(78.0,78,78)","dip_dir":null,"net_slip_rate":"None"},"geometry":{"type":"LineString","coordinates":[[40.0532,38.777],[40.1395,38.8401]]}},{"type":"Feature","properties":{"id":"EUR_TRCS049","name":null,"slip_type":"Sinistral","catalog_name":"SHARE","catalog_id":"EUR_TRCS049","average_dip":"(80.0,80,80)","dip_dir":null,"net_slip_rate":"(10.0,10.0,10.0)"},"geometry":{"type":"LineString","coordinates":[[40.04984,38.73279],[39.94245,38.68268],[39.83077,38.63148],[39.71684,38.5835],[39.59196,38.5571]]}},{"type":"Feature","properties":{"id":"EUR_TRCS050","name":null,"slip_type":"Sinistral","catalog_name":"SHARE","catalog_id":"EUR_TRCS050","average_dip":"(80.0,80,80)","dip_dir":null,"net_slip_rate":"(7.5,5.0,10.0)"},"geometry":{"type":"LineString","coordinates":[[39.67226,38.57422],[39.5607,38.54187],[39.45065,38.50312],[39.34158,38.4628],[39.23313,38.42158]]}},{"type":"Feature","properties":{"id":"EUR_TRCS051","name":null,"slip_type":"Sinistral","catalog_name":"SHARE","catalog_id":"EUR_TRCS051","average_dip":"(83.0,83,83)","dip_dir":null,"net_slip_rate":"(10.0,10.0,10.0)"},"geometry":{"type":"LineString","coordinates":[[39.693,38.57789],[39.59045,38.54017],[39.48796,38.50246],[39.38551,38.46477],[39.2831,38.42709],[39.18074,38.38943]]}},{"type":"Feature","properties":{"id":"EUR_TRCS052","name":null,"slip_type":"Sinistral","catalog_name":"SHARE","catalog_id":"EUR_TRCS052","average_dip":"(85.0,80,90)","dip_dir":null,"net_slip_rate":"(10.0,10.0,10.0)"},"geometry":{"type":"LineString","coordinates":[[39.1511,38.35641],[39.04003,38.33819],[38.92894,38.29678],[38.83093,38.23857],[38.7349,38.17843]]}},{"type":"Feature","properties":{"id":"EUR_TRCS053","name":null,"slip_type":"Sinistral","catalog_name":"SHARE","catalog_id":"EUR_TRCS053","average_dip":"(80.0,80,80)","dip_dir":null,"net_slip_rate":"(10.0,10.0,10.0)"},"geometry":{"type":"LineString","coordinates":[[38.52216,38.08582],[38.61267,38.13014],[38.70321,38.17447],[38.79379,38.21883]]}},{"type":"Feature","properties":{"id":"EUR_TRCS054","name":null,"slip_type":"Sinistral","catalog_name":"SHARE","catalog_id":"EUR_TRCS054","average_dip":"(85.0,80,90)","dip_dir":null,"net_slip_rate":"(9.9,9.9,9.9)"},"geometry":{"type":"LineString","coordinates":[[38.51081,38.04583],[38.40306,38.04798],[38.28367,38.03604],[38.18116,37.98645],[38.07147,37.94765],[37.96183,37.90888],[37.85224,37.87012]]}},{"type":"Feature","properties":{"id":"EUR_TRCS055","name":null,"slip_type":"Sinistral","catalog_name":"SHARE","catalog_id":"EUR_TRCS055","average_dip":"(80.0,80,80)","dip_dir":null,"net_slip_rate":"(9.9,9.9,9.9)"},"geometry":{"type":"LineString","coordinates":[[37.58656,37.75494],[37.50007,37.69128],[37.41253,37.62685],[37.31193,37.57585],[37.20567,37.53276],[37.09428,37.49888],[36.98294,37.46501]]}},{"type":"Feature","properties":{"id":"EUR_TRCS056","name":null,"slip_type":"Sinistral-Normal","catalog_name":"SHARE","catalog_id":"EUR_TRCS056","average_dip":"(80.0,80,80)","dip_dir":null,"net_slip_rate":"(2.5,1.4252,3.6228)"},"geometry":{"type":"LineString","coordinates":[[36.89442,37.46186],[36.88239,37.44129],[36.83558,37.36124],[36.78878,37.2812],[36.74199,37.20118],[36.67422,37.13136],[36.62747,37.05136],[36.59628,36.96668],[36.56041,36.8832],[36.51579,36.80248],[36.47314,36.72109],[36.41828,36.64457],[36.35833,36.57057]]}},{"type":"Feature","properties":{"id":"EUR_TRCS057","name":null,"slip_type":"Sinistral-Normal","catalog_name":"SHARE","catalog_id":"EUR_TRCS057","average_dip":"(40.5,38,43)","dip_dir":null,"net_slip_rate":"(3.1,1.7748,4.4219)"},"geometry":{"type":"LineString","coordinates":[[36.2051,36.2471],[36.1641,36.18958],[36.11379,36.11847],[36.04018,36.06218],[35.96893,36.00397],[35.90248,35.9422]]}},{"type":"Feature","properties":{"id":"EUR_TRCS058","name":null,"slip_type":"Sinistral-Reverse","catalog_name":"SHARE","catalog_id":"EUR_TRCS058","average_dip":"(90.0,90,90)","dip_dir":null,"net_slip_rate":"None"},"geometry":{"type":"LineString","coordinates":[[36.3637,36.199],[36.35078,36.11725],[36.33783,36.03537],[36.32489,35.9535],[36.31653,35.87124],[36.3158,35.7887]]}},{"type":"Feature","properties":{"id":"EUR_TRCS059","name":null,"slip_type":"Sinistral-Normal","catalog_name":"SHARE","catalog_id":"EUR_TRCS059","average_dip":"(69.0,58,80)","dip_dir":null,"net_slip_rate":"(4.8,4.7555,4.9043)"},"geometry":{"type":"LineString","coordinates":[[36.47635,36.03346],[36.49512,36.11991],[36.51456,36.20945],[36.53401,36.299],[36.55553,36.38824],[36.58099,36.4768],[36.60645,36.56538],[36.63191,36.65396],[36.70653,36.7224],[36.79192,36.78225]]}},{"type":"Feature","properties":{"id":"EUR_TRCS060","name":null,"slip_type":"Dextral","catalog_name":"SHARE","catalog_id":"EUR_TRCS060","average_dip":"(80.0,80,80)","dip_dir":null,"net_slip_rate":"(2.5,0.0001,5.0)"},"geometry":{"type":"LineString","coordinates":[[36.5296,36.2515],[36.64256,36.2336],[36.7555,36.2157]]}},{"type":"Feature","properties":{"id":"EUR_TRCS061","name":null,"slip_type":"Sinistral","catalog_name":"SHARE","catalog_id":"EUR_TRCS061","average_dip":"(80.0,80,80)","dip_dir":null,"net_slip_rate":"(10.0,10.0,10.0)"},"geometry":{"type":"LineString","coordinates":[[39.94083,38.7012],[40.01106,38.75242],[40.08131,38.80366]]}},{"type":"Feature","properties":{"id":"EUR_TRCS062","name":null,"slip_type":"Sinistral","catalog_name":"SHARE","catalog_id":"EUR_TRCS062","average_dip":"(85.0,80,90)","dip_dir":null,"net_slip_rate":"(9.9,9.9,9.9)"},"geometry":{"type":"LineString","coordinates":[[37.98102,37.95971],[37.90361,37.93746],[37.80876,37.90415],[37.73317,37.84806],[37.64412,37.80611]]}},{"type":"Feature","properties":{"id":"EUR_TRCS063","name":null,"slip_type":"Sinistral","catalog_name":"SHARE","catalog_id":"EUR_TRCS063","average_dip":"(80.0,80,80)","dip_dir":null,"net_slip_rate":"(9.9,9.9,9.9)"},"geometry":{"type":"LineString","coordinates":[[37.59057,37.75635],[37.66595,37.79661],[37.74135,37.83689]]}},{"type":"Feature","properties":{"id":"EUR_TRCS064","name":null,"slip_type":"Sinistral-Normal","catalog_name":"SHARE","catalog_id":"EUR_TRCS064","average_dip":"(80.0,80,80)","dip_dir":null,"net_slip_rate":"(2.5,1.4252,3.6228)"},"geometry":{"type":"LineString","coordinates":[[36.41998,36.59744],[36.36787,36.55096],[36.29505,36.486],[36.26351,36.40234],[36.1924,36.33627],[36.12132,36.27022],[36.05027,36.2042],[35.97924,36.1382],[35.90824,36.07222]]}},{"type":"Feature","properties":{"id":"EUR_TRCS065","name":null,"slip_type":"Sinistral-Normal","catalog_name":"SHARE","catalog_id":"EUR_TRCS065","average_dip":"(58.0,58,58)","dip_dir":null,"net_slip_rate":"None"},"geometry":{"type":"LineString","coordinates":[[36.63743,36.92176],[36.74352,36.95402],[36.84963,36.98628],[36.95579,37.01855],[37.06198,37.05084]]}},{"type":"Feature","properties":{"id":"EUR_TRCS066","name":null,"slip_type":"Sinistral-Normal","catalog_name":"SHARE","catalog_id":"EUR_TRCS066","average_dip":"(58.0,58,58)","dip_dir":null,"net_slip_rate":"None"},"geometry":{"type":"LineString","coordinates":[[36.83516,36.79952],[36.9303,36.82715],[37.02548,36.85478]]}},{"type":"Feature","properties":{"id":"EUR_TRCS067","name":null,"slip_type":"Dextral","catalog_name":"SHARE","catalog_id":"EUR_TRCS067","average_dip":"(89.0,89,89)","dip_dir":null,"net_slip_rate":"(8.5,5.0,12.0104)"},"geometry":{"type":"LineString","coordinates":[[44.13807,39.02088],[44.05493,39.06622],[43.97391,39.11967],[43.87621,39.15236],[43.77518,39.17833],[43.67304,39.20166],[43.57065,39.22442]]}},{"type":"Feature","properties":{"id":"EUR_TRCS068","name":null,"slip_type":"Dextral","catalog_name":"SHARE","catalog_id":"EUR_TRCS068","average_dip":"(80.0,80,80)","dip_dir":null,"net_slip_rate":"(8.7,5.0,12.3806)"},"geometry":{"type":"LineString","coordinates":[[42.98658,39.44546],[42.95935,39.47548],[42.88193,39.54952],[42.78481,39.60823],[42.68326,39.6624],[42.56921,39.69906],[42.44858,39.71997],[42.33138,39.75043],[42.21505,39.78289]]}},{"type":"Feature","properties":{"id":"EUR_TRCS069","name":null,"slip_type":"Dextral-Reverse","catalog_name":"SHARE","catalog_id":"EUR_TRCS069","average_dip":"(80.0,80,80)","dip_dir":null,"net_slip_rate":"(9.1,5.8549,12.3806)"},"geometry":{"type":"LineString","coordinates":[[43.23487,39.34631],[43.25531,39.27714],[43.27575,39.20797]]}},{"type":"Feature","properties":{"id":"EUR_TRCS070","name":null,"slip_type":"Dextral-Reverse","catalog_name":"SHARE","catalog_id":"EUR_TRCS070","average_dip":"(80.0,80,80)","dip_dir":null,"net_slip_rate":"(9.1,5.8549,12.3806)"},"geometry":{"type":"LineString","coordinates":[[43.32207,39.27573],[43.24892,39.34093],[43.17374,39.40756],[43.08617,39.46449],[43.00001,39.52275]]}},{"type":"Feature","properties":{"id":"EUR_TRCS071","name":null,"slip_type":"Sinistral-Reverse","catalog_name":"SHARE","catalog_id":"EUR_TRCS071","average_dip":"(55.0,55,55)","dip_dir":null,"net_slip_rate":"(2.4,1.0,3.868)"},"geometry":{"type":"LineString","coordinates":[[37.2271,37.6612],[37.13989,37.62047],[37.03342,37.61148],[36.92675,37.60414],[36.8201,37.5968]]}},{"type":"Feature","properties":{"id":"EUR_TRCS072","name":null,"slip_type":"Sinistral-Reverse","catalog_name":"SHARE","catalog_id":"EUR_TRCS072","average_dip":"(55.0,55,55)","dip_dir":null,"net_slip_rate":"(2.7,1.5781,3.868)"},"geometry":{"type":"LineString","coordinates":[[37.1724,37.6084],[37.25785,37.6122],[37.3433,37.616]]}},{"type":"Feature","properties":{"id":"EUR_TRCS073","name":null,"slip_type":"Sinistral-Reverse","catalog_name":"SHARE","catalog_id":"EUR_TRCS073","average_dip":"(49.0,49,49)","dip_dir":null,"net_slip_rate":"(2.5,1.0,4.0028)"},"geometry":{"type":"LineString","coordinates":[[38.19399,37.9987],[38.09914,37.99662],[37.99332,38.00919],[37.88765,38.02258],[37.78072,38.01886],[37.67459,38.00796],[37.58495,37.96193],[37.47825,37.96768],[37.37153,37.97343]]}},{"type":"Feature","properties":{"id":"EUR_TRCS074","name":null,"slip_type":"Dextral","catalog_name":"SHARE","catalog_id":"EUR_TRCS074","average_dip":"(78.0,78,78)","dip_dir":null,"net_slip_rate":"(8.5,5.0,12.0)"},"geometry":{"type":"LineString","coordinates":[[42.8635,39.45369],[42.81035,39.47387],[42.70446,39.51408],[42.59942,39.55568],[42.49534,39.59878],[42.38547,39.6324],[42.27403,39.66291],[42.15594,39.66841],[42.05206,39.71204],[41.93798,39.73641],[41.84745,39.79516],[41.74718,39.84376],[41.64463,39.88957],[41.54204,39.93541]]}},{"type":"Feature","properties":{"id":"EUR_TRCS075","name":null,"slip_type":"Sinistral","catalog_name":"SHARE","catalog_id":"EUR_TRCS075","average_dip":"(85.0,85,85)","dip_dir":null,"net_slip_rate":"(2.5,2.0,3.0)"},"geometry":{"type":"LineString","coordinates":[[42.7717,40.1732],[42.65721,40.1434],[42.54279,40.11362],[42.42841,40.08386],[42.31408,40.0541],[42.19979,40.02436],[42.08555,39.99463],[41.97135,39.96491],[41.8572,39.9352]]}},{"type":"Feature","properties":{"id":"EUR_TRCS076","name":null,"slip_type":"Sinistral","catalog_name":"SHARE","catalog_id":"EUR_TRCS076","average_dip":"(85.0,85,85)","dip_dir":null,"net_slip_rate":"(2.5,2.0,3.0)"},"geometry":{"type":"LineString","coordinates":[[42.1265,40.0399],[42.23513,40.07089],[42.34609,40.10385],[42.45425,40.14197],[42.56874,40.16721],[42.67906,40.20172],[42.79176,40.23151],[42.905,40.2602]]}},{"type":"Feature","properties":{"id":"EUR_TRCS077","name":null,"slip_type":"Sinistral","catalog_name":"SHARE","catalog_id":"EUR_TRCS077","average_dip":"(90.0,90,90)","dip_dir":null,"net_slip_rate":"(2.5,2.0,3.0)"},"geometry":{"type":"LineString","coordinates":[[42.15572,39.82664],[42.26479,39.85703],[42.38074,39.88933],[42.47946,39.94616],[42.59221,39.98479],[42.70502,40.02345],[42.81736,40.06302],[42.92563,40.10883],[43.03505,40.15314],[43.14452,40.19747]]}},{"type":"Feature","properties":{"id":"EUR_TRCS078","name":null,"slip_type":"Sinistral","catalog_name":"SHARE","catalog_id":"EUR_TRCS078","average_dip":"(87.5,85,90)","dip_dir":null,"net_slip_rate":"(2.5,2.0,3.0)"},"geometry":{"type":"LineString","coordinates":[[43.30098,40.19491],[43.35023,40.25942],[43.41739,40.3315],[43.48356,40.40414],[43.55755,40.47232],[43.6341,40.53888],[43.6954,40.61406],[43.75006,40.69215],[43.80474,40.77027],[43.85943,40.84841]]}},{"type":"Feature","properties":{"id":"EUR_TRCS079","name":null,"slip_type":"Sinistral","catalog_name":"SHARE","catalog_id":"EUR_TRCS079","average_dip":"(85.0,85,85)","dip_dir":null,"net_slip_rate":"(2.5,2.0,3.0)"},"geometry":{"type":"LineString","coordinates":[[43.1449,40.1881],[43.05982,40.14795],[42.97479,40.10782],[42.8898,40.0677]]}},{"type":"Feature","properties":{"id":"EUR_TRCS080","name":null,"slip_type":"Sinistral","catalog_name":"SHARE","catalog_id":"EUR_TRCS080","average_dip":"(85.0,85,85)","dip_dir":null,"net_slip_rate":"(2.5,2.0,3.0)"},"geometry":{"type":"LineString","coordinates":[[42.5472,38.99756],[42.60457,39.08841],[42.61134,39.19202]]}},{"type":"Feature","properties":{"id":"EUR_TRCS081","name":null,"slip_type":"Sinistral","catalog_name":"SHARE","catalog_id":"EUR_TRCS081","average_dip":"(87.5,85,90)","dip_dir":null,"net_slip_rate":"(2.0,1.0,3.0)"},"geometry":{"type":"LineString","coordinates":[[41.5578,39.18028],[41.66139,39.19171],[41.75491,39.24273],[41.84358,39.29876],[41.95554,39.31743],[42.06878,39.33077],[42.18205,39.34411],[42.28789,39.37812],[42.34124,39.45656]]}},{"type":"Feature","properties":{"id":"EUR_TRCS082","name":null,"slip_type":"Sinistral","catalog_name":"SHARE","catalog_id":"EUR_TRCS082","average_dip":"(81.0,81,81)","dip_dir":null,"net_slip_rate":"None"},"geometry":{"type":"LineString","coordinates":[[42.83287,40.64523],[42.79021,40.62573],[42.68886,40.57943],[42.58756,40.53315],[42.48512,40.48845],[42.40229,40.42448],[42.31846,40.36133],[42.24084,40.29378],[42.16364,40.22599],[42.0942,40.15353],[41.99805,40.10196]]}},{"type":"Feature","properties":{"id":"EUR_TRCS083","name":null,"slip_type":"Sinistral","catalog_name":"SHARE","catalog_id":"EUR_TRCS083","average_dip":"(81.0,81,81)","dip_dir":null,"net_slip_rate":"None"},"geometry":{"type":"LineString","coordinates":[[42.08315,40.18905],[42.00473,40.13154],[41.91916,40.07572],[41.84085,40.01403]]}},{"type":"Feature","properties":{"id":"EUR_TRCS084","name":null,"slip_type":"Sinistral","catalog_name":"SHARE","catalog_id":"EUR_TRCS084","average_dip":"(80.0,70,90)","dip_dir":null,"net_slip_rate":"(2.5,2.0,3.0)"},"geometry":{"type":"LineString","coordinates":[[42.12334,40.64005],[42.04155,40.60715],[41.94447,40.55723],[41.86581,40.49127],[41.78184,40.42925],[41.71858,40.35438],[41.6612,40.27684],[41.60399,40.19925],[41.55037,40.12021],[41.49677,40.04118],[41.43398,39.96626],[41.33981,39.91415],[41.24569,39.86208],[41.15162,39.81003],[41.0576,39.758]]}},{"type":"Feature","properties":{"id":"EUR_TRCS085","name":null,"slip_type":"Sinistral","catalog_name":"SHARE","catalog_id":"EUR_TRCS085","average_dip":"(81.0,81,81)","dip_dir":null,"net_slip_rate":"(2.5,2.0,3.0)"},"geometry":{"type":"LineString","coordinates":[[42.43482,40.88894],[42.36339,40.83467],[42.27308,40.76604],[42.18281,40.69744],[42.11333,40.61616],[42.03443,40.54005],[41.92809,40.48669]]}},{"type":"Feature","properties":{"id":"EUR_TRCS086","name":null,"slip_type":"Sinistral","catalog_name":"SHARE","catalog_id":"EUR_TRCS086","average_dip":"(81.0,81,81)","dip_dir":null,"net_slip_rate":"(2.5,2.0,3.0)"},"geometry":{"type":"LineString","coordinates":[[42.04967,40.54341],[42.00403,40.47978],[41.94813,40.40815],[41.91371,40.32908],[41.85759,40.2576],[41.78507,40.19535]]}},{"type":"Feature","properties":{"id":"EUR_TRCS087","name":null,"slip_type":"Sinistral","catalog_name":"SHARE","catalog_id":"EUR_TRCS087","average_dip":"(81.0,81,81)","dip_dir":null,"net_slip_rate":"(2.5,2.0,3.0)"},"geometry":{"type":"LineString","coordinates":[[41.72413,40.28234],[41.80704,40.32666],[41.88998,40.371]]}},{"type":"Feature","properties":{"id":"EUR_TRCS088","name":null,"slip_type":"Dextral","catalog_name":"SHARE","catalog_id":"EUR_TRCS088","average_dip":"(90.0,90,90)","dip_dir":null,"net_slip_rate":"(4.0,2.0,6.0)"},"geometry":{"type":"LineString","coordinates":[[42.51345,39.15277],[42.40581,39.15108],[42.29627,39.14937],[42.1869,39.15438],[42.08079,39.1756],[41.97163,39.16806],[41.86248,39.16052]]}},{"type":"Feature","properties":{"id":"EUR_TRCS089","name":null,"slip_type":"Sinistral","catalog_name":"SHARE","catalog_id":"EUR_TRCS089","average_dip":"(83.5,77,90)","dip_dir":null,"net_slip_rate":"(2.3,2.3,2.3091)"},"geometry":{"type":"LineString","coordinates":[[43.25015,41.08697],[43.13512,41.04455],[43.07079,40.95546],[43.02898,40.85904]]}},{"type":"Feature","properties":{"id":"EUR_TRCS090","name":null,"slip_type":"Dextral","catalog_name":"SHARE","catalog_id":"EUR_TRCS090","average_dip":"(85.0,85,85)","dip_dir":null,"net_slip_rate":"(6.5,5.0,8.0)"},"geometry":{"type":"LineString","coordinates":[[43.08773,40.00306],[43.14723,39.96778],[43.24393,39.91044],[43.34059,39.85313],[43.43719,39.79585],[43.53375,39.7386],[43.6335,39.68476],[43.7214,39.61991],[43.83413,39.58465],[43.9216,39.51956],[44.00863,39.45418],[44.09875,39.39141]]}},{"type":"Feature","properties":{"id":"EUR_TRCS091","name":null,"slip_type":"Dextral","catalog_name":"SHARE","catalog_id":"EUR_TRCS091","average_dip":"(85.0,85,85)","dip_dir":null,"net_slip_rate":"(6.5,5.0,8.0)"},"geometry":{"type":"LineString","coordinates":[[43.54493,39.78601],[43.51829,39.87463],[43.49164,39.96325]]}},{"type":"Feature","properties":{"id":"EUR_TRCS092","name":null,"slip_type":"Dextral","catalog_name":"SHARE","catalog_id":"EUR_TRCS092","average_dip":"(85.0,85,85)","dip_dir":null,"net_slip_rate":"(6.5,5.0,8.0)"},"geometry":{"type":"LineString","coordinates":[[43.5906,39.73473],[43.68387,39.7206],[43.77712,39.70647]]}},{"type":"Feature","properties":{"id":"EUR_TRCS093","name":null,"slip_type":"Dextral","catalog_name":"SHARE","catalog_id":"EUR_TRCS093","average_dip":"(50.0,50,50)","dip_dir":null,"net_slip_rate":"(7.0,5.1676,8.9071)"},"geometry":{"type":"LineString","coordinates":[[43.78043,39.71928],[43.85907,39.67338],[43.95129,39.62028],[44.05071,39.57564],[44.13842,39.51831],[44.21217,39.45033],[44.29742,39.39096]]}},{"type":"Feature","properties":{"id":"EUR_TRCS094","name":null,"slip_type":"Dextral","catalog_name":"SHARE","catalog_id":"EUR_TRCS094","average_dip":"(85.0,85,85)","dip_dir":null,"net_slip_rate":"(6.5,5.0,8.0)"},"geometry":{"type":"LineString","coordinates":[[43.79813,40.1138],[43.85901,40.04197],[43.92086,39.96901],[43.99006,39.90008],[44.0482,39.8254]]}},{"type":"Feature","properties":{"id":"EUR_TRCS095","name":null,"slip_type":"Dextral","catalog_name":"SHARE","catalog_id":"EUR_TRCS095","average_dip":"(85.0,85,85)","dip_dir":null,"net_slip_rate":"(6.5,5.0,8.0)"},"geometry":{"type":"LineString","coordinates":[[44.08407,39.7396],[44.0151,39.79239],[43.9461,39.8452]]}},{"type":"Feature","properties":{"id":"EUR_TRCS096","name":null,"slip_type":"Dextral","catalog_name":"SHARE","catalog_id":"EUR_TRCS096","average_dip":"(85.0,85,85)","dip_dir":null,"net_slip_rate":"(6.5,5.0,8.0)"},"geometry":{"type":"LineString","coordinates":[[44.14,39.689],[44.20477,39.61741],[44.26952,39.54583],[44.33442,39.47438],[44.4158,39.41385],[44.4972,39.3534]]}},{"type":"Feature","properties":{"id":"EUR_TRCS097","name":null,"slip_type":"Dextral","catalog_name":"SHARE","catalog_id":"EUR_TRCS097","average_dip":"(85.0,85,85)","dip_dir":null,"net_slip_rate":"(6.5,5.0,8.0)"},"geometry":{"type":"LineString","coordinates":[[43.52836,38.98895],[43.47006,39.05345],[43.41174,39.11796],[43.3534,39.18249],[43.29504,39.24704]]}},{"type":"Feature","properties":{"id":"EUR_TRCS098","name":null,"slip_type":"Dextral","catalog_name":"SHARE","catalog_id":"EUR_TRCS098","average_dip":"(85.0,85,85)","dip_dir":null,"net_slip_rate":"(6.5,5.0,8.0)"},"geometry":{"type":"LineString","coordinates":[[43.53516,39.07469],[43.58627,39.02002],[43.67068,38.95091],[43.7392,38.87192],[43.81157,38.79508]]}},{"type":"Feature","properties":{"id":"EUR_TRCS099","name":null,"slip_type":"Dextral","catalog_name":"SHARE","catalog_id":"EUR_TRCS099","average_dip":"(85.0,85,85)","dip_dir":null,"net_slip_rate":"(6.5,5.0,8.0)"},"geometry":{"type":"LineString","coordinates":[[43.96071,38.99241],[44.0054,38.96805],[44.09121,38.92128],[44.15537,38.85688],[44.23143,38.80093],[44.28454,38.73073]]}},{"type":"Feature","properties":{"id":"EUR_TRCS100","name":null,"slip_type":"Sinistral","catalog_name":"SHARE","catalog_id":"EUR_TRCS100","average_dip":"(85.0,85,85)","dip_dir":null,"net_slip_rate":"(2.5,2.0,3.0)"},"geometry":{"type":"LineString","coordinates":[[42.99329,38.94765],[42.90387,38.904],[42.81225,38.85769],[42.73366,38.79867]]}},{"type":"Feature","properties":{"id":"EUR_TRCS101","name":null,"slip_type":"Sinistral","catalog_name":"SHARE","catalog_id":"EUR_TRCS101","average_dip":"(85.0,85,85)","dip_dir":null,"net_slip_rate":"(2.5,2.0,3.0)"},"geometry":{"type":"LineString","coordinates":[[42.90654,38.93816],[43.0047,39.01194],[43.10291,39.08575]]}},{"type":"Feature","properties":{"id":"EUR_TRCS102","name":null,"slip_type":"Sinistral","catalog_name":"SHARE","catalog_id":"EUR_TRCS102","average_dip":"(85.0,85,85)","dip_dir":null,"net_slip_rate":"(2.5,2.0,3.0)"},"geometry":{"type":"LineString","coordinates":[[43.02422,39.10076],[43.10309,39.12669]]}},{"type":"Feature","properties":{"id":"EUR_TRCS103","name":null,"slip_type":"Dextral","catalog_name":"SHARE","catalog_id":"EUR_TRCS103","average_dip":"(87.5,85,90)","dip_dir":null,"net_slip_rate":"(6.5,5.0,8.0)"},"geometry":{"type":"LineString","coordinates":[[44.98597,37.00217],[44.92477,37.04177],[44.84044,37.09633],[44.75994,37.15451],[44.69216,37.22225],[44.61157,37.28047],[44.53167,37.33934],[44.44919,37.39598],[44.35755,37.44296],[44.26215,37.48505],[44.16703,37.52759],[44.09027,37.58925],[43.98946,37.6228]]}},{"type":"Feature","properties":{"id":"EUR_TRCS104","name":null,"slip_type":"Dextral","catalog_name":"SHARE","catalog_id":"EUR_TRCS104","average_dip":"(85.0,85,85)","dip_dir":null,"net_slip_rate":"(6.5,5.0,8.0)"},"geometry":{"type":"LineString","coordinates":[[44.17706,37.57648],[44.27918,37.57496],[44.36715,37.52484],[44.45347,37.47303]]}},{"type":"Feature","properties":{"id":"EUR_TRCS105","name":null,"slip_type":"Dextral","catalog_name":"SHARE","catalog_id":"EUR_TRCS105","average_dip":"(85.0,85,85)","dip_dir":null,"net_slip_rate":"(6.5,5.0,8.0)"},"geometry":{"type":"LineString","coordinates":[[43.68641,37.74658],[43.79191,37.72904],[43.89737,37.71151],[44.00281,37.69398]]}},{"type":"Feature","properties":{"id":"EUR_TRCS106","name":null,"slip_type":"Sinistral","catalog_name":"SHARE","catalog_id":"EUR_TRCS106","average_dip":"(70.0,70,70)","dip_dir":null,"net_slip_rate":"(2.1,1.0,3.1832)"},"geometry":{"type":"LineString","coordinates":[[44.49186,38.46516],[44.42375,38.40066],[44.34479,38.33738],[44.26796,38.27255],[44.19216,38.20704],[44.11239,38.14455],[44.03655,38.07916],[43.99014,37.99853],[43.94273,37.91829],[43.89532,37.83806],[43.84792,37.75784]]}},{"type":"Feature","properties":{"id":"EUR_TRCS107","name":null,"slip_type":"Reverse","catalog_name":"SHARE","catalog_id":"EUR_TRCS107","average_dip":"(70.0,70,70)","dip_dir":null,"net_slip_rate":"(2.1,1.0642,3.0542)"},"geometry":{"type":"LineString","coordinates":[[43.29876,38.29387],[43.23037,38.2874],[43.1208,38.27705],[43.01124,38.26669],[42.90199,38.27888],[42.92104,38.36421],[42.93643,38.45],[42.85906,38.51195],[42.7535,38.48587],[42.64286,38.48797],[42.53485,38.50693],[42.42681,38.52588]]}},{"type":"Feature","properties":{"id":"EUR_TRCS108","name":null,"slip_type":"Dextral-Reverse","catalog_name":"SHARE","catalog_id":"EUR_TRCS108","average_dip":"(68.0,68,68)","dip_dir":null,"net_slip_rate":"(1.8,1.0,2.5724)"},"geometry":{"type":"LineString","coordinates":[[42.81906,38.62502],[42.94636,38.58273],[43.07359,38.54046]]}},{"type":"Feature","properties":{"id":"EUR_TRCS109","name":null,"slip_type":"Dextral-Reverse","catalog_name":"SHARE","catalog_id":"EUR_TRCS109","average_dip":"(68.0,68,68)","dip_dir":null,"net_slip_rate":"(1.8,1.0,2.5724)"},"geometry":{"type":"LineString","coordinates":[[42.60775,38.7015],[42.71363,38.71631],[42.81954,38.73112]]}},{"type":"Feature","properties":{"id":"EUR_TRCS110","name":null,"slip_type":"Dextral","catalog_name":"SHARE","catalog_id":"EUR_TRCS110","average_dip":"(80.0,80,80)","dip_dir":null,"net_slip_rate":"(1.6,1.0,2.243)"},"geometry":{"type":"LineString","coordinates":[[43.44301,38.543],[43.3135,38.53318]]}},{"type":"Feature","properties":{"id":"EUR_TRCS111","name":null,"slip_type":"Dextral","catalog_name":"SHARE","catalog_id":"EUR_TRCS111","average_dip":"(80.0,80,80)","dip_dir":null,"net_slip_rate":"(1.0,0.0001,2.0)"},"geometry":{"type":"LineString","coordinates":[[43.2835,38.64904],[43.34582,38.59657],[43.40812,38.54411]]}},{"type":"Feature","properties":{"id":"EUR_TRCS112","name":null,"slip_type":"Reverse","catalog_name":"SHARE","catalog_id":"EUR_TRCS112","average_dip":"(34.5,29,40)","dip_dir":null,"net_slip_rate":"(2.8,1.5557,4.1253)"},"geometry":{"type":"LineString","coordinates":[[42.00191,38.68563],[41.91581,38.74052],[41.82506,38.79837],[41.73426,38.85625],[41.64342,38.91415],[41.54556,38.96474],[41.43146,38.94282],[41.3174,38.9209]]}},{"type":"Feature","properties":{"id":"EUR_TRCS113","name":null,"slip_type":"Sinistral","catalog_name":"SHARE","catalog_id":"EUR_TRCS113","average_dip":"(69.0,69,69)","dip_dir":null,"net_slip_rate":"None"},"geometry":{"type":"LineString","coordinates":[[42.73555,40.90295],[42.67564,40.85102],[42.59043,40.78694],[42.50966,40.7197],[42.40218,40.67939],[42.34283,40.60041],[42.27579,40.5251],[42.20877,40.44982],[42.14178,40.37456]]}},{"type":"Feature","properties":{"id":"EUR_TRCS114","name":null,"slip_type":"Sinistral","catalog_name":"SHARE","catalog_id":"EUR_TRCS114","average_dip":"(85.0,85,85)","dip_dir":null,"net_slip_rate":"(2.3,2.3,2.3)"},"geometry":{"type":"LineString","coordinates":[[42.66237,41.22577],[42.54594,41.11437],[42.45565,41.05337],[42.36154,40.99581],[42.27012,40.93591],[42.19249,40.86583],[42.12544,40.78981],[42.03251,40.7315],[41.94062,40.67234],[41.86119,40.60363],[41.77677,40.53851],[41.7057,40.4648],[41.6203,40.40056],[41.57276,40.31665],[41.52954,40.2314],[41.47568,40.14979],[41.40802,40.07446],[41.34039,39.99914]]}},{"type":"Feature","properties":{"id":"EUR_TRCS115","name":null,"slip_type":"Sinistral","catalog_name":"SHARE","catalog_id":"EUR_TRCS115","average_dip":"(88.0,86,90)","dip_dir":null,"net_slip_rate":"(2.3,2.3,2.3)"},"geometry":{"type":"LineString","coordinates":[[41.08435,40.12328],[40.98941,40.07207],[40.89229,40.01901],[40.79471,39.96653],[40.69718,39.91408],[40.59796,39.86362],[40.50679,39.80494],[40.38916,39.81826]]}},{"type":"Feature","properties":{"id":"EUR_TRCS116","name":null,"slip_type":"Sinistral","catalog_name":"SHARE","catalog_id":"EUR_TRCS116","average_dip":"(85.0,85,85)","dip_dir":null,"net_slip_rate":"(2.3,2.3,2.3)"},"geometry":{"type":"LineString","coordinates":[[42.83498,41.57235],[42.74062,41.50887],[42.64631,41.44544],[42.55206,41.38203]]}},{"type":"Feature","properties":{"id":"EUR_TRCS117","name":null,"slip_type":"Sinistral","catalog_name":"SHARE","catalog_id":"EUR_TRCS117","average_dip":"(85.0,85,85)","dip_dir":null,"net_slip_rate":"(2.3,2.3,2.3)"},"geometry":{"type":"LineString","coordinates":[[42.73978,41.49021],[42.66286,41.4306],[42.58599,41.37101],[42.50915,41.31145],[42.43234,41.25192],[42.35557,41.19242]]}},{"type":"Feature","properties":{"id":"EUR_TRCS118","name":null,"slip_type":"Sinistral","catalog_name":"SHARE","catalog_id":"EUR_TRCS118","average_dip":"(85.0,85,85)","dip_dir":null,"net_slip_rate":"(2.3,2.3,2.3)"},"geometry":{"type":"LineString","coordinates":[[42.80945,41.58909],[42.74338,41.53412],[42.66051,41.48883],[42.5807,41.4406]]}},{"type":"Feature","properties":{"id":"EUR_TRCS119","name":null,"slip_type":"Sinistral","catalog_name":"SHARE","catalog_id":"EUR_TRCS119","average_dip":"(87.5,85,90)","dip_dir":null,"net_slip_rate":"(2.1,1.4169,2.8338)"},"geometry":{"type":"LineString","coordinates":[[42.57115,41.55558],[42.54524,41.52033],[42.50328,41.43859],[42.39233,41.41125],[42.29401,41.36406],[42.23141,41.29018],[42.12565,41.25345],[42.02645,41.20759],[41.93988,41.14909],[41.8391,41.10542],[41.73838,41.06178]]}},{"type":"Feature","properties":{"id":"EUR_TRCS120","name":null,"slip_type":"Sinistral","catalog_name":"SHARE","catalog_id":"EUR_TRCS120","average_dip":"(87.5,85,90)","dip_dir":null,"net_slip_rate":"(2.3,2.3,2.3)"},"geometry":{"type":"LineString","coordinates":[[41.60015,40.97161],[41.56601,40.90074],[41.52451,40.81459],[41.45789,40.73802],[41.35514,40.68962],[41.25179,40.64205],[41.14631,40.59736],[41.04983,40.54225],[40.97345,40.47129],[40.85798,40.44505],[40.74056,40.42456],[40.62565,40.39712],[40.50614,40.38602],[40.38584,40.3828],[40.27124,40.35479],[40.1561,40.32822],[40.04087,40.30198],[39.92612,40.27467],[39.81139,40.24743],[39.69483,40.22526],[39.57832,40.2031]]}},{"type":"Feature","properties":{"id":"EUR_TRCS121","name":null,"slip_type":"Sinistral","catalog_name":"SHARE","catalog_id":"EUR_TRCS121","average_dip":"(85.0,85,85)","dip_dir":null,"net_slip_rate":"(2.3,2.3,2.3)"},"geometry":{"type":"LineString","coordinates":[[41.64052,40.81084],[41.70581,40.87188],[41.77113,40.93295],[41.83647,40.99404]]}},{"type":"Feature","properties":{"id":"EUR_TRCS122","name":null,"slip_type":"Sinistral","catalog_name":"SHARE","catalog_id":"EUR_TRCS122","average_dip":"(85.0,85,85)","dip_dir":null,"net_slip_rate":"(2.3,2.3,2.3)"},"geometry":{"type":"LineString","coordinates":[[40.30928,40.2745],[40.20866,40.25414],[40.09691,40.23152],[39.9852,40.20892],[39.87429,40.1842],[39.76531,40.15502],[39.65636,40.12585],[39.54739,40.09684],[39.4356,40.11868],[39.3212,40.10716],[39.21057,40.08217]]}},{"type":"Feature","properties":{"id":"EUR_TRCS123","name":null,"slip_type":"Sinistral","catalog_name":"SHARE","catalog_id":"EUR_TRCS123","average_dip":"(85.0,85,85)","dip_dir":null,"net_slip_rate":"(2.3,2.3,2.3)"},"geometry":{"type":"LineString","coordinates":[[42.93794,40.99145],[42.99769,41.06365],[43.06185,41.14119],[43.12333,41.21998],[43.21339,41.28135]]}},{"type":"Feature","properties":{"id":"EUR_TRCS124","name":null,"slip_type":"Sinistral","catalog_name":"SHARE","catalog_id":"EUR_TRCS124","average_dip":"(87.5,85,90)","dip_dir":null,"net_slip_rate":"(2.3,2.3,2.3)"},"geometry":{"type":"LineString","coordinates":[[42.83168,41.14102],[42.91685,41.17401],[43.01282,41.22725],[43.0801,41.30135]]}},{"type":"Feature","properties":{"id":"EUR_TRCS125","name":null,"slip_type":"Sinistral","catalog_name":"SHARE","catalog_id":"EUR_TRCS125","average_dip":"(85.0,85,85)","dip_dir":null,"net_slip_rate":"(2.3,2.3,2.3)"},"geometry":{"type":"LineString","coordinates":[[42.6342,41.06349],[42.71087,41.13754],[42.78758,41.21163],[42.86432,41.28575]]}},{"type":"Feature","properties":{"id":"EUR_TRCS126","name":null,"slip_type":"Dextral","catalog_name":"SHARE","catalog_id":"EUR_TRCS126","average_dip":"(72.0,72,72)","dip_dir":null,"net_slip_rate":"None"},"geometry":{"type":"LineString","coordinates":[[41.224,39.27312],[41.30097,39.21966],[41.37791,39.16623],[41.45482,39.11282]]}},{"type":"Feature","properties":{"id":"EUR_TRCS127","name":null,"slip_type":"Dextral","catalog_name":"SHARE","catalog_id":"EUR_TRCS127","average_dip":"(72.0,72,72)","dip_dir":null,"net_slip_rate":"None"},"geometry":{"type":"LineString","coordinates":[[41.22443,39.2629],[41.13074,39.31782]]}},{"type":"Feature","properties":{"id":"EUR_TRCS128","name":null,"slip_type":"Dextral","catalog_name":"SHARE","catalog_id":"EUR_TRCS128","average_dip":"(80.0,80,80)","dip_dir":null,"net_slip_rate":"(1.5,1.0,2.0)"},"geometry":{"type":"LineString","coordinates":[[38.64288,37.30554],[38.53834,37.33944],[38.44201,37.39592],[38.3452,37.45198],[38.235,37.48943],[38.12143,37.52001],[38.00781,37.55059],[37.89416,37.58118],[37.78046,37.61179]]}},{"type":"Feature","properties":{"id":"EUR_TRCS129","name":null,"slip_type":"Reverse","catalog_name":"SHARE","catalog_id":"EUR_TRCS129","average_dip":"(48.0,40,56)","dip_dir":null,"net_slip_rate":"(5.3,4.6373,5.9915)"},"geometry":{"type":"LineString","coordinates":[[44.4728,37.1013],[44.43389,37.13812],[44.36298,37.20524],[44.29203,37.27239],[44.22106,37.33955],[44.15006,37.40675],[44.07904,37.47397],[44.00799,37.54121],[43.93691,37.60848],[43.82629,37.60421],[43.7367,37.55266],[43.6466,37.50175],[43.53637,37.49459],[43.42976,37.51793],[43.32311,37.54127],[43.21643,37.56462],[43.10972,37.58797],[43.00297,37.61133],[42.8962,37.6347]]}},{"type":"Feature","properties":{"id":"EUR_TRCS130","name":null,"slip_type":"Reverse","catalog_name":"SHARE","catalog_id":"EUR_TRCS130","average_dip":"(52.5,40,65)","dip_dir":null,"net_slip_rate":"(5.1,4.6004,5.5361)"},"geometry":{"type":"LineString","coordinates":[[42.9551,37.8942],[42.84753,37.88865],[42.7372,37.88296],[42.62688,37.87717],[42.51632,37.87726],[42.41535,37.91285],[42.31434,37.94846],[42.21329,37.98408],[42.11211,38.01956],[42.01081,38.05492],[41.90947,38.09029],[41.80809,38.12567],[41.70263,38.1528],[41.59592,38.17681],[41.48918,38.20084],[41.38241,38.22486],[41.2756,38.2489]]}},{"type":"Feature","properties":{"id":"EUR_TRCS131","name":null,"slip_type":"Dextral-Reverse","catalog_name":"SHARE","catalog_id":"EUR_TRCS131","average_dip":"(55.0,45,65)","dip_dir":null,"net_slip_rate":"(4.8,4.4008,5.1391)"},"geometry":{"type":"LineString","coordinates":[[41.3329,38.3644],[41.2438,38.39853],[41.14868,38.4341],[41.05205,38.46717],[40.95232,38.49408],[40.84772,38.50496],[40.7439,38.5198]]}},{"type":"Feature","properties":{"id":"EUR_TRCS132","name":null,"slip_type":"Sinistral-Reverse","catalog_name":"SHARE","catalog_id":"EUR_TRCS132","average_dip":"(50.0,50,50)","dip_dir":null,"net_slip_rate":"None"},"geometry":{"type":"LineString","coordinates":[[40.7471,38.5208],[40.62369,38.51855],[40.49944,38.51232],[40.37864,38.4888],[40.2581,38.4646]]}},{"type":"Feature","properties":{"id":"EUR_TRCS133","name":null,"slip_type":"Sinistral-Reverse","catalog_name":"SHARE","catalog_id":"EUR_TRCS133","average_dip":"(47.5,45,50)","dip_dir":null,"net_slip_rate":"(3.8,3.6249,4.062)"},"geometry":{"type":"LineString","coordinates":[[40.1337,38.5866],[40.05158,38.55455],[39.94656,38.51357],[39.8517,38.45958],[39.79048,38.3813],[39.69287,38.33061],[39.59037,38.28634],[39.48607,38.24484],[39.37711,38.21166],[39.26045,38.21685],[39.1436,38.21774],[39.03083,38.19376],[38.93081,38.14637],[38.82607,38.10589],[38.7197,38.06822],[38.61391,38.02964],[38.50831,37.99083],[38.3922,37.98347],[38.27587,37.98808]]}},{"type":"Feature","properties":{"id":"EUR_TRCS134","name":null,"slip_type":"Dextral","catalog_name":"SHARE","catalog_id":"EUR_TRCS134","average_dip":"(87.5,85,90)","dip_dir":null,"net_slip_rate":"(2.0,1.0,3.0)"},"geometry":{"type":"LineString","coordinates":[[41.12806,38.73886],[41.15983,38.71152],[41.24956,38.64984],[41.34247,38.59117],[41.46177,38.59523],[41.57844,38.57536],[41.68606,38.53501],[41.75995,38.46175],[41.87276,38.43167],[41.97954,38.39031]]}},{"type":"Feature","properties":{"id":"EUR_TRCS135","name":null,"slip_type":"Dextral-Reverse","catalog_name":"SHARE","catalog_id":"EUR_TRCS135","average_dip":"(40.0,40,40)","dip_dir":null,"net_slip_rate":"(1.6,0.0001,3.1131)"},"geometry":{"type":"LineString","coordinates":[[43.50248,38.37453],[43.41203,38.33367],[43.30174,38.33333],[43.19348,38.34992]]}},{"type":"Feature","properties":{"id":"EUR_TRCS136","name":null,"slip_type":"Sinistral","catalog_name":"SHARE","catalog_id":"EUR_TRCS136","average_dip":"(85.0,85,85)","dip_dir":null,"net_slip_rate":"(2.1,1.0,3.1635)"},"geometry":{"type":"LineString","coordinates":[[35.24956,38.19585],[35.2183,38.13824],[35.17409,38.05675],[35.13999,37.97232],[35.11264,37.88638],[35.07081,37.80416],[35.02138,37.72463],[35.00291,37.63724],[34.96886,37.55285],[34.8869,37.49263],[34.83136,37.41578],[34.79785,37.33127],[34.76437,37.24676]]}},{"type":"Feature","properties":{"id":"EUR_TRCS137","name":null,"slip_type":"Sinistral","catalog_name":"SHARE","catalog_id":"EUR_TRCS137","average_dip":"(87.5,85,90)","dip_dir":null,"net_slip_rate":"(2.1,1.0,3.1635)"},"geometry":{"type":"LineString","coordinates":[[34.82095,37.49125],[34.7482,37.45792],[34.65886,37.39247],[34.55554,37.34175],[34.47335,37.27075],[34.37263,37.21701],[34.27197,37.16329]]}},{"type":"Feature","properties":{"id":"EUR_TRCS138","name":null,"slip_type":"Sinistral","catalog_name":"SHARE","catalog_id":"EUR_TRCS138","average_dip":"(60.0,60,60)","dip_dir":null,"net_slip_rate":"(1.5,1.0,2.0817)"},"geometry":{"type":"LineString","coordinates":[[33.19562,39.27008],[33.25221,39.22632],[33.33465,39.16256],[33.41705,39.09884],[33.44649,39.01153],[33.53784,38.95582],[33.60568,38.8826],[33.62435,38.79353],[33.68888,38.7186],[33.75339,38.6437],[33.81788,38.56882],[33.88563,38.49576],[33.9611,38.42755],[34.03655,38.35936],[34.10821,38.28875],[34.17743,38.2167],[34.24662,38.14467],[34.31578,38.07266],[34.37767,37.9967],[34.47642,37.95102],[34.57587,37.90638],[34.65516,37.84135],[34.75739,37.80105],[34.87156,37.79833],[34.98265,37.81937]]}},{"type":"Feature","properties":{"id":"EUR_TRCS139","name":null,"slip_type":"Dextral","catalog_name":"SHARE","catalog_id":"EUR_TRCS139","average_dip":"(85.0,85,85)","dip_dir":null,"net_slip_rate":"(4.0,3.0,5.0)"},"geometry":{"type":"LineString","coordinates":[[40.55204,38.81242],[40.48298,38.88317],[40.40488,38.94818]]}},{"type":"Feature","properties":{"id":"EUR_TRCS140","name":null,"slip_type":"Dextral","catalog_name":"SHARE","catalog_id":"EUR_TRCS140","average_dip":"(85.0,85,85)","dip_dir":null,"net_slip_rate":"(4.0,3.0,5.0)"},"geometry":{"type":"LineString","coordinates":[[40.45002,38.96459],[40.35522,38.97944],[40.25349,39.01216],[40.14577,39.03002],[40.04678,39.06761]]}},{"type":"Feature","properties":{"id":"EUR_TRCS141","name":null,"slip_type":"Dextral","catalog_name":"SHARE","catalog_id":"EUR_TRCS141","average_dip":"(85.0,85,85)","dip_dir":null,"net_slip_rate":"(3.0,1.0,5.0)"},"geometry":{"type":"LineString","coordinates":[[40.1193,39.07119],[40.02182,39.07823],[39.91801,39.11967],[39.81419,39.1612],[39.70262,39.18815],[39.58709,39.20198],[39.47024,39.20515],[39.35687,39.22735]]}},{"type":"Feature","properties":{"id":"EUR_TRCS142","name":null,"slip_type":"Dextral","catalog_name":"SHARE","catalog_id":"EUR_TRCS142","average_dip":"(85.0,85,85)","dip_dir":null,"net_slip_rate":"(1.5,1.0,2.0)"},"geometry":{"type":"LineString","coordinates":[[40.24025,38.90646],[40.17461,38.96147],[40.10896,39.0165]]}},{"type":"Feature","properties":{"id":"EUR_TRCS143","name":null,"slip_type":"Dextral","catalog_name":"SHARE","catalog_id":"EUR_TRCS143","average_dip":"(85.0,85,85)","dip_dir":null,"net_slip_rate":"(1.5,1.0,2.0)"},"geometry":{"type":"LineString","coordinates":[[40.07251,39.02257],[40.13608,38.97577],[40.20231,38.92778]]}},{"type":"Feature","properties":{"id":"EUR_TRCS144","name":null,"slip_type":"Dextral","catalog_name":"SHARE","catalog_id":"EUR_TRCS144","average_dip":"(85.0,85,85)","dip_dir":null,"net_slip_rate":"(1.5,1.0,2.0)"},"geometry":{"type":"LineString","coordinates":[[40.10256,38.99026],[40.14898,38.92686],[40.22675,38.88534]]}},{"type":"Feature","properties":{"id":"EUR_TRCS145","name":null,"slip_type":"Dextral","catalog_name":"SHARE","catalog_id":"EUR_TRCS145","average_dip":"(85.0,85,85)","dip_dir":null,"net_slip_rate":"(1.5,1.0,2.0)"},"geometry":{"type":"LineString","coordinates":[[40.2742,38.92959],[40.14859,39.009]]}},{"type":"Feature","properties":{"id":"EUR_TRCS146","name":null,"slip_type":"Dextral","catalog_name":"SHARE","catalog_id":"EUR_TRCS146","average_dip":"(84.0,84,84)","dip_dir":null,"net_slip_rate":"(3.0,1.0,5.0)"},"geometry":{"type":"LineString","coordinates":[[40.55067,38.93003],[40.51014,38.99637],[40.429,39.04722],[40.32484,39.05136]]}},{"type":"Feature","properties":{"id":"EUR_TRCS147","name":null,"slip_type":"Sinistral","catalog_name":"SHARE","catalog_id":"EUR_TRCS147","average_dip":"(85.0,85,85)","dip_dir":null,"net_slip_rate":"(2.3,2.3,2.3)"},"geometry":{"type":"LineString","coordinates":[[40.38502,40.10559],[40.30993,40.06524],[40.21554,40.01859],[40.11194,39.98541],[40.00317,39.96422],[39.8916,39.95498],[39.77996,39.94638],[39.66942,39.93173],[39.56335,39.90378],[39.45377,39.88562],[39.34173,39.8829]]}},{"type":"Feature","properties":{"id":"EUR_TRCS148","name":null,"slip_type":"Dextral","catalog_name":"SHARE","catalog_id":"EUR_TRCS148","average_dip":"(84.0,84,84)","dip_dir":null,"net_slip_rate":"(1.5,1.0,2.0101)"},"geometry":{"type":"LineString","coordinates":[[33.17831,39.37291],[33.11877,39.42227],[33.05921,39.47163]]}},{"type":"Feature","properties":{"id":"EUR_TRCS149","name":null,"slip_type":"Normal","catalog_name":"SHARE","catalog_id":"EUR_TRCS149","average_dip":"(60.0,60,60)","dip_dir":null,"net_slip_rate":"(2.3,1.1547,3.4641)"},"geometry":{"type":"LineString","coordinates":[[40.86129,39.15674],[40.87165,39.2552],[40.79787,39.34109]]}},{"type":"Feature","properties":{"id":"EUR_TRCS150","name":null,"slip_type":"Dextral","catalog_name":"SHARE","catalog_id":"EUR_TRCS150","average_dip":"(85.0,85,85)","dip_dir":null,"net_slip_rate":"(3.0,1.0,5.0)"},"geometry":{"type":"LineString","coordinates":[[40.77361,39.08428],[40.72346,39.19775]]}},{"type":"Feature","properties":{"id":"EUR_TRCS151","name":null,"slip_type":"Dextral","catalog_name":"SHARE","catalog_id":"EUR_TRCS151","average_dip":"(85.0,85,85)","dip_dir":null,"net_slip_rate":"(2.0,1.0,3.0)"},"geometry":{"type":"LineString","coordinates":[[40.43418,38.65691],[40.52023,38.61644],[40.60163,38.57048],[40.69686,38.54571]]}},{"type":"Feature","properties":{"id":"EUR_TRCS152","name":null,"slip_type":"Sinistral","catalog_name":"SHARE","catalog_id":"EUR_TRCS152","average_dip":"(85.0,85,85)","dip_dir":null,"net_slip_rate":"(1.5,1.0,2.0)"},"geometry":{"type":"LineString","coordinates":[[40.61288,39.17316],[40.54305,39.10176],[40.46566,39.03517]]}},{"type":"Feature","properties":{"id":"EUR_TRCS153","name":null,"slip_type":"Sinistral","catalog_name":"SHARE","catalog_id":"EUR_TRCS153","average_dip":"(85.0,85,85)","dip_dir":null,"net_slip_rate":"(1.5,1.0,2.0)"},"geometry":{"type":"LineString","coordinates":[[40.51751,39.10865],[40.52396,39.16781]]}},{"type":"Feature","properties":{"id":"EUR_TRCS154","name":null,"slip_type":"Sinistral","catalog_name":"SHARE","catalog_id":"EUR_TRCS154","average_dip":"(87.5,85,90)","dip_dir":null,"net_slip_rate":"(1.5,1.0,2.0)"},"geometry":{"type":"LineString","coordinates":[[40.68956,39.13727],[40.68131,39.06755],[40.62283,39.00933]]}},{"type":"Feature","properties":{"id":"EUR_TRCS155","name":null,"slip_type":"Sinistral","catalog_name":"SHARE","catalog_id":"EUR_TRCS155","average_dip":"(75.0,70,80)","dip_dir":null,"net_slip_rate":"(1.5,1.0,2.0)"},"geometry":{"type":"LineString","coordinates":[[40.70493,39.33798],[40.64095,39.28298],[40.56982,39.21957],[40.49383,39.15968],[40.42865,39.0926]]}},{"type":"Feature","properties":{"id":"EUR_TRCS156","name":null,"slip_type":"Sinistral-Reverse","catalog_name":"SHARE","catalog_id":"EUR_TRCS156","average_dip":"(62.5,45,80)","dip_dir":null,"net_slip_rate":"(2.8,1.0,4.6904)"},"geometry":{"type":"LineString","coordinates":[[40.4985,39.16609],[40.40875,39.12969],[40.30123,39.08732],[40.18141,39.07706]]}},{"type":"Feature","properties":{"id":"EUR_TRCS157","name":null,"slip_type":"Sinistral-Reverse","catalog_name":"SHARE","catalog_id":"EUR_TRCS157","average_dip":"(61.0,61,61)","dip_dir":null,"net_slip_rate":"(2.1,1.519,2.7348)"},"geometry":{"type":"LineString","coordinates":[[39.73727,39.5266],[39.8279,39.54527]]}},{"type":"Feature","properties":{"id":"EUR_TRCS158","name":null,"slip_type":"Sinistral","catalog_name":"SHARE","catalog_id":"EUR_TRCS158","average_dip":"(80.0,80,80)","dip_dir":null,"net_slip_rate":"(1.5,1.0,2.0)"},"geometry":{"type":"LineString","coordinates":[[39.6811,39.48208],[39.72825,39.51455]]}},{"type":"Feature","properties":{"id":"EUR_TRCS159","name":null,"slip_type":"Sinistral","catalog_name":"SHARE","catalog_id":"EUR_TRCS159","average_dip":"(80.0,80,80)","dip_dir":null,"net_slip_rate":"(1.5,1.0,2.0)"},"geometry":{"type":"LineString","coordinates":[[39.55835,39.40202],[39.66821,39.47585]]}},{"type":"Feature","properties":{"id":"EUR_TRCS160","name":null,"slip_type":"Sinistral-Reverse","catalog_name":"SHARE","catalog_id":"EUR_TRCS160","average_dip":"(62.5,45,80)","dip_dir":null,"net_slip_rate":"(2.1,1.0,3.1672)"},"geometry":{"type":"LineString","coordinates":[[39.68212,39.52913],[39.58281,39.51557],[39.47335,39.47916],[39.36158,39.4473],[39.25307,39.40942],[39.14625,39.36886],[39.04207,39.32449],[38.93747,39.2808],[38.83595,39.23304]]}},{"type":"Feature","properties":{"id":"EUR_TRCS161","name":null,"slip_type":"Sinistral","catalog_name":"SHARE","catalog_id":"EUR_TRCS161","average_dip":"(70.0,70,70)","dip_dir":null,"net_slip_rate":"(1.5,1.0,2.0696)"},"geometry":{"type":"LineString","coordinates":[[39.29692,39.34274],[39.20365,39.3492],[39.11233,39.30555],[39.02897,39.25328]]}},{"type":"Feature","properties":{"id":"EUR_TRCS162","name":null,"slip_type":"Sinistral-Reverse","catalog_name":"SHARE","catalog_id":"EUR_TRCS162","average_dip":"(61.0,61,61)","dip_dir":null,"net_slip_rate":"(2.1,1.519,2.7348)"},"geometry":{"type":"LineString","coordinates":[[39.39637,39.47455],[39.45313,39.52823]]}},{"type":"Feature","properties":{"id":"EUR_TRCS163","name":null,"slip_type":"Sinistral","catalog_name":"SHARE","catalog_id":"EUR_TRCS163","average_dip":"(70.0,70,70)","dip_dir":null,"net_slip_rate":"(1.6,1.0,2.2655)"},"geometry":{"type":"LineString","coordinates":[[38.3494,38.96811],[38.45395,39.03166],[38.55856,39.09525],[38.66323,39.15887]]}},{"type":"Feature","properties":{"id":"EUR_TRCS164","name":null,"slip_type":"Sinistral","catalog_name":"SHARE","catalog_id":"EUR_TRCS164","average_dip":"(85.0,85,85)","dip_dir":null,"net_slip_rate":"(2.1,1.0,3.1635)"},"geometry":{"type":"LineString","coordinates":[[38.38301,39.47772],[38.42652,39.4309],[38.40949,39.34875],[38.4175,39.26577],[38.40067,39.18359],[38.36879,39.10415],[38.3287,39.02698]]}},{"type":"Feature","properties":{"id":"EUR_TRCS165","name":null,"slip_type":"Sinistral","catalog_name":"SHARE","catalog_id":"EUR_TRCS165","average_dip":"(87.5,85,90)","dip_dir":null,"net_slip_rate":"(2.1,1.0,3.1635)"},"geometry":{"type":"LineString","coordinates":[[38.32701,39.09493],[38.30065,39.03481],[38.26909,38.94725],[38.23049,38.86142],[38.20077,38.77348],[38.16954,38.68587],[38.13168,38.59988],[38.0715,38.52206],[38.02451,38.4389],[37.97557,38.35645],[37.92664,38.27401],[37.87326,38.19333],[37.79202,38.12861],[37.69692,38.07695],[37.59288,38.03747],[37.49485,37.98947]]}},{"type":"Feature","properties":{"id":"EUR_TRCS166","name":null,"slip_type":"Sinistral","catalog_name":"SHARE","catalog_id":"EUR_TRCS166","average_dip":"(62.5,45,80)","dip_dir":null,"net_slip_rate":"(2.0,1.0,3.0)"},"geometry":{"type":"LineString","coordinates":[[38.89597,39.23253],[38.78392,39.19014],[38.65647,39.1705],[38.52676,39.16471],[38.41132,39.11857]]}},{"type":"Feature","properties":{"id":"EUR_TRCS167","name":null,"slip_type":"Sinistral-Reverse","catalog_name":"SHARE","catalog_id":"EUR_TRCS167","average_dip":"(61.0,61,61)","dip_dir":null,"net_slip_rate":"(2.1,1.519,2.7348)"},"geometry":{"type":"LineString","coordinates":[[39.46434,39.65831],[39.51438,39.72929]]}},{"type":"Feature","properties":{"id":"EUR_TRCS168","name":null,"slip_type":"Sinistral","catalog_name":"SHARE","catalog_id":"EUR_TRCS168","average_dip":"(77.5,70,85)","dip_dir":null,"net_slip_rate":"(2.1,1.0,3.1635)"},"geometry":{"type":"LineString","coordinates":[[35.99363,39.15706],[36.085,39.21214],[36.18308,39.26592],[36.27687,39.32417],[36.3451,39.40084],[36.46442,39.41356],[36.57356,39.45302],[36.68275,39.49248],[36.79837,39.519],[36.91501,39.54284],[37.03169,39.56668]]}},{"type":"Feature","properties":{"id":"EUR_TRCS169","name":null,"slip_type":"Sinistral","catalog_name":"SHARE","catalog_id":"EUR_TRCS169","average_dip":"(72.5,70,75)","dip_dir":null,"net_slip_rate":"(2.1,1.0,3.1736)"},"geometry":{"type":"LineString","coordinates":[[35.89774,39.01528],[35.98534,39.06626],[36.08108,39.12144],[36.19768,39.14104],[36.31358,39.16313],[36.42653,39.19311],[36.54062,39.2205],[36.65233,39.25336],[36.75323,39.303],[36.856,39.3504],[36.95882,39.39781],[37.06102,39.44611],[37.15611,39.50248]]}},{"type":"Feature","properties":{"id":"EUR_TRCS170","name":null,"slip_type":"Sinistral","catalog_name":"SHARE","catalog_id":"EUR_TRCS170","average_dip":"(80.0,75,85)","dip_dir":null,"net_slip_rate":"(2.1,1.0,3.1736)"},"geometry":{"type":"LineString","coordinates":[[36.79749,39.31561],[36.87255,39.34009],[36.97864,39.37468],[37.08633,39.40627],[37.19517,39.43552],[37.30414,39.46458],[37.41602,39.48617],[37.5234,39.51873],[37.63799,39.50831],[37.75294,39.50064],[37.86704,39.51387],[37.97852,39.5369]]}},{"type":"Feature","properties":{"id":"EUR_TRCS171","name":null,"slip_type":"Sinistral","catalog_name":"SHARE","catalog_id":"EUR_TRCS171","average_dip":"(87.5,85,90)","dip_dir":null,"net_slip_rate":"(2.1,1.0,3.1635)"},"geometry":{"type":"LineString","coordinates":[[35.68373,39.37574],[35.76082,39.44204],[35.83878,39.50908],[35.91677,39.57615],[35.9948,39.64325],[36.06818,39.71344],[36.15852,39.7708],[36.26004,39.81588]]}},{"type":"Feature","properties":{"id":"EUR_TRCS172","name":null,"slip_type":"Sinistral","catalog_name":"SHARE","catalog_id":"EUR_TRCS172","average_dip":"(85.0,85,85)","dip_dir":null,"net_slip_rate":"(2.1,1.0,3.1635)"},"geometry":{"type":"LineString","coordinates":[[35.46162,39.42414],[35.38531,39.37091],[35.30904,39.31771],[35.23279,39.26453]]}},{"type":"Feature","properties":{"id":"EUR_TRCS173","name":null,"slip_type":"Sinistral","catalog_name":"SHARE","catalog_id":"EUR_TRCS173","average_dip":"(84.0,84,84)","dip_dir":null,"net_slip_rate":"(2.1,1.0,3.164)"},"geometry":{"type":"LineString","coordinates":[[36.05919,39.66324],[36.11683,39.69652],[36.21518,39.74988],[36.33443,39.76275],[36.43345,39.81546],[36.54596,39.84869],[36.66166,39.8748],[36.77452,39.90751],[36.89266,39.92644],[37.01093,39.94502],[37.12973,39.9616]]}},{"type":"Feature","properties":{"id":"EUR_TRCS174","name":null,"slip_type":"Sinistral","catalog_name":"SHARE","catalog_id":"EUR_TRCS174","average_dip":"(84.0,84,84)","dip_dir":null,"net_slip_rate":"(2.1,1.0,3.164)"},"geometry":{"type":"LineString","coordinates":[[36.39798,39.76389],[36.4894,39.79071],[36.57727,39.8273],[36.67597,39.83959]]}},{"type":"Feature","properties":{"id":"EUR_TRCS175","name":null,"slip_type":"Sinistral","catalog_name":"SHARE","catalog_id":"EUR_TRCS175","average_dip":"(85.0,85,85)","dip_dir":null,"net_slip_rate":"(2.1,1.0,3.1635)"},"geometry":{"type":"LineString","coordinates":[[36.2365,39.87869],[36.12949,39.84027],[36.02392,39.79939],[35.92839,39.74595]]}},{"type":"Feature","properties":{"id":"EUR_TRCS176","name":null,"slip_type":"Sinistral","catalog_name":"SHARE","catalog_id":"EUR_TRCS176","average_dip":"(85.0,85,85)","dip_dir":null,"net_slip_rate":"(2.1,1.0,3.1635)"},"geometry":{"type":"LineString","coordinates":[[35.86934,39.69227],[35.79184,39.67632]]}},{"type":"Feature","properties":{"id":"EUR_TRCS177","name":null,"slip_type":"Sinistral","catalog_name":"SHARE","catalog_id":"EUR_TRCS177","average_dip":"(85.0,85,85)","dip_dir":null,"net_slip_rate":"(2.1,1.0,3.1635)"},"geometry":{"type":"LineString","coordinates":[[35.83221,39.71156],[35.71919,39.65617],[35.59468,39.61564]]}},{"type":"Feature","properties":{"id":"EUR_TRCS178","name":null,"slip_type":"Sinistral","catalog_name":"SHARE","catalog_id":"EUR_TRCS178","average_dip":"(87.5,85,90)","dip_dir":null,"net_slip_rate":"(2.1,1.0,3.1635)"},"geometry":{"type":"LineString","coordinates":[[35.65987,39.69995],[35.57597,39.66288],[35.47505,39.62583],[35.41799,39.55181],[35.33247,39.49648],[35.26066,39.4306],[35.18887,39.36476],[35.11712,39.29894]]}},{"type":"Feature","properties":{"id":"EUR_TRCS179","name":null,"slip_type":"Sinistral","catalog_name":"SHARE","catalog_id":"EUR_TRCS179","average_dip":"(70.0,70,70)","dip_dir":null,"net_slip_rate":"(1.6,1.0,2.2655)"},"geometry":{"type":"LineString","coordinates":[[35.13829,38.0449],[35.12886,38.13012],[35.11861,38.22289],[35.0992,38.31475],[35.07553,38.406],[35.05891,38.49821],[35.122,38.57718],[35.18511,38.65617],[35.27355,38.71867],[35.37123,38.77222],[35.46895,38.8258],[35.56672,38.87941],[35.66455,38.93304],[35.76242,38.9867]]}},{"type":"Feature","properties":{"id":"EUR_TRCS180","name":null,"slip_type":"Sinistral","catalog_name":"SHARE","catalog_id":"EUR_TRCS180","average_dip":"(70.0,70,70)","dip_dir":null,"net_slip_rate":"(1.6,1.0,2.2655)"},"geometry":{"type":"LineString","coordinates":[[35.4957,38.37582],[35.45958,38.30156],[35.42347,38.2273],[35.38736,38.15306],[35.35125,38.07883]]}},{"type":"Feature","properties":{"id":"EUR_TRCS181","name":null,"slip_type":"Sinistral","catalog_name":"SHARE","catalog_id":"EUR_TRCS181","average_dip":"(80.0,80,80)","dip_dir":null,"net_slip_rate":"(2.0,1.0,3.0)"},"geometry":{"type":"LineString","coordinates":[[35.90561,38.96827],[35.82749,38.9098],[35.74941,38.85136],[35.67137,38.79294],[35.59336,38.73455]]}},{"type":"Feature","properties":{"id":"EUR_TRCS182","name":null,"slip_type":"Sinistral","catalog_name":"SHARE","catalog_id":"EUR_TRCS182","average_dip":"(85.0,85,85)","dip_dir":null,"net_slip_rate":"(2.0,1.0,3.0)"},"geometry":{"type":"LineString","coordinates":[[35.15381,38.81755],[35.06143,38.78858],[34.96909,38.75963],[34.87677,38.73069]]}},{"type":"Feature","properties":{"id":"EUR_TRCS183","name":null,"slip_type":"Sinistral","catalog_name":"SHARE","catalog_id":"EUR_TRCS183","average_dip":"(85.0,85,85)","dip_dir":null,"net_slip_rate":"(2.0,1.0,3.0)"},"geometry":{"type":"LineString","coordinates":[[35.1079,38.89117],[35.22308,38.88651],[35.33678,38.90644]]}},{"type":"Feature","properties":{"id":"EUR_TRCS184","name":null,"slip_type":"Sinistral","catalog_name":"SHARE","catalog_id":"EUR_TRCS184","average_dip":"(87.5,85,90)","dip_dir":null,"net_slip_rate":"(2.0,1.0,3.0)"},"geometry":{"type":"LineString","coordinates":[[35.29144,38.81267],[35.37824,38.86903],[35.46842,38.92758],[35.56065,38.98423],[35.6595,39.03376],[35.75677,39.08523],[35.85171,39.13932],[35.94835,39.19166],[36.02167,39.26326],[36.10322,39.32937],[36.18981,39.39159],[36.27645,39.45383]]}},{"type":"Feature","properties":{"id":"EUR_TRCS185","name":null,"slip_type":"Sinistral","catalog_name":"SHARE","catalog_id":"EUR_TRCS185","average_dip":"(87.5,85,90)","dip_dir":null,"net_slip_rate":"(1.5,0.0001,3.0)"},"geometry":{"type":"LineString","coordinates":[[36.35901,39.44215],[36.39107,39.50653],[36.43697,39.58456],[36.52913,39.63251],[36.62288,39.67866],[36.7298,39.70256],[36.83788,39.72328],[36.93589,39.76402],[37.02834,39.81193],[37.12082,39.85986]]}},{"type":"Feature","properties":{"id":"EUR_TRCS186","name":null,"slip_type":"Sinistral-Normal","catalog_name":"SHARE","catalog_id":"EUR_TRCS186","average_dip":"(85.0,85,85)","dip_dir":null,"net_slip_rate":"(1.1,0.0001,2.2429)"},"geometry":{"type":"LineString","coordinates":[[36.90769,39.70548],[37.03682,39.70529],[37.13138,39.7763],[37.22316,39.84951]]}},{"type":"Feature","properties":{"id":"EUR_TRCS187","name":null,"slip_type":"Sinistral-Reverse","catalog_name":"SHARE","catalog_id":"EUR_TRCS187","average_dip":"(60.0,60,60)","dip_dir":null,"net_slip_rate":"(0.6,0.0001,1.2583)"},"geometry":{"type":"LineString","coordinates":[[37.06546,39.82753],[37.14195,39.85358],[37.24882,39.88998],[37.35961,39.91875],[37.47657,39.92054],[37.59262,39.93201],[37.70944,39.92702],[37.82248,39.90391],[37.93917,39.8978],[38.0535,39.87894],[38.16779,39.86008]]}},{"type":"Feature","properties":{"id":"EUR_TRCS188","name":null,"slip_type":"Sinistral","catalog_name":"SHARE","catalog_id":"EUR_TRCS188","average_dip":"(85.0,85,85)","dip_dir":null,"net_slip_rate":"(1.0,0.0001,2.0)"},"geometry":{"type":"LineString","coordinates":[[35.68204,39.10037],[35.75521,39.16269],[35.8284,39.22503],[35.90162,39.28739],[35.97487,39.34977],[36.04815,39.41218]]}},{"type":"Feature","properties":{"id":"EUR_TRCS189","name":null,"slip_type":"Sinistral","catalog_name":"SHARE","catalog_id":"EUR_TRCS189","average_dip":"(85.0,85,85)","dip_dir":null,"net_slip_rate":"(1.0,0.0001,2.0)"},"geometry":{"type":"LineString","coordinates":[[35.52989,39.0178],[35.38851,38.9531]]}},{"type":"Feature","properties":{"id":"EUR_TRCS190","name":null,"slip_type":"Dextral","catalog_name":"SHARE","catalog_id":"EUR_TRCS190","average_dip":"(85.0,85,85)","dip_dir":null,"net_slip_rate":"(1.0,0.0001,2.0)"},"geometry":{"type":"LineString","coordinates":[[35.41472,39.09683],[35.31096,39.13073],[35.20716,39.16463],[35.10332,39.19855],[34.99944,39.23248],[34.89552,39.26643]]}},{"type":"Feature","properties":{"id":"EUR_TRCS191","name":null,"slip_type":"Dextral-Normal","catalog_name":"SHARE","catalog_id":"EUR_TRCS191","average_dip":"(80.0,80,80)","dip_dir":null,"net_slip_rate":"(1.5,0.0001,3.0427)"},"geometry":{"type":"LineString","coordinates":[[32.94143,38.6589],[32.8343,38.68449],[32.7304,38.72187],[32.63539,38.77169],[32.54034,38.82153],[32.44524,38.8714],[32.35347,38.92498],[32.25611,38.97231],[32.1688,39.03035],[32.07637,39.08345],[31.98217,39.13473],[31.88793,39.18604]]}},{"type":"Feature","properties":{"id":"EUR_TRCS192","name":null,"slip_type":"Dextral-Normal","catalog_name":"SHARE","catalog_id":"EUR_TRCS192","average_dip":"(70.0,70,70)","dip_dir":null,"net_slip_rate":"(1.6,0.0001,3.1832)"},"geometry":{"type":"LineString","coordinates":[[32.40789,38.86846],[32.30952,38.89328],[32.21327,38.93248],[32.16939,39.00983]]}},{"type":"Feature","properties":{"id":"EUR_TRCS193","name":null,"slip_type":"Dextral-Normal","catalog_name":"SHARE","catalog_id":"EUR_TRCS193","average_dip":"(70.0,70,70)","dip_dir":null,"net_slip_rate":"(1.5,0.0001,3.0468)"},"geometry":{"type":"LineString","coordinates":[[32.84538,38.76466],[32.8139,38.78541],[32.74317,38.85249],[32.65631,38.90693],[32.58601,38.97437],[32.49505,39.02476],[32.40405,39.07517],[32.32115,39.13347],[32.24143,39.19442],[32.1614,39.25519],[32.08732,39.32037],[32.02311,39.39159]]}},{"type":"Feature","properties":{"id":"EUR_TRCS194","name":null,"slip_type":"Dextral","catalog_name":"SHARE","catalog_id":"EUR_TRCS194","average_dip":"(80.0,80,80)","dip_dir":null,"net_slip_rate":"(1.5,0.0001,3.0)"},"geometry":{"type":"LineString","coordinates":[[32.98139,38.84558],[32.95377,38.88455],[32.89708,38.96454],[32.80273,39.01901],[32.70413,39.06881],[32.62388,39.13564],[32.5432,39.20221],[32.45012,39.2583],[32.35699,39.31441],[32.26382,39.37056],[32.1706,39.42673],[32.07733,39.48293]]}},{"type":"Feature","properties":{"id":"EUR_TRCS195","name":null,"slip_type":"Dextral-Normal","catalog_name":"SHARE","catalog_id":"EUR_TRCS195","average_dip":"(70.0,70,70)","dip_dir":null,"net_slip_rate":"(1.6,0.0001,3.1832)"},"geometry":{"type":"LineString","coordinates":[[32.03114,39.25201],[31.93615,39.36624],[31.83982,39.41151],[31.76372,39.47584],[31.6636,39.51613],[31.60928,39.59254],[31.50054,39.61649],[31.39525,39.64836],[31.28212,39.65049],[31.16896,39.65132],[31.05583,39.64892],[30.94843,39.67642],[30.8427,39.70761]]}},{"type":"Feature","properties":{"id":"EUR_TRCS196","name":null,"slip_type":"Dextral-Normal","catalog_name":"SHARE","catalog_id":"EUR_TRCS196","average_dip":"(70.0,70,70)","dip_dir":null,"net_slip_rate":"(1.6,0.0001,3.1832)"},"geometry":{"type":"LineString","coordinates":[[31.79708,39.29237],[31.70583,39.33814],[31.60218,39.39015],[31.49846,39.44218],[31.38403,39.4785],[31.26924,39.5143],[31.15452,39.55032],[31.03975,39.58636],[30.92492,39.62242]]}},{"type":"Feature","properties":{"id":"EUR_TRCS197","name":null,"slip_type":"Dextral-Normal","catalog_name":"SHARE","catalog_id":"EUR_TRCS197","average_dip":"(65.0,60,70)","dip_dir":null,"net_slip_rate":"(1.6,0.0001,3.1832)"},"geometry":{"type":"LineString","coordinates":[[31.21147,39.87567],[31.09368,39.90595],[30.97301,39.93697],[30.85206,39.90658],[30.73785,39.8636]]}},{"type":"Feature","properties":{"id":"EUR_TRCS198","name":null,"slip_type":"Dextral-Normal","catalog_name":"SHARE","catalog_id":"EUR_TRCS198","average_dip":"(56.0,56,56)","dip_dir":null,"net_slip_rate":"(1.6,0.0001,3.2334)"},"geometry":{"type":"LineString","coordinates":[[30.72726,39.81731],[30.60225,39.85183],[30.47105,39.87661],[30.34022,39.8507]]}},{"type":"Feature","properties":{"id":"EUR_TRCS199","name":null,"slip_type":"Dextral-Normal","catalog_name":"SHARE","catalog_id":"EUR_TRCS199","average_dip":"(70.0,70,70)","dip_dir":null,"net_slip_rate":"(1.6,0.0001,3.1832)"},"geometry":{"type":"LineString","coordinates":[[30.71249,39.6683],[30.62247,39.70074],[30.52475,39.73156],[30.42099,39.74685],[30.32295,39.7772],[30.22487,39.80756]]}},{"type":"Feature","properties":{"id":"EUR_TRCS200","name":null,"slip_type":"Dextral-Normal","catalog_name":"SHARE","catalog_id":"EUR_TRCS200","average_dip":"(70.0,70,70)","dip_dir":null,"net_slip_rate":"(1.6,0.0001,3.1832)"},"geometry":{"type":"LineString","coordinates":[[29.9795,39.91704],[30.08752,39.8981],[30.1955,39.87917],[30.30345,39.86024]]}},{"type":"Feature","properties":{"id":"EUR_TRCS201","name":null,"slip_type":"Dextral-Normal","catalog_name":"SHARE","catalog_id":"EUR_TRCS201","average_dip":"(70.0,70,70)","dip_dir":null,"net_slip_rate":"(1.6,0.0001,3.1832)"},"geometry":{"type":"LineString","coordinates":[[30.07757,39.8126],[30.24584,39.81475]]}},{"type":"Feature","properties":{"id":"EUR_TRCS202","name":null,"slip_type":"Dextral-Normal","catalog_name":"SHARE","catalog_id":"EUR_TRCS202","average_dip":"(72.5,70,75)","dip_dir":null,"net_slip_rate":"(1.6,0.0001,3.1736)"},"geometry":{"type":"LineString","coordinates":[[30.06152,39.85431],[30.02287,39.86008],[29.91502,39.88797],[29.80317,39.90427],[29.69616,39.93416],[29.60178,39.9831],[29.50281,40.02648],[29.41757,40.08454],[29.32326,40.13379],[29.21728,40.16646]]}},{"type":"Feature","properties":{"id":"EUR_TRCS203","name":null,"slip_type":"Normal","catalog_name":"SHARE","catalog_id":"EUR_TRCS203","average_dip":"(40.0,40,40)","dip_dir":null,"net_slip_rate":"None"},"geometry":{"type":"LineString","coordinates":[[32.2552,37.74943],[32.17059,37.80336],[32.08563,37.85752],[32.00063,37.9117],[31.91559,37.96591],[31.83051,38.02014],[31.7454,38.0744],[31.66025,38.12868],[31.58028,38.18769],[31.51202,38.25522],[31.44373,38.32277],[31.37542,38.39035]]}},{"type":"Feature","properties":{"id":"EUR_TRCS204","name":null,"slip_type":"Normal","catalog_name":"SHARE","catalog_id":"EUR_TRCS204","average_dip":"(40.0,40,40)","dip_dir":null,"net_slip_rate":"None"},"geometry":{"type":"LineString","coordinates":[[31.36682,38.40808],[31.27861,38.47697],[31.18642,38.54346],[31.07396,38.58699]]}},{"type":"Feature","properties":{"id":"EUR_TRCS205","name":null,"slip_type":"Sinistral-Normal","catalog_name":"SHARE","catalog_id":"EUR_TRCS205","average_dip":"(54.0,54,54)","dip_dir":null,"net_slip_rate":"None"},"geometry":{"type":"LineString","coordinates":[[31.07332,38.5856],[30.93683,38.59736],[30.80032,38.60912]]}},{"type":"Feature","properties":{"id":"EUR_TRCS206","name":null,"slip_type":"Dextral-Normal","catalog_name":"SHARE","catalog_id":"EUR_TRCS206","average_dip":"(50.0,50,50)","dip_dir":null,"net_slip_rate":"None"},"geometry":{"type":"LineString","coordinates":[[30.3343,38.71007],[30.23504,38.7178],[30.12719,38.7262],[30.01903,38.73182],[29.92003,38.76632],[29.821,38.80083]]}},{"type":"Feature","properties":{"id":"EUR_TRCS207","name":null,"slip_type":"Dextral-Normal","catalog_name":"SHARE","catalog_id":"EUR_TRCS207","average_dip":"(50.0,50,50)","dip_dir":null,"net_slip_rate":"None"},"geometry":{"type":"LineString","coordinates":[[29.77011,38.78657],[29.66204,38.81518],[29.56267,38.85958],[29.47981,38.92125]]}},{"type":"Feature","properties":{"id":"EUR_TRCS208","name":null,"slip_type":"Normal","catalog_name":"SHARE","catalog_id":"EUR_TRCS208","average_dip":"(52.0,52,52)","dip_dir":null,"net_slip_rate":"None"},"geometry":{"type":"LineString","coordinates":[[29.66097,38.99562],[29.55886,38.96912],[29.44821,38.9404],[29.33166,38.94398],[29.22659,38.98343],[29.12148,39.0229],[29.01632,39.06238],[28.91111,39.10188]]}},{"type":"Feature","properties":{"id":"EUR_TRCS209","name":null,"slip_type":"Normal","catalog_name":"SHARE","catalog_id":"EUR_TRCS209","average_dip":"(56.0,56,56)","dip_dir":null,"net_slip_rate":"None"},"geometry":{"type":"LineString","coordinates":[[28.42079,39.18864],[28.5421,39.16871],[28.66337,39.14878],[28.78461,39.12886],[28.90582,39.10894]]}},{"type":"Feature","properties":{"id":"EUR_TRCS210","name":null,"slip_type":"Normal","catalog_name":"SHARE","catalog_id":"EUR_TRCS210","average_dip":"(50.0,50,50)","dip_dir":null,"net_slip_rate":"(5.0,4.9605,5.0246)"},"geometry":{"type":"LineString","coordinates":[[28.02345,39.26456],[28.12655,39.22521],[28.22959,39.18588],[28.33259,39.14657]]}},{"type":"Feature","properties":{"id":"EUR_TRCS211","name":null,"slip_type":"Normal","catalog_name":"SHARE","catalog_id":"EUR_TRCS211","average_dip":"(50.0,50,50)","dip_dir":null,"net_slip_rate":"(0.7,0.0001,1.3054)"},"geometry":{"type":"LineString","coordinates":[[31.59987,38.38352],[31.63266,38.46969],[31.69412,38.56779]]}},{"type":"Feature","properties":{"id":"EUR_TRCS212","name":null,"slip_type":"Normal","catalog_name":"SHARE","catalog_id":"EUR_TRCS212","average_dip":"(50.0,50,50)","dip_dir":null,"net_slip_rate":"(0.7,0.0001,1.3092)"},"geometry":{"type":"LineString","coordinates":[[31.58986,38.67457],[31.51049,38.63209],[31.41368,38.59634],[31.32845,38.647]]}},{"type":"Feature","properties":{"id":"EUR_TRCS213","name":null,"slip_type":"Normal","catalog_name":"SHARE","catalog_id":"EUR_TRCS213","average_dip":"(50.0,50,50)","dip_dir":null,"net_slip_rate":"(0.7,0.0001,1.3054)"},"geometry":{"type":"LineString","coordinates":[[31.32845,38.647],[31.38791,38.71739],[31.43812,38.79345],[31.46109,38.87709],[31.48407,38.96075]]}},{"type":"Feature","properties":{"id":"EUR_TRCS214","name":null,"slip_type":"Sinistral","catalog_name":"SHARE","catalog_id":"EUR_TRCS214","average_dip":"(70.0,70,70)","dip_dir":null,"net_slip_rate":"(2.1,1.0,3.1832)"},"geometry":{"type":"LineString","coordinates":[[43.93669,38.40307],[43.94,38.32014],[43.9135,38.23505],[43.8494,38.1634],[43.78533,38.09177]]}},{"type":"Feature","properties":{"id":"EUR_TRCS215","name":null,"slip_type":"Normal","catalog_name":"SHARE","catalog_id":"EUR_TRCS215","average_dip":"(50.0,50,50)","dip_dir":null,"net_slip_rate":"(0.7,0.0001,1.3054)"},"geometry":{"type":"LineString","coordinates":[[31.21104,38.71843],[31.27788,38.793],[31.34475,38.8676]]}},{"type":"Feature","properties":{"id":"EUR_TRCS216","name":null,"slip_type":"Normal","catalog_name":"SHARE","catalog_id":"EUR_TRCS216","average_dip":"(50.0,50,50)","dip_dir":null,"net_slip_rate":"(0.7,0.0001,1.3092)"},"geometry":{"type":"LineString","coordinates":[[31.21104,38.71843],[31.09937,38.77556],[31.03033,38.86914]]}},{"type":"Feature","properties":{"id":"EUR_TRCS217","name":null,"slip_type":"Normal","catalog_name":"SHARE","catalog_id":"EUR_TRCS217","average_dip":"(50.0,50,50)","dip_dir":null,"net_slip_rate":"(0.7,0.0001,1.3054)"},"geometry":{"type":"LineString","coordinates":[[30.90542,39.01697],[30.92363,38.9402],[30.96948,38.86144],[31.01406,38.78226],[30.98967,38.69791]]}},{"type":"Feature","properties":{"id":"EUR_TRCS218","name":null,"slip_type":"Dextral-Normal","catalog_name":"SHARE","catalog_id":"EUR_TRCS218","average_dip":"(50.0,50,50)","dip_dir":null,"net_slip_rate":"(0.7,0.0001,1.3979)"},"geometry":{"type":"LineString","coordinates":[[30.98067,38.69244],[30.85087,38.73022]]}},{"type":"Feature","properties":{"id":"EUR_TRCS219","name":null,"slip_type":"Dextral-Normal","catalog_name":"SHARE","catalog_id":"EUR_TRCS219","average_dip":"(50.0,50,50)","dip_dir":null,"net_slip_rate":"(0.7,0.0001,1.3979)"},"geometry":{"type":"LineString","coordinates":[[30.82613,38.71317],[30.73358,38.73607],[30.62746,38.75966]]}},{"type":"Feature","properties":{"id":"EUR_TRCS221","name":null,"slip_type":"Normal","catalog_name":"SHARE","catalog_id":"EUR_TRCS221","average_dip":"(50.0,50,50)","dip_dir":null,"net_slip_rate":"(0.7,0.0001,1.3054)"},"geometry":{"type":"LineString","coordinates":[[30.6218,38.91532],[30.66098,38.85892]]}},{"type":"Feature","properties":{"id":"EUR_TRCS222","name":null,"slip_type":"Normal","catalog_name":"SHARE","catalog_id":"EUR_TRCS222","average_dip":"(50.0,50,50)","dip_dir":null,"net_slip_rate":"(0.7,0.0001,1.3054)"},"geometry":{"type":"LineString","coordinates":[[30.5068,38.92384],[30.58602,38.85975]]}},{"type":"Feature","properties":{"id":"EUR_TRCS223","name":null,"slip_type":"Dextral-Normal","catalog_name":"SHARE","catalog_id":"EUR_TRCS223","average_dip":"(50.0,50,50)","dip_dir":null,"net_slip_rate":"None"},"geometry":{"type":"LineString","coordinates":[[30.41946,38.81809],[30.48566,38.76044],[30.55762,38.70679],[30.63567,38.65865]]}},{"type":"Feature","properties":{"id":"EUR_TRCS224","name":null,"slip_type":"Dextral-Normal","catalog_name":"SHARE","catalog_id":"EUR_TRCS224","average_dip":"(50.0,50,50)","dip_dir":null,"net_slip_rate":"None"},"geometry":{"type":"LineString","coordinates":[[30.66797,38.70605],[30.79576,38.64604]]}},{"type":"Feature","properties":{"id":"EUR_TRCS225","name":null,"slip_type":"Normal","catalog_name":"SHARE","catalog_id":"EUR_TRCS225","average_dip":"(50.0,50,50)","dip_dir":null,"net_slip_rate":"(0.7,0.0001,1.3054)"},"geometry":{"type":"LineString","coordinates":[[30.36321,38.82965],[30.38596,38.88921]]}},{"type":"Feature","properties":{"id":"EUR_TRCS226","name":null,"slip_type":"Dextral-Normal","catalog_name":"SHARE","catalog_id":"EUR_TRCS226","average_dip":"(50.0,50,50)","dip_dir":null,"net_slip_rate":"(0.7,0.0001,1.3979)"},"geometry":{"type":"LineString","coordinates":[[30.3523,38.81796],[30.25207,38.83131],[30.14638,38.8847],[30.04063,38.93812]]}},{"type":"Feature","properties":{"id":"EUR_TRCS227","name":null,"slip_type":"Dextral-Normal","catalog_name":"SHARE","catalog_id":"EUR_TRCS227","average_dip":"(50.0,50,50)","dip_dir":null,"net_slip_rate":"(0.7,0.0001,1.3979)"},"geometry":{"type":"LineString","coordinates":[[29.94968,38.95146],[29.83649,38.97229],[29.72327,38.99313]]}},{"type":"Feature","properties":{"id":"EUR_TRCS228","name":null,"slip_type":"Dextral-Normal","catalog_name":"SHARE","catalog_id":"EUR_TRCS228","average_dip":"(50.0,50,50)","dip_dir":null,"net_slip_rate":"(0.7,0.0001,1.3979)"},"geometry":{"type":"LineString","coordinates":[[29.39604,39.07836],[29.51114,39.04593]]}},{"type":"Feature","properties":{"id":"EUR_TRCS229","name":null,"slip_type":"Normal","catalog_name":"SHARE","catalog_id":"EUR_TRCS229","average_dip":"(50.0,50,50)","dip_dir":null,"net_slip_rate":"(0.7,0.0001,1.3054)"},"geometry":{"type":"LineString","coordinates":[[29.31909,39.00342],[29.36059,39.04317]]}},{"type":"Feature","properties":{"id":"EUR_TRCS230","name":null,"slip_type":"Sinistral-Normal","catalog_name":"SHARE","catalog_id":"EUR_TRCS230","average_dip":"(40.0,40,40)","dip_dir":null,"net_slip_rate":"(0.8,0.0001,1.6341)"},"geometry":{"type":"LineString","coordinates":[[28.73967,39.16325],[28.81697,39.20113]]}},{"type":"Feature","properties":{"id":"EUR_TRCS231","name":null,"slip_type":"Dextral-Normal","catalog_name":"SHARE","catalog_id":"EUR_TRCS231","average_dip":"(40.0,40,40)","dip_dir":null,"net_slip_rate":"(0.8,0.0001,1.5589)"},"geometry":{"type":"LineString","coordinates":[[28.07033,39.33642],[28.16412,39.3083],[28.25788,39.28019],[28.35161,39.25208]]}},{"type":"Feature","properties":{"id":"EUR_TRCS232","name":null,"slip_type":"Dextral-Normal","catalog_name":"SHARE","catalog_id":"EUR_TRCS232","average_dip":"(70.0,70,70)","dip_dir":null,"net_slip_rate":"(1.6,0.0001,3.1832)"},"geometry":{"type":"LineString","coordinates":[[28.16351,39.66826],[28.162,39.59824],[28.15755,39.50512],[28.10031,39.42307],[28.05235,39.33757],[27.99012,39.25779],[27.95791,39.168],[27.89199,39.09009],[27.82326,39.0137],[27.83522,38.92097],[27.7539,38.85258],[27.67261,38.78422]]}},{"type":"Feature","properties":{"id":"EUR_TRCS233","name":null,"slip_type":"Dextral","catalog_name":"SHARE","catalog_id":"EUR_TRCS233","average_dip":"(70.0,70,70)","dip_dir":null,"net_slip_rate":"(2.0,2.0,2.0)"},"geometry":{"type":"LineString","coordinates":[[27.68203,39.43613],[27.78088,39.49067],[27.87974,39.54523],[27.97866,39.59981],[28.07764,39.65442],[28.17666,39.70906],[28.27574,39.76373],[28.37486,39.81843]]}},{"type":"Feature","properties":{"id":"EUR_TRCS234","name":null,"slip_type":"Dextral","catalog_name":"SHARE","catalog_id":"EUR_TRCS234","average_dip":"(70.0,70,70)","dip_dir":null,"net_slip_rate":"(2.1,2.0,2.2655)"},"geometry":{"type":"LineString","coordinates":[[27.86732,39.62488],[27.75924,39.6222],[27.65117,39.61952],[27.54311,39.61684]]}},{"type":"Feature","properties":{"id":"EUR_TRCS235","name":null,"slip_type":"Sinistral-Normal","catalog_name":"SHARE","catalog_id":"EUR_TRCS235","average_dip":"(40.0,40,40)","dip_dir":null,"net_slip_rate":"(0.8,0.0001,1.5844)"},"geometry":{"type":"LineString","coordinates":[[32.28376,37.73235],[32.34049,37.80579],[32.3982,37.88051],[32.45594,37.95526],[32.51369,38.03002],[32.59332,38.0911],[32.64388,38.16908],[32.69444,38.24707],[32.74502,38.32508],[32.79561,38.40311],[32.84621,38.48116],[32.89682,38.55922],[32.94744,38.6373],[32.99808,38.7154]]}},{"type":"Feature","properties":{"id":"EUR_TRCS236","name":null,"slip_type":"Sinistral-Normal","catalog_name":"SHARE","catalog_id":"EUR_TRCS236","average_dip":"(55.0,55,55)","dip_dir":null,"net_slip_rate":"(0.5,0.0001,1.0074)"},"geometry":{"type":"LineString","coordinates":[[33.08911,38.93714],[33.09721,39.02285],[33.10592,39.11494],[33.13269,39.20491],[33.16539,39.2937],[33.20749,39.38009],[33.24931,39.46659],[33.29114,39.55309],[33.33341,39.63949],[33.3783,39.72511],[33.4232,39.81076],[33.46811,39.89641]]}},{"type":"Feature","properties":{"id":"EUR_TRCS237","name":null,"slip_type":"Sinistral","catalog_name":"SHARE","catalog_id":"EUR_TRCS237","average_dip":"(60.0,60,60)","dip_dir":null,"net_slip_rate":"(0.5,0.0001,1.0)"},"geometry":{"type":"LineString","coordinates":[[32.74757,39.81887],[32.74309,39.72821],[32.73861,39.63755],[32.73412,39.5469],[32.72964,39.45625],[32.72516,39.3656],[32.72068,39.27495],[32.7162,39.1843]]}},{"type":"Feature","properties":{"id":"EUR_TRCS238","name":null,"slip_type":"Sinistral-Normal","catalog_name":"SHARE","catalog_id":"EUR_TRCS238","average_dip":"(70.0,70,70)","dip_dir":null,"net_slip_rate":"(0.6,0.0001,1.1327)"},"geometry":{"type":"LineString","coordinates":[[32.91701,40.26304],[32.82516,40.2022],[32.73243,40.14078],[32.63974,40.07939],[32.56535,40.00489],[32.50091,39.92518],[32.43648,39.84549],[32.37208,39.76584]]}},{"type":"Feature","properties":{"id":"EUR_TRCS239","name":null,"slip_type":"Sinistral-Normal","catalog_name":"SHARE","catalog_id":"EUR_TRCS239","average_dip":"(70.0,70,70)","dip_dir":null,"net_slip_rate":"(0.6,0.0001,1.1327)"},"geometry":{"type":"LineString","coordinates":[[32.10681,39.60991],[32.16817,39.68296],[32.22954,39.75602],[32.29093,39.8291],[32.35233,39.90219],[32.41376,39.97532],[32.4752,40.04846],[32.53667,40.12163],[32.59815,40.19483],[32.65965,40.26804]]}},{"type":"Feature","properties":{"id":"EUR_TRCS240","name":null,"slip_type":"Sinistral","catalog_name":"SHARE","catalog_id":"EUR_TRCS240","average_dip":"(80.0,80,80)","dip_dir":null,"net_slip_rate":"(0.5,0.0001,1.0)"},"geometry":{"type":"LineString","coordinates":[[32.78921,40.55653],[32.71194,40.49366],[32.63373,40.43004],[32.54913,40.37141],[32.44904,40.32935],[32.34899,40.28731],[32.24898,40.24529],[32.14489,40.20963],[32.03757,40.18017],[31.93029,40.15071],[31.82306,40.12127],[31.71586,40.09184],[31.60871,40.06242]]}},{"type":"Feature","properties":{"id":"EUR_TRCS241","name":null,"slip_type":"Sinistral-Normal","catalog_name":"SHARE","catalog_id":"EUR_TRCS241","average_dip":"(70.0,70,70)","dip_dir":null,"net_slip_rate":"(0.6,0.0001,1.1327)"},"geometry":{"type":"LineString","coordinates":[[32.26553,40.39468],[32.38023,40.38871],[32.49492,40.38273]]}},{"type":"Feature","properties":{"id":"EUR_TRCS242","name":null,"slip_type":"Sinistral-Normal","catalog_name":"SHARE","catalog_id":"EUR_TRCS242","average_dip":"(70.0,70,70)","dip_dir":null,"net_slip_rate":"(0.6,0.0001,1.1327)"},"geometry":{"type":"LineString","coordinates":[[31.99402,40.30877],[32.10198,40.29556],[32.20992,40.28235]]}},{"type":"Feature","properties":{"id":"EUR_TRCS243","name":null,"slip_type":"Dextral","catalog_name":"SHARE","catalog_id":"EUR_TRCS243","average_dip":"(87.0,84,90)","dip_dir":null,"net_slip_rate":"(1.5,1.0,2.0101)"},"geometry":{"type":"LineString","coordinates":[[32.31478,39.83104],[32.33893,39.75438],[32.37763,39.66874],[32.42208,39.58479],[32.46784,39.50128],[32.50433,39.4151]]}},{"type":"Feature","properties":{"id":"EUR_TRCS244","name":null,"slip_type":"Sinistral","catalog_name":"SHARE","catalog_id":"EUR_TRCS244","average_dip":"(77.0,77,77)","dip_dir":null,"net_slip_rate":"(0.5,0.0001,1.0)"},"geometry":{"type":"LineString","coordinates":[[32.9755,40.00479],[33.01763,40.09253],[33.05977,40.18028],[33.10191,40.26804]]}},{"type":"Feature","properties":{"id":"EUR_TRCS245","name":null,"slip_type":"Sinistral-Normal","catalog_name":"SHARE","catalog_id":"EUR_TRCS245","average_dip":"(70.0,70,70)","dip_dir":null,"net_slip_rate":"(0.6,0.0001,1.1327)"},"geometry":{"type":"LineString","coordinates":[[33.43919,40.3495],[33.42143,40.28001],[33.39753,40.18649],[33.41479,40.09212],[33.4477,40.00022],[33.37186,39.92472]]}},{"type":"Feature","properties":{"id":"EUR_TRCS246","name":null,"slip_type":"Sinistral-Normal","catalog_name":"SHARE","catalog_id":"EUR_TRCS246","average_dip":"(70.0,70,70)","dip_dir":null,"net_slip_rate":"(0.6,0.0001,1.1327)"},"geometry":{"type":"LineString","coordinates":[[34.05095,40.38387],[33.95845,40.31786],[33.866,40.25188],[33.77359,40.18593],[33.68124,40.12002],[33.58893,40.05415]]}},{"type":"Feature","properties":{"id":"EUR_TRCS247","name":null,"slip_type":"Dextral","catalog_name":"SHARE","catalog_id":"EUR_TRCS247","average_dip":"(87.0,87,87)","dip_dir":null,"net_slip_rate":"(1.5,1.0,2.0224)"},"geometry":{"type":"LineString","coordinates":[[33.48162,39.77479],[33.55794,39.70957],[33.63613,39.64276],[33.71801,39.57868],[33.81709,39.53124],[33.91243,39.47952],[34.00773,39.42784],[34.09592,39.36918],[34.17506,39.3033],[34.25417,39.23746],[34.33324,39.17164],[34.41741,39.10981],[34.51939,39.06714],[34.62659,39.03316],[34.73375,38.99919],[34.84087,38.96524],[34.94794,38.9313]]}},{"type":"Feature","properties":{"id":"EUR_TRCS248","name":null,"slip_type":"Sinistral","catalog_name":"SHARE","catalog_id":"EUR_TRCS248","average_dip":"(75.0,70,80)","dip_dir":null,"net_slip_rate":"(0.5,0.0001,1.0056)"},"geometry":{"type":"LineString","coordinates":[[33.59563,39.75362],[33.62079,39.67261]]}},{"type":"Feature","properties":{"id":"EUR_TRCS249","name":null,"slip_type":"Dextral-Normal","catalog_name":"SHARE","catalog_id":"EUR_TRCS249","average_dip":"(66.0,66,66)","dip_dir":null,"net_slip_rate":"(0.6,0.0001,1.14)"},"geometry":{"type":"LineString","coordinates":[[33.2669,39.38977],[33.28967,39.31903],[33.31244,39.2483]]}},{"type":"Feature","properties":{"id":"EUR_TRCS250","name":null,"slip_type":"Sinistral-Normal","catalog_name":"SHARE","catalog_id":"EUR_TRCS250","average_dip":"(70.0,70,70)","dip_dir":null,"net_slip_rate":"(0.5,0.0001,1.0056)"},"geometry":{"type":"LineString","coordinates":[[33.47229,39.87167],[33.44223,39.7911],[33.41216,39.71054],[33.3821,39.62999],[33.35204,39.54945],[33.32199,39.46892],[33.29194,39.38839]]}},{"type":"Feature","properties":{"id":"EUR_TRCS251","name":null,"slip_type":"Dextral","catalog_name":"SHARE","catalog_id":"EUR_TRCS251","average_dip":"(66.0,66,66)","dip_dir":null,"net_slip_rate":"(1.5,1.0,2.0119)"},"geometry":{"type":"LineString","coordinates":[[33.19276,39.19917],[33.25281,39.13258],[33.32284,39.072]]}},{"type":"Feature","properties":{"id":"EUR_TRCS252","name":null,"slip_type":"Sinistral","catalog_name":"SHARE","catalog_id":"EUR_TRCS252","average_dip":"(87.0,87,87)","dip_dir":null,"net_slip_rate":"(0.5,0.0001,1.0)"},"geometry":{"type":"LineString","coordinates":[[33.26155,39.64531],[33.22871,39.5676],[33.19587,39.48991],[33.16304,39.41222]]}},{"type":"Feature","properties":{"id":"EUR_TRCS253","name":null,"slip_type":"Sinistral-Normal","catalog_name":"SHARE","catalog_id":"EUR_TRCS253","average_dip":"(87.0,87,87)","dip_dir":null,"net_slip_rate":"(0.5,0.0001,1.005)"},"geometry":{"type":"LineString","coordinates":[[33.30031,39.92255],[33.28068,39.83707],[33.2589,39.75184],[33.19473,39.68037],[33.13032,39.60906],[33.06593,39.53777]]}},{"type":"Feature","properties":{"id":"EUR_TRCS254","name":null,"slip_type":"Sinistral","catalog_name":"SHARE","catalog_id":"EUR_TRCS254","average_dip":"(80.0,80,80)","dip_dir":null,"net_slip_rate":"(0.5,0.0001,1.0)"},"geometry":{"type":"LineString","coordinates":[[32.53975,39.85157],[32.65461,39.90045],[32.76954,39.94935]]}},{"type":"Feature","properties":{"id":"EUR_TRCS255","name":null,"slip_type":"Normal","catalog_name":"SHARE","catalog_id":"EUR_TRCS255","average_dip":"(50.0,50,50)","dip_dir":null,"net_slip_rate":"(1.3,0.0001,2.6108)"},"geometry":{"type":"LineString","coordinates":[[31.76558,37.67865],[31.75755,37.68673],[31.68976,37.75498],[31.62194,37.82325],[31.55409,37.89155],[31.48623,37.95986],[31.41833,38.02821],[31.4281,38.11466],[31.32894,38.15274],[31.22974,38.19083],[31.21992,38.27728],[31.15863,38.34954],[31.10963,38.42737],[31.0415,38.49583]]}},{"type":"Feature","properties":{"id":"EUR_TRCS256","name":null,"slip_type":"Normal","catalog_name":"SHARE","catalog_id":"EUR_TRCS256","average_dip":"(50.0,50,50)","dip_dir":null,"net_slip_rate":"(1.3,0.0001,2.6108)"},"geometry":{"type":"LineString","coordinates":[[31.42178,37.68996],[31.41775,37.78224],[31.35685,37.86374],[31.28641,37.94034],[31.21594,38.01697],[31.14544,38.09363]]}},{"type":"Feature","properties":{"id":"EUR_TRCS257","name":null,"slip_type":"Normal","catalog_name":"SHARE","catalog_id":"EUR_TRCS257","average_dip":"(50.0,50,50)","dip_dir":null,"net_slip_rate":"(1.3,0.0001,2.6108)"},"geometry":{"type":"LineString","coordinates":[[31.55743,37.61224],[31.67154,37.64001],[31.78414,37.67516],[31.87549,37.73809]]}},{"type":"Feature","properties":{"id":"EUR_TRCS258","name":null,"slip_type":"Dextral","catalog_name":"SHARE","catalog_id":"EUR_TRCS258","average_dip":"(85.0,80,90)","dip_dir":null,"net_slip_rate":"(1.0,0.0001,2.0)"},"geometry":{"type":"LineString","coordinates":[[31.65035,37.62836],[31.70588,37.55493],[31.76471,37.47715],[31.83798,37.40756],[31.92154,37.34576],[32.00504,37.28397],[32.10232,37.23672],[32.17937,37.16993],[32.2461,37.09646],[32.3128,37.02302],[32.37948,36.94959],[32.46596,36.89089],[32.55581,36.83557],[32.64562,36.78029],[32.73539,36.72502],[32.82512,36.66978]]}},{"type":"Feature","properties":{"id":"EUR_TRCS259","name":null,"slip_type":"Sinistral-Normal","catalog_name":"SHARE","catalog_id":"EUR_TRCS259","average_dip":"(60.0,60,60)","dip_dir":null,"net_slip_rate":"(0.9,0.0001,1.8028)"},"geometry":{"type":"LineString","coordinates":[[31.95826,37.67602],[31.91492,37.5953],[31.87159,37.51459]]}},{"type":"Feature","properties":{"id":"EUR_TRCS260","name":null,"slip_type":"Normal","catalog_name":"SHARE","catalog_id":"EUR_TRCS260","average_dip":"(50.0,50,50)","dip_dir":null,"net_slip_rate":"(0.7,0.0001,1.3054)"},"geometry":{"type":"LineString","coordinates":[[31.2298,37.66746],[31.23524,37.63548],[31.25055,37.54551],[31.27512,37.45684],[31.29203,37.36705],[31.28214,37.2766],[31.2924,37.18618],[31.27943,37.09599],[31.28569,37.00534]]}},{"type":"Feature","properties":{"id":"EUR_TRCS261","name":null,"slip_type":"Normal","catalog_name":"SHARE","catalog_id":"EUR_TRCS261","average_dip":"(50.0,50,50)","dip_dir":null,"net_slip_rate":"(0.7,0.0001,1.3054)"},"geometry":{"type":"LineString","coordinates":[[31.16806,37.75015],[31.10171,37.83308],[31.0311,37.9213],[30.98541,38.01925]]}},{"type":"Feature","properties":{"id":"EUR_TRCS262","name":null,"slip_type":"Normal","catalog_name":"SHARE","catalog_id":"EUR_TRCS262","average_dip":"(50.0,50,50)","dip_dir":null,"net_slip_rate":"(1.3,0.0001,2.6108)"},"geometry":{"type":"LineString","coordinates":[[30.95654,38.05029],[31.02853,38.08604],[31.13487,38.09852]]}},{"type":"Feature","properties":{"id":"EUR_TRCS263","name":null,"slip_type":"Normal","catalog_name":"SHARE","catalog_id":"EUR_TRCS263","average_dip":"(50.0,50,50)","dip_dir":null,"net_slip_rate":"(1.3,0.0001,2.6583)"},"geometry":{"type":"LineString","coordinates":[[30.60212,37.17472],[30.5801,37.09973],[30.55074,37.01238],[30.63996,36.95671]]}},{"type":"Feature","properties":{"id":"EUR_TRCS264","name":null,"slip_type":"Sinistral-Normal","catalog_name":"SHARE","catalog_id":"EUR_TRCS264","average_dip":"(50.0,50,50)","dip_dir":null,"net_slip_rate":"(1.3,0.0001,2.6583)"},"geometry":{"type":"LineString","coordinates":[[30.40727,36.76314],[30.50409,36.84315]]}},{"type":"Feature","properties":{"id":"EUR_TRCS265","name":null,"slip_type":"Sinistral-Normal","catalog_name":"SHARE","catalog_id":"EUR_TRCS265","average_dip":"(50.0,50,50)","dip_dir":null,"net_slip_rate":"(1.3,0.0001,2.6583)"},"geometry":{"type":"LineString","coordinates":[[30.31397,36.67735],[30.25391,36.61378],[30.19387,36.55024],[30.13385,36.48671]]}},{"type":"Feature","properties":{"id":"EUR_TRCS266","name":null,"slip_type":"Normal","catalog_name":"SHARE","catalog_id":"EUR_TRCS266","average_dip":"(50.0,50,50)","dip_dir":null,"net_slip_rate":"(1.3,0.0001,2.6583)"},"geometry":{"type":"LineString","coordinates":[[30.41126,37.29389],[30.40089,37.23314],[30.38676,37.15038],[30.36531,37.06863],[30.30362,37.00117],[30.24905,36.92994],[30.22717,36.84827],[30.2586,36.76863]]}},{"type":"Feature","properties":{"id":"EUR_TRCS267","name":null,"slip_type":"Normal","catalog_name":"SHARE","catalog_id":"EUR_TRCS267","average_dip":"(50.0,50,50)","dip_dir":null,"net_slip_rate":"(7.8,5.2216,10.4433)"},"geometry":{"type":"LineString","coordinates":[[29.18193,37.05011],[29.27296,37.01445]]}},{"type":"Feature","properties":{"id":"EUR_TRCS268","name":null,"slip_type":"Normal","catalog_name":"SHARE","catalog_id":"EUR_TRCS268","average_dip":"(50.0,50,50)","dip_dir":null,"net_slip_rate":"(7.4,5.2216,9.6177)"},"geometry":{"type":"LineString","coordinates":[[29.14291,37.13125],[29.20987,37.19315],[29.27787,37.256],[29.3265,37.32938],[29.36274,37.40717]]}},{"type":"Feature","properties":{"id":"EUR_TRCS269","name":null,"slip_type":"Normal","catalog_name":"SHARE","catalog_id":"EUR_TRCS269","average_dip":"(50.0,50,50)","dip_dir":null,"net_slip_rate":"(7.9,5.2216,10.633)"},"geometry":{"type":"LineString","coordinates":[[29.36516,37.41273],[29.29381,37.46293],[29.29021,37.54637],[29.26995,37.62829]]}},{"type":"Feature","properties":{"id":"EUR_TRCS270","name":null,"slip_type":"Normal","catalog_name":"SHARE","catalog_id":"EUR_TRCS270","average_dip":"(50.0,50,50)","dip_dir":null,"net_slip_rate":"(7.4,5.2216,9.6177)"},"geometry":{"type":"LineString","coordinates":[[29.2578,37.62964],[29.14603,37.61265]]}},{"type":"Feature","properties":{"id":"EUR_TRCS271","name":null,"slip_type":"Normal","catalog_name":"SHARE","catalog_id":"EUR_TRCS271","average_dip":"(50.0,50,50)","dip_dir":null,"net_slip_rate":"(7.4,5.2216,9.6177)"},"geometry":{"type":"LineString","coordinates":[[29.14505,37.61288],[29.07673,37.56918],[29.0285,37.48045],[28.92696,37.42716],[28.83406,37.36478]]}},{"type":"Feature","properties":{"id":"EUR_TRCS272","name":null,"slip_type":"Normal","catalog_name":"SHARE","catalog_id":"EUR_TRCS272","average_dip":"(50.0,50,50)","dip_dir":null,"net_slip_rate":"(7.4,5.2216,9.6177)"},"geometry":{"type":"LineString","coordinates":[[29.31126,37.09083],[29.40773,37.20094]]}},{"type":"Feature","properties":{"id":"EUR_TRCS273","name":null,"slip_type":"Normal","catalog_name":"SHARE","catalog_id":"EUR_TRCS273","average_dip":"(50.0,50,50)","dip_dir":null,"net_slip_rate":"(7.4,5.2216,9.6177)"},"geometry":{"type":"LineString","coordinates":[[29.43827,37.1427],[29.41691,37.08703],[29.33902,37.03214],[29.27754,36.96533]]}},{"type":"Feature","properties":{"id":"EUR_TRCS274","name":null,"slip_type":"Normal","catalog_name":"SHARE","catalog_id":"EUR_TRCS274","average_dip":"(50.0,50,50)","dip_dir":null,"net_slip_rate":"(7.3,5.2216,9.3542)"},"geometry":{"type":"LineString","coordinates":[[29.42269,37.00409],[29.50426,37.04471],[29.58586,37.08534]]}},{"type":"Feature","properties":{"id":"EUR_TRCS275","name":null,"slip_type":"Normal","catalog_name":"SHARE","catalog_id":"EUR_TRCS275","average_dip":"(50.0,50,50)","dip_dir":null,"net_slip_rate":"(7.3,5.2216,9.3542)"},"geometry":{"type":"LineString","coordinates":[[29.96386,37.11299],[29.89792,37.16995],[29.79657,37.21308],[29.68784,37.18343]]}},{"type":"Feature","properties":{"id":"EUR_TRCS276","name":null,"slip_type":"Normal","catalog_name":"SHARE","catalog_id":"EUR_TRCS276","average_dip":"(50.0,50,50)","dip_dir":null,"net_slip_rate":"(7.8,5.2216,10.4433)"},"geometry":{"type":"LineString","coordinates":[[29.51551,37.22026],[29.45713,37.27556],[29.39873,37.33088]]}},{"type":"Feature","properties":{"id":"EUR_TRCS277","name":null,"slip_type":"Normal","catalog_name":"SHARE","catalog_id":"EUR_TRCS277","average_dip":"(50.0,50,50)","dip_dir":null,"net_slip_rate":"(3.9,2.6108,5.2216)"},"geometry":{"type":"LineString","coordinates":[[29.84957,38.71353],[29.76086,38.65107],[29.73536,38.55713],[29.71723,38.46216],[29.75636,38.37116]]}},{"type":"Feature","properties":{"id":"EUR_TRCS278","name":null,"slip_type":"Normal","catalog_name":"SHARE","catalog_id":"EUR_TRCS278","average_dip":"(50.0,50,50)","dip_dir":null,"net_slip_rate":"(2.6,0.0001,5.2216)"},"geometry":{"type":"LineString","coordinates":[[29.79733,38.36324],[29.83407,38.42251],[29.89484,38.48654],[29.93613,38.5595],[29.92923,38.63911]]}},{"type":"Feature","properties":{"id":"EUR_TRCS279","name":null,"slip_type":"Normal","catalog_name":"SHARE","catalog_id":"EUR_TRCS279","average_dip":"(50.0,50,50)","dip_dir":null,"net_slip_rate":"(1.3,0.0001,2.6108)"},"geometry":{"type":"LineString","coordinates":[[29.96947,37.01382],[29.88127,37.10725]]}},{"type":"Feature","properties":{"id":"EUR_TRCS280","name":null,"slip_type":"Normal","catalog_name":"SHARE","catalog_id":"EUR_TRCS280","average_dip":"(50.0,50,50)","dip_dir":null,"net_slip_rate":"(1.3,0.0001,2.6108)"},"geometry":{"type":"LineString","coordinates":[[29.82846,38.331],[29.72303,38.32073],[29.65406,38.25214],[29.59189,38.17969],[29.51824,38.11426],[29.43457,38.05684],[29.35146,37.99896],[29.25961,37.95004]]}},{"type":"Feature","properties":{"id":"EUR_TRCS281","name":null,"slip_type":"Normal","catalog_name":"SHARE","catalog_id":"EUR_TRCS281","average_dip":"(50.0,50,50)","dip_dir":null,"net_slip_rate":"(1.3,0.0001,2.6108)"},"geometry":{"type":"LineString","coordinates":[[30.95585,38.57832],[30.92753,38.49615],[30.87359,38.41436],[30.76718,38.37537]]}},{"type":"Feature","properties":{"id":"EUR_TRCS282","name":null,"slip_type":"Dextral-Normal","catalog_name":"SHARE","catalog_id":"EUR_TRCS282","average_dip":"(50.0,50,50)","dip_dir":null,"net_slip_rate":"(1.3,0.0001,2.6583)"},"geometry":{"type":"LineString","coordinates":[[29.90477,36.41496],[29.83938,36.34911],[29.74892,36.286],[29.69621,36.19947],[29.58963,36.15594]]}},{"type":"Feature","properties":{"id":"EUR_TRCS283","name":null,"slip_type":"Normal","catalog_name":"SHARE","catalog_id":"EUR_TRCS283","average_dip":"(50.0,50,50)","dip_dir":null,"net_slip_rate":"(0.7,0.0001,1.3054)"},"geometry":{"type":"LineString","coordinates":[[30.86913,38.58929],[30.84324,38.51885],[30.78712,38.45595],[30.71221,38.40653]]}},{"type":"Feature","properties":{"id":"EUR_TRCS284","name":null,"slip_type":"Normal","catalog_name":"SHARE","catalog_id":"EUR_TRCS284","average_dip":"(50.0,50,50)","dip_dir":null,"net_slip_rate":"(1.3,0.0001,2.6108)"},"geometry":{"type":"LineString","coordinates":[[30.52796,36.80572],[30.50915,36.72113],[30.505,36.63127],[30.48544,36.54272]]}},{"type":"Feature","properties":{"id":"EUR_TRCS285","name":null,"slip_type":"Normal","catalog_name":"SHARE","catalog_id":"EUR_TRCS285","average_dip":"(50.0,50,50)","dip_dir":null,"net_slip_rate":"(1.3,0.0001,2.6108)"},"geometry":{"type":"LineString","coordinates":[[30.49689,36.39957],[30.55471,36.49471],[30.61254,36.58987]]}},{"type":"Feature","properties":{"id":"EUR_TRCS286","name":null,"slip_type":"Normal","catalog_name":"SHARE","catalog_id":"EUR_TRCS286","average_dip":"(50.0,50,50)","dip_dir":null,"net_slip_rate":"(1.3,0.0001,2.6108)"},"geometry":{"type":"LineString","coordinates":[[30.42025,36.19868],[30.48482,36.26552],[30.5494,36.33237]]}},{"type":"Feature","properties":{"id":"EUR_TRCS287","name":null,"slip_type":"Dextral-Normal","catalog_name":"SHARE","catalog_id":"EUR_TRCS287","average_dip":"(50.0,50,50)","dip_dir":null,"net_slip_rate":"(0.7,0.0001,1.3394)"},"geometry":{"type":"LineString","coordinates":[[29.46988,36.27058],[29.5854,36.2986],[29.68011,36.36305],[29.76496,36.43593],[29.87916,36.47516]]}},{"type":"Feature","properties":{"id":"EUR_TRCS288","name":null,"slip_type":"Dextral-Normal","catalog_name":"SHARE","catalog_id":"EUR_TRCS288","average_dip":"(50.0,50,50)","dip_dir":null,"net_slip_rate":"(1.3,0.0001,2.6583)"},"geometry":{"type":"LineString","coordinates":[[29.89609,36.43908],[29.97196,36.47346],[30.0584,36.48853]]}},{"type":"Feature","properties":{"id":"EUR_TRCS289","name":null,"slip_type":"Sinistral-Normal","catalog_name":"SHARE","catalog_id":"EUR_TRCS289","average_dip":"(60.0,60,60)","dip_dir":null,"net_slip_rate":"(1.3,0.0001,2.5166)"},"geometry":{"type":"LineString","coordinates":[[29.22565,36.82268],[29.28781,36.78088],[29.34588,36.71055],[29.35837,36.62681],[29.33799,36.54408],[29.27113,36.47909],[29.25002,36.39648]]}},{"type":"Feature","properties":{"id":"EUR_TRCS290","name":null,"slip_type":"Sinistral-Normal","catalog_name":"SHARE","catalog_id":"EUR_TRCS290","average_dip":"(50.0,50,50)","dip_dir":null,"net_slip_rate":"(2.0,0.0001,3.9277)"},"geometry":{"type":"LineString","coordinates":[[31.06533,38.3635],[30.98799,38.30902],[30.9209,38.24394],[30.85939,38.17559],[30.78966,38.11234],[30.68608,38.09325],[30.58052,38.08299]]}},{"type":"Feature","properties":{"id":"EUR_TRCS291","name":null,"slip_type":"Sinistral-Normal","catalog_name":"SHARE","catalog_id":"EUR_TRCS291","average_dip":"(50.0,50,50)","dip_dir":null,"net_slip_rate":"(2.0,0.0001,3.9277)"},"geometry":{"type":"LineString","coordinates":[[30.54155,38.10634],[30.465,38.06998]]}},{"type":"Feature","properties":{"id":"EUR_TRCS292","name":null,"slip_type":"Sinistral-Normal","catalog_name":"SHARE","catalog_id":"EUR_TRCS292","average_dip":"(50.0,50,50)","dip_dir":null,"net_slip_rate":"(0.7,0.0001,1.3206)"},"geometry":{"type":"LineString","coordinates":[[30.87291,38.31573],[30.78031,38.2501],[30.68134,38.18987],[30.57627,38.13649],[30.45254,38.12234],[30.3958,38.03471]]}},{"type":"Feature","properties":{"id":"EUR_TRCS293","name":null,"slip_type":"Normal","catalog_name":"SHARE","catalog_id":"EUR_TRCS293","average_dip":"(50.0,50,50)","dip_dir":null,"net_slip_rate":"(1.3,0.0001,2.6108)"},"geometry":{"type":"LineString","coordinates":[[29.34488,36.63104],[29.2243,36.61705],[29.08862,36.61874]]}},{"type":"Feature","properties":{"id":"EUR_TRCS294","name":null,"slip_type":"Normal","catalog_name":"SHARE","catalog_id":"EUR_TRCS294","average_dip":"(50.0,50,50)","dip_dir":null,"net_slip_rate":"(1.3,0.0001,2.6108)"},"geometry":{"type":"LineString","coordinates":[[30.25853,37.31249],[30.22886,37.23653],[30.16323,37.16773],[30.17651,37.08199]]}},{"type":"Feature","properties":{"id":"EUR_TRCS295","name":null,"slip_type":"Sinistral-Normal","catalog_name":"SHARE","catalog_id":"EUR_TRCS295","average_dip":"(50.0,50,50)","dip_dir":null,"net_slip_rate":"(2.0,0.0001,3.9277)"},"geometry":{"type":"LineString","coordinates":[[30.85229,38.07301],[30.79638,37.99982],[30.78688,37.90651],[30.86774,37.83802]]}},{"type":"Feature","properties":{"id":"EUR_TRCS297","name":null,"slip_type":"Normal","catalog_name":"SHARE","catalog_id":"EUR_TRCS297","average_dip":"(50.0,50,50)","dip_dir":null,"net_slip_rate":"(0.7,0.0001,1.3054)"},"geometry":{"type":"LineString","coordinates":[[30.5544,38.6205],[30.55628,38.54821]]}},{"type":"Feature","properties":{"id":"EUR_TRCS298","name":null,"slip_type":"Normal","catalog_name":"SHARE","catalog_id":"EUR_TRCS298","average_dip":"(50.0,50,50)","dip_dir":null,"net_slip_rate":"(0.7,0.0001,1.3054)"},"geometry":{"type":"LineString","coordinates":[[30.52214,38.52892],[30.53898,38.44669]]}},{"type":"Feature","properties":{"id":"EUR_TRCS299","name":null,"slip_type":"Normal","catalog_name":"SHARE","catalog_id":"EUR_TRCS299","average_dip":"(50.0,50,50)","dip_dir":null,"net_slip_rate":"(0.7,0.0001,1.3054)"},"geometry":{"type":"LineString","coordinates":[[30.67512,38.61837],[30.6424,38.55435],[30.60969,38.49034]]}},{"type":"Feature","properties":{"id":"EUR_TRCS300","name":null,"slip_type":"Normal","catalog_name":"SHARE","catalog_id":"EUR_TRCS300","average_dip":"(50.0,50,50)","dip_dir":null,"net_slip_rate":"(0.7,0.0001,1.3054)"},"geometry":{"type":"LineString","coordinates":[[30.63487,38.4334],[30.5766,38.39873]]}},{"type":"Feature","properties":{"id":"EUR_TRCS301","name":null,"slip_type":"Normal","catalog_name":"SHARE","catalog_id":"EUR_TRCS301","average_dip":"(50.0,50,50)","dip_dir":null,"net_slip_rate":"(0.7,0.0001,1.3054)"},"geometry":{"type":"LineString","coordinates":[[30.56268,38.43778],[30.49199,38.40052]]}},{"type":"Feature","properties":{"id":"EUR_TRCS302","name":null,"slip_type":"Normal","catalog_name":"SHARE","catalog_id":"EUR_TRCS302","average_dip":"(50.0,50,50)","dip_dir":null,"net_slip_rate":"(3.9,2.6108,5.2216)"},"geometry":{"type":"LineString","coordinates":[[29.82732,38.19748],[29.7585,38.15686],[29.68639,38.08038],[29.61649,38.00269],[29.5913,37.90956]]}},{"type":"Feature","properties":{"id":"EUR_TRCS303","name":null,"slip_type":"Normal","catalog_name":"SHARE","catalog_id":"EUR_TRCS303","average_dip":"(50.0,50,50)","dip_dir":null,"net_slip_rate":"(2.0,0.1305,3.948)"},"geometry":{"type":"LineString","coordinates":[[30.05881,38.02504],[29.99887,37.97118],[29.90642,37.92694],[29.81836,37.87749],[29.72737,37.83155],[29.62053,37.84395],[29.52657,37.80195]]}},{"type":"Feature","properties":{"id":"EUR_TRCS304","name":null,"slip_type":"Normal","catalog_name":"SHARE","catalog_id":"EUR_TRCS304","average_dip":"(55.0,50,60)","dip_dir":null,"net_slip_rate":"(3.7,0.1155,7.1971)"},"geometry":{"type":"LineString","coordinates":[[30.11246,38.00147],[30.10267,37.97775],[30.09088,37.89412],[30.01491,37.83512],[29.91397,37.80826],[29.82542,37.76156],[29.72348,37.73741],[29.6449,37.68072]]}},{"type":"Feature","properties":{"id":"EUR_TRCS305","name":null,"slip_type":"Normal","catalog_name":"SHARE","catalog_id":"EUR_TRCS305","average_dip":"(50.0,50,50)","dip_dir":null,"net_slip_rate":"(5.6,3.9162,7.1971)"},"geometry":{"type":"LineString","coordinates":[[30.0921,37.81344],[30.13527,37.86976]]}},{"type":"Feature","properties":{"id":"EUR_TRCS306","name":null,"slip_type":"Normal","catalog_name":"SHARE","catalog_id":"EUR_TRCS306","average_dip":"(50.0,50,50)","dip_dir":null,"net_slip_rate":"(0.7,0.0001,1.3054)"},"geometry":{"type":"LineString","coordinates":[[29.86623,38.19012],[29.97717,38.13753],[29.92289,38.03956]]}},{"type":"Feature","properties":{"id":"EUR_TRCS307","name":null,"slip_type":"Normal","catalog_name":"SHARE","catalog_id":"EUR_TRCS307","average_dip":"(50.0,50,50)","dip_dir":null,"net_slip_rate":"(2.0,0.1305,3.948)"},"geometry":{"type":"LineString","coordinates":[[30.29948,37.88342],[30.18734,37.79261]]}},{"type":"Feature","properties":{"id":"EUR_TRCS308","name":null,"slip_type":"Normal","catalog_name":"SHARE","catalog_id":"EUR_TRCS308","average_dip":"(50.0,50,50)","dip_dir":null,"net_slip_rate":"(2.0,0.1305,3.948)"},"geometry":{"type":"LineString","coordinates":[[30.17706,37.88879],[30.13323,37.81404],[30.08105,37.72506],[30.02889,37.63611],[29.91511,37.59745]]}},{"type":"Feature","properties":{"id":"EUR_TRCS309","name":null,"slip_type":"Normal","catalog_name":"SHARE","catalog_id":"EUR_TRCS309","average_dip":"(50.0,50,50)","dip_dir":null,"net_slip_rate":"(4.3,1.3054,7.1971)"},"geometry":{"type":"LineString","coordinates":[[30.43177,37.84446],[30.37816,37.7889],[30.28511,37.72886],[30.18357,37.67823],[30.11313,37.60137],[30.02032,37.54132],[29.90348,37.56222]]}},{"type":"Feature","properties":{"id":"EUR_TRCS310","name":null,"slip_type":"Dextral-Normal","catalog_name":"SHARE","catalog_id":"EUR_TRCS310","average_dip":"(64.0,64,64)","dip_dir":null,"net_slip_rate":"(1.3,0.0001,2.6836)"},"geometry":{"type":"LineString","coordinates":[[29.60144,39.30574],[29.69904,39.26677],[29.79657,39.22783],[29.89405,39.18891],[29.9915,39.15],[30.0889,39.11112],[30.18626,39.07224],[30.28357,39.03339],[30.38085,38.99455],[30.47808,38.95573]]}},{"type":"Feature","properties":{"id":"EUR_TRCS311","name":null,"slip_type":"Dextral-Normal","catalog_name":"SHARE","catalog_id":"EUR_TRCS311","average_dip":"(64.0,64,64)","dip_dir":null,"net_slip_rate":"(1.3,0.0001,2.6836)"},"geometry":{"type":"LineString","coordinates":[[30.1482,39.35561],[30.09705,39.37271],[29.99109,39.40812],[29.8851,39.44354],[29.77905,39.47899],[29.67297,39.51444],[29.57475,39.46739],[29.46303,39.49028],[29.35128,39.51318],[29.2395,39.53608],[29.12768,39.559],[29.02083,39.59329],[28.9104,39.62013],[28.79514,39.62891],[28.67987,39.6377],[28.56458,39.6465],[28.44927,39.65529],[28.33395,39.66408],[28.21862,39.67287]]}},{"type":"Feature","properties":{"id":"EUR_TRCS312","name":null,"slip_type":"Normal","catalog_name":"SHARE","catalog_id":"EUR_TRCS312","average_dip":"(50.0,50,50)","dip_dir":null,"net_slip_rate":"(0.7,0.0001,1.3054)"},"geometry":{"type":"LineString","coordinates":[[29.29684,39.41018],[29.28028,39.33015],[29.26372,39.25013]]}},{"type":"Feature","properties":{"id":"EUR_TRCS313","name":null,"slip_type":"Normal","catalog_name":"SHARE","catalog_id":"EUR_TRCS313","average_dip":"(50.0,50,50)","dip_dir":null,"net_slip_rate":"(0.7,0.0001,1.3054)"},"geometry":{"type":"LineString","coordinates":[[29.27376,39.50028],[29.22033,39.43432],[29.16447,39.36536],[29.12922,39.28872],[29.13829,39.20767]]}},{"type":"Feature","properties":{"id":"EUR_TRCS314","name":null,"slip_type":"Normal","catalog_name":"SHARE","catalog_id":"EUR_TRCS314","average_dip":"(50.0,50,50)","dip_dir":null,"net_slip_rate":"(0.7,0.0001,1.3054)"},"geometry":{"type":"LineString","coordinates":[[31.97932,38.19694],[31.89372,38.25957],[31.85434,38.35065],[31.84465,38.44653]]}},{"type":"Feature","properties":{"id":"EUR_TRCS315","name":null,"slip_type":"Normal","catalog_name":"SHARE","catalog_id":"EUR_TRCS315","average_dip":"(55.0,50,60)","dip_dir":null,"net_slip_rate":"(0.7,0.0001,1.3054)"},"geometry":{"type":"LineString","coordinates":[[32.5393,38.17548],[32.42568,38.16542],[32.31087,38.15525],[32.19608,38.14508],[32.08131,38.13491],[31.96586,38.13742],[31.85091,38.14635],[31.73595,38.15529]]}},{"type":"Feature","properties":{"id":"EUR_TRCS316","name":null,"slip_type":"Sinistral-Normal","catalog_name":"SHARE","catalog_id":"EUR_TRCS316","average_dip":"(75.0,75,75)","dip_dir":null,"net_slip_rate":"(1.0,0.0001,2.0659)"},"geometry":{"type":"LineString","coordinates":[[27.57686,39.15672],[27.48353,39.12175],[27.39025,39.0868],[27.297,39.05186],[27.20379,39.01694]]}},{"type":"Feature","properties":{"id":"EUR_TRCS317","name":null,"slip_type":"Sinistral-Normal","catalog_name":"SHARE","catalog_id":"EUR_TRCS317","average_dip":"(75.0,75,75)","dip_dir":null,"net_slip_rate":"(1.0,0.0001,2.0659)"},"geometry":{"type":"LineString","coordinates":[[26.97938,38.74962],[27.04545,38.83562],[27.11153,38.92164],[27.17764,39.00768],[27.24377,39.09376]]}},{"type":"Feature","properties":{"id":"EUR_TRCS318","name":null,"slip_type":"Sinistral-Normal","catalog_name":"SHARE","catalog_id":"EUR_TRCS318","average_dip":"(75.0,75,75)","dip_dir":null,"net_slip_rate":"(1.0,0.0001,2.0659)"},"geometry":{"type":"LineString","coordinates":[[27.24492,39.11508],[27.33354,39.17574],[27.42219,39.23643]]}},{"type":"Feature","properties":{"id":"EUR_TRCS319","name":null,"slip_type":"Sinistral-Normal","catalog_name":"SHARE","catalog_id":"EUR_TRCS319","average_dip":"(80.0,80,80)","dip_dir":null,"net_slip_rate":"(1.0,0.0001,2.0634)"},"geometry":{"type":"LineString","coordinates":[[27.12047,39.05524],[27.077,38.98253],[27.03354,38.90985],[26.99009,38.83717],[26.94664,38.76451]]}},{"type":"Feature","properties":{"id":"EUR_TRCS320","name":null,"slip_type":"Sinistral-Normal","catalog_name":"SHARE","catalog_id":"EUR_TRCS320","average_dip":"(50.0,50,50)","dip_dir":null,"net_slip_rate":"None"},"geometry":{"type":"LineString","coordinates":[[28.78481,38.21686],[28.71413,38.283]]}},{"type":"Feature","properties":{"id":"EUR_TRCS321","name":null,"slip_type":"Normal","catalog_name":"SHARE","catalog_id":"EUR_TRCS321","average_dip":"(50.0,50,50)","dip_dir":null,"net_slip_rate":"(2.3,2.1987,2.4023)"},"geometry":{"type":"LineString","coordinates":[[28.75027,38.3632],[28.64965,38.39312],[28.54052,38.42558],[28.45022,38.48359],[28.36197,38.54357],[28.25918,38.58722],[28.14967,38.6195],[28.04535,38.66106],[27.94721,38.71102]]}},{"type":"Feature","properties":{"id":"EUR_TRCS322","name":null,"slip_type":"Normal","catalog_name":"SHARE","catalog_id":"EUR_TRCS322","average_dip":"(50.0,50,50)","dip_dir":null,"net_slip_rate":"(5.7,5.4658,5.9588)"},"geometry":{"type":"LineString","coordinates":[[28.7529,38.20255],[28.6876,38.22022],[28.57719,38.24454],[28.5288,38.32621],[28.43648,38.3798],[28.33367,38.42007],[28.23071,38.46018],[28.11672,38.47228],[28.00554,38.4955],[27.89045,38.49572],[27.7765,38.48313],[27.67917,38.43514],[27.57414,38.39851],[27.46479,38.37082]]}},{"type":"Feature","properties":{"id":"EUR_TRCS323","name":null,"slip_type":"Normal","catalog_name":"SHARE","catalog_id":"EUR_TRCS323","average_dip":"(50.0,50,50)","dip_dir":null,"net_slip_rate":"(1.3,0.0001,2.6108)"},"geometry":{"type":"LineString","coordinates":[[27.4768,38.18346],[27.58479,38.19195],[27.69278,38.20045],[27.80078,38.20894]]}},{"type":"Feature","properties":{"id":"EUR_TRCS324","name":null,"slip_type":"Normal","catalog_name":"SHARE","catalog_id":"EUR_TRCS324","average_dip":"(50.0,50,50)","dip_dir":null,"net_slip_rate":"(1.3,0.0001,2.6108)"},"geometry":{"type":"LineString","coordinates":[[28.24853,38.06697],[28.13377,38.08898],[28.01569,38.10889],[27.896,38.09622],[27.77928,38.0719],[27.6626,38.04759],[27.54596,38.02329]]}},{"type":"Feature","properties":{"id":"EUR_TRCS326","name":null,"slip_type":"Dextral","catalog_name":"SHARE","catalog_id":"EUR_TRCS326","average_dip":"(85.0,85,85)","dip_dir":null,"net_slip_rate":"(0.5,0.0001,1.0)"},"geometry":{"type":"LineString","coordinates":[[27.249,38.52026],[27.29674,38.61767]]}},{"type":"Feature","properties":{"id":"EUR_TRCS327","name":null,"slip_type":"Dextral","catalog_name":"SHARE","catalog_id":"EUR_TRCS327","average_dip":"(85.0,85,85)","dip_dir":null,"net_slip_rate":"(0.5,0.0001,1.0)"},"geometry":{"type":"LineString","coordinates":[[27.33624,38.50496],[27.36063,38.60384]]}},{"type":"Feature","properties":{"id":"EUR_TRCS328","name":null,"slip_type":"Dextral","catalog_name":"SHARE","catalog_id":"EUR_TRCS328","average_dip":"(85.0,85,85)","dip_dir":null,"net_slip_rate":"(0.5,0.0001,1.0)"},"geometry":{"type":"LineString","coordinates":[[27.28552,38.53722],[27.34768,38.58085]]}},{"type":"Feature","properties":{"id":"EUR_TRCS329","name":null,"slip_type":"Dextral-Normal","catalog_name":"SHARE","catalog_id":"EUR_TRCS329","average_dip":"(70.0,70,70)","dip_dir":null,"net_slip_rate":"(0.6,0.0001,1.1327)"},"geometry":{"type":"LineString","coordinates":[[36.1119,36.88732],[36.06685,36.95495],[36.02179,37.02259]]}},{"type":"Feature","properties":{"id":"EUR_TRCS330","name":null,"slip_type":"Sinistral-Normal","catalog_name":"SHARE","catalog_id":"EUR_TRCS330","average_dip":"(50.0,50,50)","dip_dir":null,"net_slip_rate":"None"},"geometry":{"type":"LineString","coordinates":[[29.18438,37.86004],[29.10711,37.92424],[29.02768,37.99023],[28.93777,38.04732],[28.82518,38.06775]]}},{"type":"Feature","properties":{"id":"EUR_TRCS331","name":null,"slip_type":"Normal","catalog_name":"SHARE","catalog_id":"EUR_TRCS331","average_dip":"(50.0,50,50)","dip_dir":null,"net_slip_rate":"(4.3,3.8276,4.8047)"},"geometry":{"type":"LineString","coordinates":[[28.88745,37.95975],[28.80014,37.97309],[28.69047,37.9703],[28.58815,37.93912],[28.47849,37.93747],[28.36956,37.92752],[28.26206,37.9105],[28.15458,37.89348],[28.04712,37.87647],[27.93969,37.85946],[27.83015,37.85781],[27.7219,37.87117],[27.61363,37.88454],[27.5201,37.92966]]}},{"type":"Feature","properties":{"id":"EUR_TRCS332","name":null,"slip_type":"Sinistral-Normal","catalog_name":"SHARE","catalog_id":"EUR_TRCS332","average_dip":"(70.0,70,70)","dip_dir":null,"net_slip_rate":"None"},"geometry":{"type":"LineString","coordinates":[[27.49943,37.84782],[27.36836,37.82709],[27.23484,37.83422]]}},{"type":"Feature","properties":{"id":"EUR_TRCS333","name":null,"slip_type":"Normal","catalog_name":"SHARE","catalog_id":"EUR_TRCS333","average_dip":"(60.0,60,60)","dip_dir":null,"net_slip_rate":"None"},"geometry":{"type":"LineString","coordinates":[[27.22918,37.71553],[27.35265,37.74537]]}},{"type":"Feature","properties":{"id":"EUR_TRCS335","name":null,"slip_type":"Sinistral-Normal","catalog_name":"SHARE","catalog_id":"EUR_TRCS335","average_dip":"(50.0,50,50)","dip_dir":null,"net_slip_rate":"None"},"geometry":{"type":"LineString","coordinates":[[29.32789,37.74387],[29.24624,37.752],[29.14164,37.73512],[29.03568,37.74547],[28.94502,37.79009],[28.84573,37.82129],[28.74532,37.85024]]}},{"type":"Feature","properties":{"id":"EUR_TRCS336","name":null,"slip_type":"Normal","catalog_name":"SHARE","catalog_id":"EUR_TRCS336","average_dip":"(50.0,50,50)","dip_dir":null,"net_slip_rate":"(1.4,0.9138,1.9733)"},"geometry":{"type":"LineString","coordinates":[[28.84021,37.885],[28.78279,37.92173],[28.67252,37.92528],[28.5773,37.88131],[28.46889,37.8653],[28.36115,37.84678],[28.25336,37.82854],[28.14659,37.80698],[28.0365,37.80339],[27.92651,37.7982],[27.82615,37.76232],[27.71615,37.75832],[27.60735,37.77182]]}},{"type":"Feature","properties":{"id":"EUR_TRCS337","name":null,"slip_type":"Sinistral-Normal","catalog_name":"SHARE","catalog_id":"EUR_TRCS337","average_dip":"(60.0,50,70)","dip_dir":null,"net_slip_rate":"(1.6,0.8455,2.2655)"},"geometry":{"type":"LineString","coordinates":[[27.59588,37.7584],[27.53685,37.68919],[27.47904,37.61799],[27.43989,37.53925],[27.34352,37.5029],[27.24658,37.4676],[27.14967,37.43233]]}},{"type":"Feature","properties":{"id":"EUR_TRCS338","name":null,"slip_type":"Normal","catalog_name":"SHARE","catalog_id":"EUR_TRCS338","average_dip":"(60.0,60,60)","dip_dir":null,"net_slip_rate":"None"},"geometry":{"type":"LineString","coordinates":[[27.31571,37.06819],[27.40198,37.03398],[27.48822,36.99979]]}},{"type":"Feature","properties":{"id":"EUR_TRCS339","name":null,"slip_type":"Sinistral-Normal","catalog_name":"SHARE","catalog_id":"EUR_TRCS339","average_dip":"(70.0,70,70)","dip_dir":null,"net_slip_rate":"(1.0,0.0001,2.0696)"},"geometry":{"type":"LineString","coordinates":[[35.91177,37.54642],[35.81334,37.49742],[35.71489,37.44841],[35.61835,37.39713],[35.52604,37.34122],[35.43378,37.28534],[35.34135,37.2297],[35.24885,37.1742],[35.1564,37.11873],[35.06399,37.06328],[34.97162,37.00786]]}},{"type":"Feature","properties":{"id":"EUR_TRCS340","name":null,"slip_type":"Sinistral","catalog_name":"SHARE","catalog_id":"EUR_TRCS340","average_dip":"(80.0,80,80)","dip_dir":null,"net_slip_rate":"(1.5,1.0,2.0103)"},"geometry":{"type":"LineString","coordinates":[[36.23084,37.5006],[36.25299,37.59517],[36.30286,37.69169]]}},{"type":"Feature","properties":{"id":"EUR_TRCS341","name":null,"slip_type":"Sinistral","catalog_name":"SHARE","catalog_id":"EUR_TRCS341","average_dip":"(80.0,80,80)","dip_dir":null,"net_slip_rate":"(1.5,1.0,2.0103)"},"geometry":{"type":"LineString","coordinates":[[36.38969,37.6456],[36.26955,37.56873]]}},{"type":"Feature","properties":{"id":"EUR_TRCS342","name":null,"slip_type":"Sinistral","catalog_name":"SHARE","catalog_id":"EUR_TRCS342","average_dip":"(80.0,80,80)","dip_dir":null,"net_slip_rate":"(1.5,1.0,2.0103)"},"geometry":{"type":"LineString","coordinates":[[36.31655,37.34238],[36.21032,37.2415]]}},{"type":"Feature","properties":{"id":"EUR_TRCS343","name":null,"slip_type":"Sinistral","catalog_name":"SHARE","catalog_id":"EUR_TRCS343","average_dip":"(85.0,80,90)","dip_dir":null,"net_slip_rate":"(1.5,1.0,2.0103)"},"geometry":{"type":"LineString","coordinates":[[36.17621,37.15564],[36.19957,37.21997],[36.24018,37.2892],[36.24985,37.36521]]}},{"type":"Feature","properties":{"id":"EUR_TRCS344","name":null,"slip_type":"Sinistral","catalog_name":"SHARE","catalog_id":"EUR_TRCS344","average_dip":"(80.0,80,80)","dip_dir":null,"net_slip_rate":"(2.0,1.0,3.0)"},"geometry":{"type":"LineString","coordinates":[[36.5679,37.26381],[36.47711,37.23586],[36.38381,37.16996],[36.26887,37.13161],[36.15397,37.09328]]}},{"type":"Feature","properties":{"id":"EUR_TRCS349","name":null,"slip_type":"Sinistral","catalog_name":"SHARE","catalog_id":"EUR_TRCS349","average_dip":"(80.0,80,80)","dip_dir":null,"net_slip_rate":"(2.0,1.0,3.0427)"},"geometry":{"type":"LineString","coordinates":[[36.25605,36.67267],[36.16236,36.62203],[36.06842,36.57125],[35.97594,36.51883],[35.88789,36.46178],[35.79987,36.40476],[35.71189,36.34775]]}},{"type":"Feature","properties":{"id":"EUR_TRCS350","name":null,"slip_type":"Sinistral","catalog_name":"SHARE","catalog_id":"EUR_TRCS350","average_dip":"(80.0,80,80)","dip_dir":null,"net_slip_rate":"(2.0,2.0,2.0)"},"geometry":{"type":"LineString","coordinates":[[36.1248,37.65855],[36.0933,37.57605],[36.05984,37.4884],[36.00556,37.4076],[35.97274,37.31982],[35.91491,37.24065],[35.85618,37.16192],[35.79746,37.08322]]}},{"type":"Feature","properties":{"id":"EUR_TRCS351","name":null,"slip_type":"Sinistral","catalog_name":"SHARE","catalog_id":"EUR_TRCS351","average_dip":"(80.0,80,80)","dip_dir":null,"net_slip_rate":"(2.0,2.0,2.0)"},"geometry":{"type":"LineString","coordinates":[[35.79239,37.06233],[35.73989,36.99494],[35.67829,36.92838],[35.62778,36.85611],[35.56563,36.78993]]}},{"type":"Feature","properties":{"id":"EUR_TRCS352","name":null,"slip_type":"Normal","catalog_name":"SHARE","catalog_id":"EUR_TRCS352","average_dip":"(50.0,50,50)","dip_dir":null,"net_slip_rate":"(1.3,0.0001,2.6108)"},"geometry":{"type":"LineString","coordinates":[[27.19216,37.99619],[27.31041,37.98958]]}},{"type":"Feature","properties":{"id":"EUR_TRCS353","name":null,"slip_type":"Normal","catalog_name":"SHARE","catalog_id":"EUR_TRCS353","average_dip":"(50.0,50,50)","dip_dir":null,"net_slip_rate":"(0.7,0.0001,1.3054)"},"geometry":{"type":"LineString","coordinates":[[27.13731,37.99107],[27.05074,38.06571],[26.92431,38.08435]]}},{"type":"Feature","properties":{"id":"EUR_TRCS354","name":null,"slip_type":"Normal","catalog_name":"SHARE","catalog_id":"EUR_TRCS354","average_dip":"(50.0,50,50)","dip_dir":null,"net_slip_rate":"(0.7,0.0001,1.3054)"},"geometry":{"type":"LineString","coordinates":[[27.28937,38.43223],[27.16271,38.42504],[27.04117,38.39087],[26.91226,38.38547]]}},{"type":"Feature","properties":{"id":"EUR_TRCS355","name":null,"slip_type":"Normal","catalog_name":"SHARE","catalog_id":"EUR_TRCS355","average_dip":"(60.0,60,60)","dip_dir":null,"net_slip_rate":"(0.6,0.0001,1.1547)"},"geometry":{"type":"LineString","coordinates":[[27.14708,38.36756],[27.23514,38.36407]]}},{"type":"Feature","properties":{"id":"EUR_TRCS356","name":null,"slip_type":"Normal","catalog_name":"SHARE","catalog_id":"EUR_TRCS356","average_dip":"(50.0,50,50)","dip_dir":null,"net_slip_rate":"(0.7,0.0001,1.3054)"},"geometry":{"type":"LineString","coordinates":[[29.87261,37.14106],[29.80647,37.07387]]}},{"type":"Feature","properties":{"id":"EUR_TRCS357","name":null,"slip_type":"Normal","catalog_name":"SHARE","catalog_id":"EUR_TRCS357","average_dip":"(50.0,50,50)","dip_dir":null,"net_slip_rate":"(1.3,0.0001,2.6108)"},"geometry":{"type":"LineString","coordinates":[[29.81291,36.99449],[29.78425,37.06107]]}},{"type":"Feature","properties":{"id":"EUR_TRCS358","name":null,"slip_type":"Normal","catalog_name":"SHARE","catalog_id":"EUR_TRCS358","average_dip":"(50.0,50,50)","dip_dir":null,"net_slip_rate":"(1.3,0.0001,2.6108)"},"geometry":{"type":"LineString","coordinates":[[27.19653,38.07639],[27.10132,38.13733]]}},{"type":"Feature","properties":{"id":"EUR_TRCS359","name":null,"slip_type":"Dextral","catalog_name":"SHARE","catalog_id":"EUR_TRCS359","average_dip":"(85.0,85,85)","dip_dir":null,"net_slip_rate":"(1.0,0.0001,2.0)"},"geometry":{"type":"LineString","coordinates":[[27.25684,38.18037],[27.20647,38.08483],[27.18852,37.97747]]}},{"type":"Feature","properties":{"id":"EUR_TRCS360","name":null,"slip_type":"Dextral","catalog_name":"SHARE","catalog_id":"EUR_TRCS360","average_dip":"(80.0,80,80)","dip_dir":null,"net_slip_rate":"(1.0,0.0001,2.0)"},"geometry":{"type":"LineString","coordinates":[[27.11271,38.39758],[27.09311,38.32267],[27.03756,38.24289],[26.96,38.17543],[26.9042,38.09581],[26.87492,38.00787]]}},{"type":"Feature","properties":{"id":"EUR_TRCS361","name":null,"slip_type":"Dextral","catalog_name":"SHARE","catalog_id":"EUR_TRCS361","average_dip":"(80.0,80,80)","dip_dir":null,"net_slip_rate":"(1.0,0.0001,2.0)"},"geometry":{"type":"LineString","coordinates":[[26.93779,38.37424],[26.86309,38.29962],[26.82103,38.20287],[26.77897,38.10614]]}},{"type":"Feature","properties":{"id":"EUR_TRCS362","name":null,"slip_type":"Dextral","catalog_name":"SHARE","catalog_id":"EUR_TRCS362","average_dip":"(80.0,80,80)","dip_dir":null,"net_slip_rate":"(0.5,0.0001,1.0)"},"geometry":{"type":"LineString","coordinates":[[27.29836,38.7503],[27.15695,38.76607],[27.0144,38.77611]]}},{"type":"Feature","properties":{"id":"EUR_TRCS363","name":null,"slip_type":"Sinistral","catalog_name":"SHARE","catalog_id":"EUR_TRCS363","average_dip":"(80.0,80,80)","dip_dir":null,"net_slip_rate":"(1.0,0.0001,2.0)"},"geometry":{"type":"LineString","coordinates":[[26.91141,38.65505],[26.91784,38.74017],[26.90037,38.82822],[26.82455,38.89495]]}},{"type":"Feature","properties":{"id":"EUR_TRCS364","name":null,"slip_type":"Dextral-Normal","catalog_name":"SHARE","catalog_id":"EUR_TRCS364","average_dip":"(85.0,85,85)","dip_dir":null,"net_slip_rate":"(0.3,0.0001,0.5847)"},"geometry":{"type":"LineString","coordinates":[[27.45103,38.37343],[27.38175,38.3271],[27.28838,38.29748],[27.1896,38.28223]]}},{"type":"Feature","properties":{"id":"EUR_TRCS365","name":null,"slip_type":"Normal","catalog_name":"SHARE","catalog_id":"EUR_TRCS365","average_dip":"(50.0,50,50)","dip_dir":null,"net_slip_rate":"(1.3,0.0001,2.6108)"},"geometry":{"type":"LineString","coordinates":[[27.24299,38.46057],[27.1364,38.46492],[27.04366,38.5086]]}},{"type":"Feature","properties":{"id":"EUR_TRCS366","name":null,"slip_type":"Dextral","catalog_name":"SHARE","catalog_id":"EUR_TRCS366","average_dip":"(85.0,80,90)","dip_dir":null,"net_slip_rate":"(1.0,0.0001,2.0)"},"geometry":{"type":"LineString","coordinates":[[27.0169,38.22989],[26.92411,38.22082],[26.83058,38.22107]]}},{"type":"Feature","properties":{"id":"EUR_TRCS367","name":null,"slip_type":"Dextral","catalog_name":"SHARE","catalog_id":"EUR_TRCS367","average_dip":"(85.0,85,85)","dip_dir":null,"net_slip_rate":"(1.0,0.0001,2.0)"},"geometry":{"type":"LineString","coordinates":[[27.14583,38.20556],[27.09675,38.14368],[27.02757,38.07321]]}},{"type":"Feature","properties":{"id":"EUR_TRCS368","name":null,"slip_type":"Dextral","catalog_name":"SHARE","catalog_id":"EUR_TRCS368","average_dip":"(85.0,85,85)","dip_dir":null,"net_slip_rate":"(1.0,0.0001,2.0)"},"geometry":{"type":"LineString","coordinates":[[26.61672,38.09306],[26.62985,38.18991],[26.62395,38.2879],[26.64517,38.38458]]}},{"type":"Feature","properties":{"id":"EUR_TRCS369","name":null,"slip_type":"Dextral-Normal","catalog_name":"SHARE","catalog_id":"EUR_TRCS369","average_dip":"(67.5,50,85)","dip_dir":null,"net_slip_rate":"(0.8,0.0001,1.5792)"},"geometry":{"type":"LineString","coordinates":[[27.50286,38.41214],[27.40573,38.42848],[27.32096,38.46992],[27.23616,38.51138]]}},{"type":"Feature","properties":{"id":"EUR_TRCS370","name":null,"slip_type":"Dextral","catalog_name":"SHARE","catalog_id":"EUR_TRCS370","average_dip":"(80.0,80,80)","dip_dir":null,"net_slip_rate":"(0.5,0.0001,1.0)"},"geometry":{"type":"LineString","coordinates":[[27.15662,38.67719],[27.01929,38.75517]]}},{"type":"Feature","properties":{"id":"EUR_TRCS371","name":null,"slip_type":"Dextral","catalog_name":"SHARE","catalog_id":"EUR_TRCS371","average_dip":"(80.0,80,80)","dip_dir":null,"net_slip_rate":"(0.5,0.0001,1.0)"},"geometry":{"type":"LineString","coordinates":[[27.06042,38.70517],[27.15961,38.65134]]}},{"type":"Feature","properties":{"id":"EUR_TRCS372","name":null,"slip_type":"Sinistral","catalog_name":"SHARE","catalog_id":"EUR_TRCS372","average_dip":"(77.5,70,85)","dip_dir":null,"net_slip_rate":"(1.1,0.0001,2.2655)"},"geometry":{"type":"LineString","coordinates":[[37.38284,37.99424],[37.27137,38.01263],[37.15588,38.03169],[37.04036,38.05075],[36.92481,38.06981],[36.80686,38.06585],[36.68927,38.05756],[36.58081,38.0209],[36.49008,37.96151],[36.4423,37.87655]]}},{"type":"Feature","properties":{"id":"EUR_TRCS373","name":null,"slip_type":"Dextral","catalog_name":"SHARE","catalog_id":"EUR_TRCS373","average_dip":"(87.5,85,90)","dip_dir":null,"net_slip_rate":"(2.0,1.0013,3.0004)"},"geometry":{"type":"LineString","coordinates":[[33.57129,40.88013],[33.5132,40.82954],[33.41723,40.78236],[33.32444,40.73175],[33.2124,40.71469],[33.13492,40.65105],[33.02783,40.62109]]}},{"type":"Feature","properties":{"id":"EUR_TRCS374","name":null,"slip_type":"Dextral","catalog_name":"SHARE","catalog_id":"EUR_TRCS374","average_dip":"(85.0,85,85)","dip_dir":null,"net_slip_rate":"(2.0,1.0013,3.0004)"},"geometry":{"type":"LineString","coordinates":[[34.40374,41.09856],[34.30941,41.05564],[34.19824,41.01937],[34.09038,40.97788],[33.97651,40.94697],[33.85702,40.93283]]}},{"type":"Feature","properties":{"id":"EUR_TRCS375","name":null,"slip_type":"Dextral-Normal","catalog_name":"SHARE","catalog_id":"EUR_TRCS375","average_dip":"(70.0,70,70)","dip_dir":null,"net_slip_rate":"(1.1,0.0001,2.2655)"},"geometry":{"type":"LineString","coordinates":[[33.52092,40.7197],[33.57354,40.81708]]}},{"type":"Feature","properties":{"id":"EUR_TRCS376","name":null,"slip_type":"Dextral","catalog_name":"SHARE","catalog_id":"EUR_TRCS376","average_dip":"(77.5,70,85)","dip_dir":null,"net_slip_rate":"(1.5,0.0001,3.0004)"},"geometry":{"type":"LineString","coordinates":[[33.57648,40.81879],[33.66323,40.85049],[33.74066,40.90919],[33.83577,40.95055],[33.93092,40.99193],[34.02331,41.03681],[34.1212,41.07455]]}},{"type":"Feature","properties":{"id":"EUR_TRCS377","name":null,"slip_type":"Sinistral-Normal","catalog_name":"SHARE","catalog_id":"EUR_TRCS377","average_dip":"(39.0,39,39)","dip_dir":null,"net_slip_rate":"(3.5,1.8775,5.1696)"},"geometry":{"type":"LineString","coordinates":[[32.98452,40.56163],[32.99894,40.66481],[33.01336,40.76798]]}},{"type":"Feature","properties":{"id":"EUR_TRCS378","name":null,"slip_type":"Dextral","catalog_name":"SHARE","catalog_id":"EUR_TRCS378","average_dip":"(80.0,80,80)","dip_dir":null,"net_slip_rate":"(2.0,1.0013,3.0004)"},"geometry":{"type":"LineString","coordinates":[[33.22189,40.85498],[33.13279,40.81529],[33.02082,40.78973],[32.90402,40.78587],[32.79061,40.80746],[32.68203,40.8404],[32.56647,40.85437]]}},{"type":"Feature","properties":{"id":"EUR_TRCS379","name":null,"slip_type":"Dextral","catalog_name":"SHARE","catalog_id":"EUR_TRCS379","average_dip":"(80.0,80,80)","dip_dir":null,"net_slip_rate":"(2.0,1.0013,3.0004)"},"geometry":{"type":"LineString","coordinates":[[33.21237,40.82462],[33.3139,40.83238],[33.43247,40.84985],[33.54601,40.88113],[33.66287,40.90456],[33.72667,40.9822],[33.83608,41.02136]]}},{"type":"Feature","properties":{"id":"EUR_TRCS380","name":null,"slip_type":"Normal","catalog_name":"SHARE","catalog_id":"EUR_TRCS380","average_dip":"(50.0,50,50)","dip_dir":null,"net_slip_rate":"(1.3,0.0001,2.6108)"},"geometry":{"type":"LineString","coordinates":[[31.31791,37.67451],[31.35004,37.57931],[31.3463,37.47725],[31.3128,37.37866]]}},{"type":"Feature","properties":{"id":"EUR_TRCS381","name":null,"slip_type":"Normal","catalog_name":"SHARE","catalog_id":"EUR_TRCS381","average_dip":"(60.0,60,60)","dip_dir":null,"net_slip_rate":"(1.2,0.0001,2.3094)"},"geometry":{"type":"LineString","coordinates":[[31.3733,37.32245],[31.37319,37.45242]]}},{"type":"Feature","properties":{"id":"EUR_TRCS382","name":null,"slip_type":"Normal","catalog_name":"SHARE","catalog_id":"EUR_TRCS382","average_dip":"(50.0,50,50)","dip_dir":null,"net_slip_rate":"(1.3,0.0001,2.6108)"},"geometry":{"type":"LineString","coordinates":[[31.40813,37.28364],[31.408,37.18769],[31.44979,37.09338],[31.46513,36.99411]]}},{"type":"Feature","properties":{"id":"EUR_TRCS383","name":null,"slip_type":"Normal","catalog_name":"SHARE","catalog_id":"EUR_TRCS383","average_dip":"(60.0,60,60)","dip_dir":null,"net_slip_rate":"(1.2,0.0001,2.3094)"},"geometry":{"type":"LineString","coordinates":[[31.50717,37.12159],[31.43164,37.23047]]}},{"type":"Feature","properties":{"id":"EUR_TRCS384","name":null,"slip_type":"Sinistral-Normal","catalog_name":"SHARE","catalog_id":"EUR_TRCS384","average_dip":"(65.0,65,65)","dip_dir":null,"net_slip_rate":"(1.0,0.0001,1.9337)"},"geometry":{"type":"LineString","coordinates":[[31.58108,37.06367],[31.50978,37.09677]]}},{"type":"Feature","properties":{"id":"EUR_TRCS385","name":null,"slip_type":"Sinistral-Normal","catalog_name":"SHARE","catalog_id":"EUR_TRCS385","average_dip":"(65.0,65,65)","dip_dir":null,"net_slip_rate":"(1.0,0.0001,1.9337)"},"geometry":{"type":"LineString","coordinates":[[31.58108,37.06367],[31.50978,37.09677]]}},{"type":"Feature","properties":{"id":"EUR_TRCS386","name":null,"slip_type":"Sinistral-Normal","catalog_name":"SHARE","catalog_id":"EUR_TRCS386","average_dip":"(65.0,65,65)","dip_dir":null,"net_slip_rate":"(1.0,0.0001,1.9337)"},"geometry":{"type":"LineString","coordinates":[[31.7332,36.77804],[31.65246,36.82687],[31.5717,36.87572],[31.4909,36.92459]]}},{"type":"Feature","properties":{"id":"EUR_TRCS387","name":null,"slip_type":"Sinistral-Normal","catalog_name":"SHARE","catalog_id":"EUR_TRCS387","average_dip":"(50.0,50,50)","dip_dir":null,"net_slip_rate":"(0.7,0.0001,1.3394)"},"geometry":{"type":"LineString","coordinates":[[26.60315,38.85743],[26.63925,38.78219],[26.67995,38.69859],[26.72714,38.61711],[26.76828,38.53366]]}},{"type":"Feature","properties":{"id":"EUR_TRCS388","name":null,"slip_type":"Dextral-Normal","catalog_name":"SHARE","catalog_id":"EUR_TRCS388","average_dip":"(60.0,60,60)","dip_dir":null,"net_slip_rate":"(1.3,0.0001,2.5166)"},"geometry":{"type":"LineString","coordinates":[[26.43397,38.78113],[26.49947,38.70727],[26.57691,38.6322],[26.62741,38.54426],[26.64205,38.44855],[26.65669,38.35285]]}},{"type":"Feature","properties":{"id":"EUR_TRCS389","name":null,"slip_type":"Sinistral-Normal","catalog_name":"SHARE","catalog_id":"EUR_TRCS389","average_dip":"(80.0,80,80)","dip_dir":null,"net_slip_rate":"(1.0,0.0001,2.0634)"},"geometry":{"type":"LineString","coordinates":[[26.58649,38.99072],[26.64793,38.90057],[26.72774,38.8161],[26.85641,38.78541]]}},{"type":"Feature","properties":{"id":"EUR_TRCS390","name":null,"slip_type":"Reverse","catalog_name":"SHARE","catalog_id":"EUR_TRCS390","average_dip":"(40.0,40,40)","dip_dir":null,"net_slip_rate":"(3.9,1.5557,6.3027)"},"geometry":{"type":"LineString","coordinates":[[30.78887,37.66907],[30.8135,37.58175],[30.83827,37.49398],[30.86303,37.40621],[30.88779,37.31844],[30.91185,37.23056],[30.95914,37.14888],[31.00643,37.06723],[31.06081,36.98845],[31.1299,36.91744],[31.19896,36.84646],[31.268,36.7755],[31.34048,36.70682],[31.41552,36.63998],[31.49054,36.57317],[31.56553,36.50638],[31.64049,36.43962],[31.71565,36.37305],[31.7909,36.3066],[31.86618,36.24022],[31.94143,36.17386],[32.01666,36.10753],[32.09185,36.04123],[32.16702,35.97495],[32.24216,35.9087],[32.31726,35.84247],[32.39234,35.77627]]}},{"type":"Feature","properties":{"id":"EUR_TRCS391","name":null,"slip_type":"Sinistral-Normal","catalog_name":"SHARE","catalog_id":"EUR_TRCS391","average_dip":"(65.0,60,70)","dip_dir":null,"net_slip_rate":"(9.0,4.9282,13.0128)"},"geometry":{"type":"LineString","coordinates":[[28.48211,37.09799],[28.38374,37.06565],[28.26929,37.05095],[28.15503,37.03543],[28.0417,37.05483],[27.92766,37.0383]]}},{"type":"Feature","properties":{"id":"EUR_TRCS392","name":null,"slip_type":"Sinistral-Normal","catalog_name":"SHARE","catalog_id":"EUR_TRCS392","average_dip":"(70.0,70,70)","dip_dir":null,"net_slip_rate":"None"},"geometry":{"type":"LineString","coordinates":[[27.76717,37.00233],[27.83125,37.05522],[27.89534,37.10813]]}},{"type":"Feature","properties":{"id":"EUR_TRCS393","name":null,"slip_type":"Sinistral-Normal","catalog_name":"SHARE","catalog_id":"EUR_TRCS393","average_dip":"(60.0,60,60)","dip_dir":null,"net_slip_rate":"(9.8,6.5064,13.0128)"},"geometry":{"type":"LineString","coordinates":[[27.74803,37.01032],[27.64084,36.99037],[27.51002,36.99055]]}},{"type":"Feature","properties":{"id":"EUR_TRCS394","name":null,"slip_type":"Normal","catalog_name":"SHARE","catalog_id":"EUR_TRCS394","average_dip":"(60.0,60,60)","dip_dir":null,"net_slip_rate":"(5.4,3.6056,7.2111)"},"geometry":{"type":"LineString","coordinates":[[27.65386,36.81425],[27.77255,36.81859],[27.89122,36.82293],[28.00991,36.82727]]}},{"type":"Feature","properties":{"id":"EUR_TRCS395","name":null,"slip_type":"Normal","catalog_name":"SHARE","catalog_id":"EUR_TRCS395","average_dip":"(60.0,60,60)","dip_dir":null,"net_slip_rate":"(5.4,3.6056,7.2111)"},"geometry":{"type":"LineString","coordinates":[[27.41208,36.78325],[27.5477,36.76362]]}},{"type":"Feature","properties":{"id":"EUR_TRCS396","name":null,"slip_type":"Sinistral","catalog_name":"SHARE","catalog_id":"EUR_TRCS396","average_dip":"(80.0,80,80)","dip_dir":null,"net_slip_rate":"(5.5,3.0,8.0642)"},"geometry":{"type":"LineString","coordinates":[[27.98008,37.12378],[27.90823,37.05248],[27.8281,36.98377],[27.74801,36.9151],[27.66794,36.84645],[27.58791,36.77784]]}},{"type":"Feature","properties":{"id":"EUR_TRCS397","name":null,"slip_type":"Dextral-Normal","catalog_name":"SHARE","catalog_id":"EUR_TRCS397","average_dip":"(80.0,80,80)","dip_dir":null,"net_slip_rate":"(1.0,0.0001,2.0634)"},"geometry":{"type":"LineString","coordinates":[[27.83624,37.15425],[27.7283,37.20284],[27.62031,37.25146]]}},{"type":"Feature","properties":{"id":"EUR_TRCS398","name":null,"slip_type":"Dextral-Normal","catalog_name":"SHARE","catalog_id":"EUR_TRCS398","average_dip":"(80.0,80,80)","dip_dir":null,"net_slip_rate":"(1.0,0.0001,2.0634)"},"geometry":{"type":"LineString","coordinates":[[27.69037,37.12635],[27.61418,37.19442]]}},{"type":"Feature","properties":{"id":"EUR_TRCS399","name":null,"slip_type":"Dextral-Normal","catalog_name":"SHARE","catalog_id":"EUR_TRCS399","average_dip":"(80.0,80,80)","dip_dir":null,"net_slip_rate":"(1.1,0.0001,2.1226)"},"geometry":{"type":"LineString","coordinates":[[25.76268,37.56996],[25.85714,37.62805],[25.95164,37.68617],[26.04618,37.74431],[26.14077,37.80249],[26.23541,37.86069],[26.33009,37.91892]]}},{"type":"Feature","properties":{"id":"EUR_TRCS407","name":null,"slip_type":"Reverse","catalog_name":"SHARE","catalog_id":"EUR_TRCS407","average_dip":"(34.0,30,38)","dip_dir":null,"net_slip_rate":"(1.0,0.0001,2.0)"},"geometry":{"type":"LineString","coordinates":[[36.48336,41.58981],[36.43403,41.6464],[36.3686,41.72144],[36.30316,41.79651],[36.23769,41.8716],[36.1722,41.94672],[36.10669,42.02187],[36.04115,42.09704],[35.95159,42.15709],[35.83526,42.18127],[35.7189,42.20545],[35.60249,42.22965],[35.48604,42.25385],[35.36955,42.27806],[35.25301,42.30228],[35.13644,42.32651],[35.01982,42.35074],[34.90316,42.37499],[34.78646,42.39924],[34.66972,42.42351],[34.55294,42.44778],[34.43656,42.4732],[34.3156,42.4656],[34.19467,42.458],[34.07374,42.4504],[33.95283,42.4428],[33.83193,42.4352],[33.71105,42.4276],[33.59011,42.4207],[33.46905,42.41513],[33.34801,42.40957],[33.22697,42.404],[33.10594,42.39844],[32.98493,42.39287],[32.86393,42.38731],[32.76293,42.33783],[32.67004,42.28039],[32.57972,42.22082],[32.49065,42.1603],[32.38631,42.11523],[32.27016,42.09089],[32.15406,42.06656],[32.038,42.04223],[31.92198,42.01792],[31.806,41.99361],[31.69007,41.96931],[31.58572,41.92464],[31.48874,41.87166],[31.3918,41.81871],[31.29492,41.7658],[31.19809,41.7129],[31.10131,41.66004],[30.98618,41.63521],[30.8707,41.6114],[30.75527,41.5876],[30.63988,41.56381],[30.52436,41.54047],[30.40886,41.51718],[30.2934,41.4939],[30.17864,41.46888],[30.05929,41.47355],[29.93994,41.47822],[29.82058,41.48289],[29.70121,41.48756],[29.58183,41.49223],[29.46244,41.4969],[29.34304,41.50158],[29.22362,41.5059],[29.10419,41.51023],[28.98474,41.51456],[28.86529,41.51889],[28.74584,41.52322],[28.62637,41.52755],[28.5069,41.53188]]}},{"type":"Feature","properties":{"id":"EUR_TRCS408","name":null,"slip_type":"Reverse","catalog_name":"SHARE","catalog_id":"EUR_TRCS408","average_dip":"(30.0,30,30)","dip_dir":null,"net_slip_rate":"(1.0,0.0001,2.0)"},"geometry":{"type":"LineString","coordinates":[[40.68169,41.16951],[40.77071,41.22724],[40.85975,41.28498],[40.94884,41.34275],[41.03798,41.40056],[41.12716,41.45839],[41.21639,41.51625],[41.30566,41.57414],[41.39498,41.63206],[41.48435,41.69002],[41.57376,41.748],[41.66322,41.80601]]}},{"type":"Feature","properties":{"id":"EUR_TRCS409","name":null,"slip_type":"Reverse","catalog_name":"SHARE","catalog_id":"EUR_TRCS409","average_dip":"(30.0,30,30)","dip_dir":null,"net_slip_rate":"(1.0,0.0001,2.0)"},"geometry":{"type":"LineString","coordinates":[[39.36704,41.26469],[39.48795,41.27526],[39.60885,41.28583],[39.72976,41.2964],[39.8507,41.30697],[39.97165,41.31755],[40.09262,41.32812],[40.21361,41.3387],[40.33462,41.34928],[40.45565,41.35986]]}},{"type":"Feature","properties":{"id":"EUR_TRCS410","name":null,"slip_type":"Reverse","catalog_name":"SHARE","catalog_id":"EUR_TRCS410","average_dip":"(30.0,30,30)","dip_dir":null,"net_slip_rate":"(1.0,0.0001,2.0)"},"geometry":{"type":"LineString","coordinates":[[38.33793,41.28253],[38.45459,41.29813],[38.57126,41.31374],[38.68796,41.32935],[38.80469,41.34496],[38.92144,41.36058],[39.03822,41.3762],[39.15503,41.39182],[39.27186,41.40745]]}},{"type":"Feature","properties":{"id":"EUR_TRCS411","name":null,"slip_type":"Reverse","catalog_name":"SHARE","catalog_id":"EUR_TRCS411","average_dip":"(30.0,30,30)","dip_dir":null,"net_slip_rate":"(1.0,0.0001,2.0)"},"geometry":{"type":"LineString","coordinates":[[37.04707,41.33607],[37.16369,41.33845],[37.28026,41.34083],[37.39684,41.34321],[37.51342,41.34559],[37.63001,41.34796],[37.7466,41.35034],[37.86319,41.35272],[37.97979,41.3551],[38.09639,41.35748],[38.213,41.35986]]}},{"type":"Feature","properties":{"id":"EUR_TRCS412","name":null,"slip_type":"Dextral-Normal","catalog_name":"SHARE","catalog_id":"EUR_TRCS412","average_dip":"(80.0,80,80)","dip_dir":null,"net_slip_rate":"(1.0,0.0001,2.0634)"},"geometry":{"type":"LineString","coordinates":[[28.10759,37.25937],[28.06792,37.35806]]}},{"type":"Feature","properties":{"id":"EUR_TRCS413","name":null,"slip_type":"Dextral-Normal","catalog_name":"SHARE","catalog_id":"EUR_TRCS413","average_dip":"(80.0,80,80)","dip_dir":null,"net_slip_rate":"(1.0,0.0001,2.0634)"},"geometry":{"type":"LineString","coordinates":[[28.09611,37.37252],[28.14942,37.28509],[28.25665,37.23684],[28.36609,37.19196]]}},{"type":"Feature","properties":{"id":"EUR_TRCS414","name":null,"slip_type":"Dextral-Normal","catalog_name":"SHARE","catalog_id":"EUR_TRCS414","average_dip":"(80.0,80,80)","dip_dir":null,"net_slip_rate":"(1.0,0.0001,2.0634)"},"geometry":{"type":"LineString","coordinates":[[28.54368,37.13155],[28.47295,37.17554],[28.40219,37.21955]]}},{"type":"Feature","properties":{"id":"EUR_TRCS415","name":null,"slip_type":"Dextral-Normal","catalog_name":"SHARE","catalog_id":"EUR_TRCS415","average_dip":"(80.0,80,80)","dip_dir":null,"net_slip_rate":"(1.0,0.0001,2.0634)"},"geometry":{"type":"LineString","coordinates":[[27.51941,37.43671],[27.61148,37.38943],[27.70887,37.34765],[27.81576,37.32496],[27.92262,37.30228]]}},{"type":"Feature","properties":{"id":"EUR_TRCS416","name":null,"slip_type":"Dextral-Normal","catalog_name":"SHARE","catalog_id":"EUR_TRCS416","average_dip":"(85.0,85,85)","dip_dir":null,"net_slip_rate":"(1.0,0.0001,2.062)"},"geometry":{"type":"LineString","coordinates":[[27.58554,38.8124],[27.606,38.90208],[27.62647,38.99176],[27.64693,39.08144],[27.66739,39.17113]]}},{"type":"Feature","properties":{"id":"EUR_TRCS417","name":null,"slip_type":"Dextral","catalog_name":"SHARE","catalog_id":"EUR_TRCS417","average_dip":"(85.0,85,85)","dip_dir":null,"net_slip_rate":"(3.0,3.0,3.0)"},"geometry":{"type":"LineString","coordinates":[[26.85807,39.76465],[26.93989,39.82141],[27.02174,39.8782],[27.10363,39.93501]]}},{"type":"Feature","properties":{"id":"EUR_TRCS418","name":null,"slip_type":"Dextral","catalog_name":"SHARE","catalog_id":"EUR_TRCS418","average_dip":"(85.0,85,85)","dip_dir":null,"net_slip_rate":"(0.5,0.0001,1.0)"},"geometry":{"type":"LineString","coordinates":[[28.66066,41.09099],[28.62895,41.17841],[28.59725,41.26581],[28.56555,41.35321],[28.53385,41.44063],[28.50214,41.52805],[28.47043,41.61548],[28.43872,41.70292],[28.407,41.79037],[28.37528,41.87782],[28.34356,41.96529],[28.31183,42.05276],[28.2801,42.14024],[28.24837,42.22773],[28.21664,42.31522],[28.1849,42.40273],[28.15316,42.49024],[28.12141,42.57776],[28.08967,42.6653],[28.05792,42.75283],[28.02616,42.84038],[27.99441,42.92793]]}},{"type":"Feature","properties":{"id":"EUR_TRCS419","name":null,"slip_type":"Normal","catalog_name":"SHARE","catalog_id":"EUR_TRCS419","average_dip":"(60.0,50,70)","dip_dir":null,"net_slip_rate":"(1.3,0.0001,2.6185)"},"geometry":{"type":"LineString","coordinates":[[29.9167,36.71263],[29.92438,36.6544],[29.97391,36.58223],[30.03923,36.51871],[30.12627,36.4752]]}},{"type":"Feature","properties":{"id":"EUR_TRCS420","name":null,"slip_type":"Normal","catalog_name":"SHARE","catalog_id":"EUR_TRCS420","average_dip":"(50.0,50,50)","dip_dir":null,"net_slip_rate":"(1.3,0.0001,2.6185)"},"geometry":{"type":"LineString","coordinates":[[30.06329,36.85669],[30.0333,36.78659],[30.03437,36.71015]]}},{"type":"Feature","properties":{"id":"EUR_TRCS421","name":null,"slip_type":"Normal","catalog_name":"SHARE","catalog_id":"EUR_TRCS421","average_dip":"(50.0,50,50)","dip_dir":null,"net_slip_rate":"(0.7,0.0001,1.3054)"},"geometry":{"type":"LineString","coordinates":[[30.87414,37.82695],[30.86659,37.73179],[30.86599,37.63281],[30.93032,37.54795]]}},{"type":"Feature","properties":{"id":"EUR_TRCS422","name":null,"slip_type":"Normal","catalog_name":"SHARE","catalog_id":"EUR_TRCS422","average_dip":"(50.0,50,50)","dip_dir":null,"net_slip_rate":"(2.6,1.3054,3.9162)"},"geometry":{"type":"LineString","coordinates":[[30.19638,38.04958],[30.13452,38.11682],[30.06596,38.18057],[29.99053,38.23938]]}},{"type":"Feature","properties":{"id":"EUR_TRCS423","name":null,"slip_type":"Normal","catalog_name":"SHARE","catalog_id":"EUR_TRCS423","average_dip":"(50.0,50,50)","dip_dir":null,"net_slip_rate":"(1.3,0.0001,2.6108)"},"geometry":{"type":"LineString","coordinates":[[30.26669,37.94646],[30.19473,38.00527]]}},{"type":"Feature","properties":{"id":"EUR_TRCS424","name":null,"slip_type":"Sinistral","catalog_name":"SHARE","catalog_id":"EUR_TRCS424","average_dip":"(85.0,85,85)","dip_dir":null,"net_slip_rate":"(2.5,2.0,3.0)"},"geometry":{"type":"LineString","coordinates":[[42.72476,39.32968],[42.70255,39.23295],[42.68033,39.13623]]}},{"type":"Feature","properties":{"id":"EUR_TRCS425","name":null,"slip_type":"Dextral-Reverse","catalog_name":"SHARE","catalog_id":"EUR_TRCS425","average_dip":"(75.0,75,75)","dip_dir":null,"net_slip_rate":"(1.1,0.0001,2.2521)"},"geometry":{"type":"LineString","coordinates":[[39.97521,39.5041],[39.89898,39.55195],[39.78003,39.57341],[39.66047,39.5929]]}},{"type":"Feature","properties":{"id":"EUR_TRCS426","name":null,"slip_type":"Sinistral","catalog_name":"SHARE","catalog_id":"EUR_TRCS426","average_dip":"(85.0,85,85)","dip_dir":null,"net_slip_rate":"(2.0,1.0,3.0)"},"geometry":{"type":"LineString","coordinates":[[42.62757,39.08521],[42.73306,39.12664],[42.83859,39.16807],[42.94418,39.20953]]}},{"type":"Feature","properties":{"id":"EUR_TRCS427","name":null,"slip_type":"Dextral","catalog_name":"SHARE","catalog_id":"EUR_TRCS427","average_dip":"(70.0,70,70)","dip_dir":null,"net_slip_rate":"(3.1,1.0,5.112)"},"geometry":{"type":"LineString","coordinates":[[36.90152,40.52973],[36.79084,40.56],[36.68013,40.59029],[36.56937,40.62059],[36.45857,40.6509],[36.34773,40.68122],[36.23684,40.71155],[36.1259,40.7419],[36.01492,40.77226]]}},{"type":"Feature","properties":{"id":"EUR_TRCS428","name":null,"slip_type":"Sinistral","catalog_name":"SHARE","catalog_id":"EUR_TRCS428","average_dip":"(80.0,80,80)","dip_dir":null,"net_slip_rate":"(2.0,1.0,3.0)"},"geometry":{"type":"LineString","coordinates":[[43.71596,37.84421],[43.65198,37.78508],[43.60021,37.71652],[43.54263,37.65095]]}},{"type":"Feature","properties":{"id":"EUR_TRCS429","name":null,"slip_type":"Dextral","catalog_name":"SHARE","catalog_id":"EUR_TRCS429","average_dip":"(85.0,85,85)","dip_dir":null,"net_slip_rate":"(5.5,3.0,8.0)"},"geometry":{"type":"LineString","coordinates":[[43.38722,40.16072],[43.49858,40.16366],[43.611,40.16664],[43.7186,40.14162]]}},{"type":"Feature","properties":{"id":"EUR_TRCS430","name":null,"slip_type":"Dextral","catalog_name":"SHARE","catalog_id":"EUR_TRCS430","average_dip":"(85.0,85,85)","dip_dir":null,"net_slip_rate":"(6.5,5.0,8.0)"},"geometry":{"type":"LineString","coordinates":[[44.02013,40.0721],[44.11726,40.03392],[44.22457,39.99173],[44.33183,39.94956],[44.43905,39.90741],[44.52764,39.84486],[44.62235,39.7879],[44.71812,39.73208],[44.81384,39.6763],[44.90951,39.62054]]}},{"type":"Feature","properties":{"id":"EUR_TRCS431","name":null,"slip_type":"Dextral","catalog_name":"SHARE","catalog_id":"EUR_TRCS431","average_dip":"(85.0,85,85)","dip_dir":null,"net_slip_rate":"(4.0,2.0,6.0)"},"geometry":{"type":"LineString","coordinates":[[44.29431,38.96448],[44.23013,39.01997],[44.16592,39.07549]]}},{"type":"Feature","properties":{"id":"EUR_TRCS432","name":null,"slip_type":"Dextral","catalog_name":"SHARE","catalog_id":"EUR_TRCS432","average_dip":"(85.0,85,85)","dip_dir":null,"net_slip_rate":"(6.5,5.0,8.0)"},"geometry":{"type":"LineString","coordinates":[[44.36716,37.02651],[44.25372,37.06333],[44.14024,37.10016]]}},{"type":"Feature","properties":{"id":"EUR_TRCS433","name":null,"slip_type":"Dextral","catalog_name":"SHARE","catalog_id":"EUR_TRCS433","average_dip":"(85.0,85,85)","dip_dir":null,"net_slip_rate":"(6.5,5.0,8.0)"},"geometry":{"type":"LineString","coordinates":[[44.36925,37.02538],[44.30375,37.09257],[44.23823,37.15978]]}},{"type":"Feature","properties":{"id":"EUR_TRCS434","name":null,"slip_type":"Dextral","catalog_name":"SHARE","catalog_id":"EUR_TRCS434","average_dip":"(85.0,85,85)","dip_dir":null,"net_slip_rate":"(4.0,3.0,5.0)"},"geometry":{"type":"LineString","coordinates":[[33.02329,40.57733],[33.0231,40.51246]]}},{"type":"Feature","properties":{"id":"EUR_TRCS435","name":null,"slip_type":"Sinistral-Normal","catalog_name":"SHARE","catalog_id":"EUR_TRCS435","average_dip":"(60.0,60,60)","dip_dir":null,"net_slip_rate":"(2.8,1.5275,4.0)"},"geometry":{"type":"LineString","coordinates":[[33.1782,40.55057],[33.13178,40.6091]]}},{"type":"Feature","properties":{"id":"EUR_TRCS436","name":null,"slip_type":"Dextral","catalog_name":"SHARE","catalog_id":"EUR_TRCS436","average_dip":"(85.0,85,85)","dip_dir":null,"net_slip_rate":"(2.0,1.0013,3.0004)"},"geometry":{"type":"LineString","coordinates":[[33.04985,40.52088],[33.12603,40.54452]]}},{"type":"Feature","properties":{"id":"EUR_TRCS437","name":null,"slip_type":"Dextral","catalog_name":"SHARE","catalog_id":"EUR_TRCS437","average_dip":"(85.0,85,85)","dip_dir":null,"net_slip_rate":"(1.5,1.0,2.0)"},"geometry":{"type":"LineString","coordinates":[[33.42516,39.4074],[33.49939,39.36384],[33.59331,39.30874],[33.68717,39.25366],[33.78099,39.19861],[33.87476,39.14359],[33.97066,39.0909],[34.07235,39.0453],[34.17505,39.00118],[34.2777,38.95708],[34.37288,38.90388],[34.4801,38.86719],[34.5792,38.81867],[34.67826,38.77017]]}},{"type":"Feature","properties":{"id":"EUR_TRCS438","name":null,"slip_type":"Normal","catalog_name":"SHARE","catalog_id":"EUR_TRCS438","average_dip":"(46.0,46,46)","dip_dir":null,"net_slip_rate":"(0.7,0.0001,1.3902)"},"geometry":{"type":"LineString","coordinates":[[29.03487,39.08503],[28.97043,39.14423],[28.88426,39.20118]]}},{"type":"Feature","properties":{"id":"EUR_TRCS439","name":null,"slip_type":"Sinistral","catalog_name":"SHARE","catalog_id":"EUR_TRCS439","average_dip":"(80.0,80,80)","dip_dir":null,"net_slip_rate":"(2.0,1.0,3.0)"},"geometry":{"type":"LineString","coordinates":[[33.49813,36.58278],[33.58748,36.63453],[33.67685,36.6863],[33.76626,36.73809],[33.85571,36.7899],[33.94521,36.84173],[34.03474,36.89359],[34.12431,36.94547],[34.21392,36.99738],[34.30358,37.04931],[34.39327,37.10126],[34.483,37.15323]]}},{"type":"Feature","properties":{"id":"EUR_TRCS901","name":null,"slip_type":"Normal","catalog_name":"SHARE","catalog_id":"EUR_TRCS901","average_dip":"(65.0,50,80)","dip_dir":null,"net_slip_rate":"(0.9,0.6,1.1)"},"geometry":{"type":"LineString","coordinates":[[26.43303,40.01073],[26.41847,40.00223],[26.40577,40.00077],[26.37777,39.99051],[26.36582,39.98787],[26.35124,39.97718],[26.3344,39.97127],[26.31846,39.96891],[26.29591,39.96868],[26.27456,39.96514],[26.25321,39.9616],[26.23998,39.95947],[26.22505,39.95885],[26.206,39.95876],[26.18014,39.96042],[26.16901,39.96231]]}},{"type":"Feature","properties":{"id":"EUR_TRCS904","name":null,"slip_type":"Normal","catalog_name":"SHARE","catalog_id":"EUR_TRCS904","average_dip":"(62.5,45,80)","dip_dir":null,"net_slip_rate":"(1.6,0.8,2.5)"},"geometry":{"type":"LineString","coordinates":[[25.66288,39.51613],[25.69808,39.52736],[25.73328,39.53858],[25.78498,39.5429],[25.83668,39.54722],[25.88069,39.54031],[25.92469,39.5334],[25.96099,39.51872],[25.99729,39.50404],[26.02589,39.48936],[26.05449,39.47469],[26.10289,39.45396]]}},{"type":"Feature","properties":{"id":"EUR_TRCS905","name":null,"slip_type":"Normal","catalog_name":"SHARE","catalog_id":"EUR_TRCS905","average_dip":"(65.0,50,80)","dip_dir":null,"net_slip_rate":"(0.8,0.7,1.0)"},"geometry":{"type":"LineString","coordinates":[[27.6103,38.50589],[27.59354,38.51837],[27.5828,38.53119],[27.56776,38.55514],[27.54111,38.57706],[27.50588,38.59899],[27.4788,38.61012],[27.45946,38.61417],[27.44786,38.6135],[27.43583,38.60979],[27.41563,38.60776],[27.3791,38.60776],[27.34086,38.61417],[27.30433,38.62463],[27.27682,38.63643]]}},{"type":"Feature","properties":{"id":"EUR_TRCS907","name":null,"slip_type":"Normal","catalog_name":"SHARE","catalog_id":"EUR_TRCS907","average_dip":"(57.5,45,70)","dip_dir":null,"net_slip_rate":"(0.8,0.5,1.0)"},"geometry":{"type":"LineString","coordinates":[[26.51591,38.4323],[26.49293,38.44723],[26.46124,38.4634],[26.43113,38.48082],[26.40577,38.49699],[26.38517,38.51005],[26.35902,38.52809]]}},{"type":"Feature","properties":{"id":"EUR_TRCS912","name":null,"slip_type":"Dextral-Normal","catalog_name":"SHARE","catalog_id":"EUR_TRCS912","average_dip":"(75.0,65,85)","dip_dir":null,"net_slip_rate":"(0.8,0.5,1.0)"},"geometry":{"type":"LineString","coordinates":[[27.51963,37.83899],[27.50416,37.83157],[27.48783,37.82077],[27.47322,37.79446],[27.45603,37.77894],[27.43368,37.7722],[27.41133,37.76073],[27.4036,37.7533],[27.39844,37.73846],[27.38039,37.70743],[27.35547,37.68719],[27.34086,37.67235],[27.30562,37.65885],[27.26608,37.64671],[27.236,37.63457],[27.20678,37.62445],[27.17756,37.62242],[27.14661,37.6204]]}},{"type":"Feature","properties":{"id":"EUR_TRCS913","name":null,"slip_type":"Normal","catalog_name":"SHARE","catalog_id":"EUR_TRCS913","average_dip":"(62.5,50,75)","dip_dir":null,"net_slip_rate":"(1.8,0.5,3.0)"},"geometry":{"type":"LineString","coordinates":[[27.3918,36.93612],[27.47193,36.95168],[27.52976,36.95947],[27.58346,36.96271],[27.6417,36.96943],[27.69434,36.97655],[27.743,36.98066],[27.79165,36.98476],[27.88495,36.99508],[27.93214,37.00006],[27.97934,37.00505],[28.03925,37.01004],[28.09915,37.01503],[28.17176,37.02358],[28.24437,37.0364],[28.32969,37.04922]]}},{"type":"Feature","properties":{"id":"EUR_TRCS996","name":null,"slip_type":"Sinistral","catalog_name":"SHARE","catalog_id":"EUR_TRCS996","average_dip":"(72.5,55,90)","dip_dir":null,"net_slip_rate":"(27.7,26.5,28.8881)"},"geometry":{"type":"LineString","coordinates":[[28.02602,40.80224],[27.88107,40.81148],[27.71014,40.80818],[27.57564,40.80378],[27.50138,40.79608],[27.42433,40.77738],[27.3362,40.75212],[27.20682,40.71547],[27.13691,40.7],[27.06701,40.6829],[26.98771,40.65521],[26.90007,40.61693],[26.84888,40.59541],[26.68183,40.53216],[26.58505,40.4916],[26.48827,40.45104],[26.32103,40.37128],[26.2005,40.31579],[26.08559,40.27235],[25.92666,40.24731],[25.77382,40.21203],[25.62851,40.16158],[25.52408,40.12352],[25.38953,40.09225],[25.25162,40.05351],[25.0815,40.00668],[25.0054,39.98484]]}},{"type":"Feature","properties":{"id":"EUR_TRCS997","name":null,"slip_type":"Sinistral-Reverse","catalog_name":"SHARE","catalog_id":"EUR_TRCS997","average_dip":"(55.0,40,70)","dip_dir":null,"net_slip_rate":"(0.8,0.19,1.5)"},"geometry":{"type":"LineString","coordinates":[[36.07331,35.76788],[35.96844,35.64406],[35.86357,35.52024],[35.75869,35.39642],[35.6597,35.31402],[35.56071,35.23162],[35.42095,35.17189],[35.28118,35.11216],[35.07746,35.04533],[34.91383,35.00306],[34.7498,34.96779],[34.56439,34.94298],[34.45228,34.94279],[34.34017,34.9426],[34.16578,34.9423],[34.04581,34.97009],[33.92583,34.99788]]}},{"type":"Feature","properties":{"id":"EUR_TRCS998","name":null,"slip_type":"Reverse","catalog_name":"SHARE","catalog_id":"EUR_TRCS998","average_dip":"(60.0,40,80)","dip_dir":null,"net_slip_rate":"(1.7,0.36,3.0)"},"geometry":{"type":"LineString","coordinates":[[34.94931,35.74497],[34.85893,35.65734],[34.76855,35.5697],[34.6863,35.52057],[34.60405,35.47144],[34.50145,35.41528],[34.39884,35.35911],[34.29132,35.32273],[34.1838,35.28635],[34.05889,35.25682],[33.93398,35.22729],[33.83421,35.22008],[33.73444,35.21287],[33.62723,35.21386],[33.5494,35.22621],[33.47158,35.23856]]}},{"type":"Feature","properties":{"id":"EUR_TRCS999","name":null,"slip_type":"Sinistral-Reverse","catalog_name":"SHARE","catalog_id":"EUR_TRCS999","average_dip":"(70.0,50,90)","dip_dir":null,"net_slip_rate":"(1.7,0.4,3.0)"},"geometry":{"type":"LineString","coordinates":[[34.87975,35.86575],[34.94229,35.94497],[35.00484,36.02419],[35.07988,36.10757],[35.15493,36.19096],[35.22581,36.2806],[35.29669,36.37024],[35.37382,36.45154],[35.45095,36.53285],[35.51975,36.59747],[35.58855,36.66209],[35.68861,36.76633],[35.75784,36.82441],[35.82707,36.8825],[35.94711,36.96229],[36.05551,37.05818]]}},{"type":"Feature","properties":{"id":"PB_3404.0","name":null,"slip_type":"Spreading_Ridge","catalog_name":"Bird 2003","catalog_id":"PB_3404.0","average_dip":null,"dip_dir":null,"net_slip_rate":"(19.3,,)"},"geometry":{"type":"LineString","coordinates":[[29.731,35.427],[29.389,35.728]]}},{"type":"Feature","properties":{"id":"PB_3405.0","name":null,"slip_type":"Spreading_Ridge","catalog_name":"Bird 2003","catalog_id":"PB_3405.0","average_dip":null,"dip_dir":null,"net_slip_rate":"(18.6,,)"},"geometry":{"type":"LineString","coordinates":[[29.389,35.728],[29.137,35.97]]}},{"type":"Feature","properties":{"id":"PB_3406.0","name":null,"slip_type":"Spreading_Ridge","catalog_name":"Bird 2003","catalog_id":"PB_3406.0","average_dip":null,"dip_dir":null,"net_slip_rate":"(17.8,,)"},"geometry":{"type":"LineString","coordinates":[[29.137,35.97],[28.789,36.361]]}},{"type":"Feature","properties":{"id":"PB_5442.0","name":null,"slip_type":"Subduction_Thrust","catalog_name":"Bird 2003","catalog_id":"PB_5442.0","average_dip":null,"dip_dir":null,"net_slip_rate":"(37.1,,)"},"geometry":{"type":"LineString","coordinates":[[22,35.8906],[22.375,35.742]]}},{"type":"Feature","properties":{"id":"PB_5443.0","name":null,"slip_type":"Subduction_Thrust","catalog_name":"Bird 2003","catalog_id":"PB_5443.0","average_dip":null,"dip_dir":null,"net_slip_rate":"(37.2,,)"},"geometry":{"type":"LineString","coordinates":[[22.375,35.742],[22.866,35.437]]}},{"type":"Feature","properties":{"id":"PB_5444.0","name":null,"slip_type":"Subduction_Thrust","catalog_name":"Bird 2003","catalog_id":"PB_5444.0","average_dip":null,"dip_dir":null,"net_slip_rate":"(37.3,,)"},"geometry":{"type":"LineString","coordinates":[[22.866,35.437],[23.399,34.99]]}},{"type":"Feature","properties":{"id":"PB_5445.0","name":null,"slip_type":"Subduction_Thrust","catalog_name":"Bird 2003","catalog_id":"PB_5445.0","average_dip":null,"dip_dir":null,"net_slip_rate":"(37.4,,)"},"geometry":{"type":"LineString","coordinates":[[23.399,34.99],[23.874,34.628]]}},{"type":"Feature","properties":{"id":"PB_5446.0","name":null,"slip_type":"Subduction_Thrust","catalog_name":"Bird 2003","catalog_id":"PB_5446.0","average_dip":null,"dip_dir":null,"net_slip_rate":"(37.5,,)"},"geometry":{"type":"LineString","coordinates":[[23.874,34.628],[24.593,34.34]]}},{"type":"Feature","properties":{"id":"PB_5447.0","name":null,"slip_type":"Subduction_Thrust","catalog_name":"Bird 2003","catalog_id":"PB_5447.0","average_dip":null,"dip_dir":null,"net_slip_rate":"(37.6,,)"},"geometry":{"type":"LineString","coordinates":[[24.593,34.34],[25.577,34.249]]}},{"type":"Feature","properties":{"id":"PB_5448.0","name":null,"slip_type":"Subduction_Thrust","catalog_name":"Bird 2003","catalog_id":"PB_5448.0","average_dip":null,"dip_dir":null,"net_slip_rate":"(37.8,,)"},"geometry":{"type":"LineString","coordinates":[[25.577,34.249],[26.465,34.198]]}},{"type":"Feature","properties":{"id":"PB_5449.0","name":null,"slip_type":"Subduction_Thrust","catalog_name":"Bird 2003","catalog_id":"PB_5449.0","average_dip":null,"dip_dir":null,"net_slip_rate":"(37.9,,)"},"geometry":{"type":"LineString","coordinates":[[26.465,34.198],[27.226,34.335]]}},{"type":"Feature","properties":{"id":"PB_5450.0","name":null,"slip_type":"Subduction_Thrust","catalog_name":"Bird 2003","catalog_id":"PB_5450.0","average_dip":null,"dip_dir":null,"net_slip_rate":"(37.9,,)"},"geometry":{"type":"LineString","coordinates":[[27.226,34.335],[27.684,34.706]]}},{"type":"Feature","properties":{"id":"PB_5451.0","name":null,"slip_type":"Subduction_Thrust","catalog_name":"Bird 2003","catalog_id":"PB_5451.0","average_dip":null,"dip_dir":null,"net_slip_rate":"(38.0,,)"},"geometry":{"type":"LineString","coordinates":[[27.684,34.706],[28.05,34.87]]}},{"type":"Feature","properties":{"id":"PB_5452.0","name":null,"slip_type":"Subduction_Thrust","catalog_name":"Bird 2003","catalog_id":"PB_5452.0","average_dip":null,"dip_dir":null,"net_slip_rate":"(38.0,,)"},"geometry":{"type":"LineString","coordinates":[[28.05,34.87],[28.478,35.127]]}},{"type":"Feature","properties":{"id":"PB_5453.0","name":null,"slip_type":"Subduction_Thrust","catalog_name":"Bird 2003","catalog_id":"PB_5453.0","average_dip":null,"dip_dir":null,"net_slip_rate":"(38.0,,)"},"geometry":{"type":"LineString","coordinates":[[28.478,35.127],[28.779,35.312]]}},{"type":"Feature","properties":{"id":"PB_5454.0","name":null,"slip_type":"Subduction_Thrust","catalog_name":"Bird 2003","catalog_id":"PB_5454.0","average_dip":null,"dip_dir":null,"net_slip_rate":"(38.0,,)"},"geometry":{"type":"LineString","coordinates":[[28.779,35.312],[29.07,35.378]]}},{"type":"Feature","properties":{"id":"PB_5455.0","name":null,"slip_type":"Subduction_Thrust","catalog_name":"Bird 2003","catalog_id":"PB_5455.0","average_dip":null,"dip_dir":null,"net_slip_rate":"(38.1,,)"},"geometry":{"type":"LineString","coordinates":[[29.07,35.378],[29.345,35.425]]}},{"type":"Feature","properties":{"id":"PB_5456.0","name":null,"slip_type":"Subduction_Thrust","catalog_name":"Bird 2003","catalog_id":"PB_5456.0","average_dip":null,"dip_dir":null,"net_slip_rate":"(38.1,,)"},"geometry":{"type":"LineString","coordinates":[[29.345,35.425],[29.731,35.427]]}},{"type":"Feature","properties":{"id":"PB_5457.0","name":null,"slip_type":"Subduction_Thrust","catalog_name":"Bird 2003","catalog_id":"PB_5457.0","average_dip":null,"dip_dir":null,"net_slip_rate":"(18.1,,)"},"geometry":{"type":"LineString","coordinates":[[29.731,35.427],[30.221,35.154]]}},{"type":"Feature","properties":{"id":"PB_5458.0","name":null,"slip_type":"Subduction_Thrust","catalog_name":"Bird 2003","catalog_id":"PB_5458.0","average_dip":null,"dip_dir":null,"net_slip_rate":"(17.1,,)"},"geometry":{"type":"LineString","coordinates":[[30.221,35.154],[30.793,34.991]]}},{"type":"Feature","properties":{"id":"PB_5459.0","name":null,"slip_type":"Subduction_Thrust","catalog_name":"Bird 2003","catalog_id":"PB_5459.0","average_dip":null,"dip_dir":null,"net_slip_rate":"(16.1,,)"},"geometry":{"type":"LineString","coordinates":[[30.793,34.991],[31.256,34.826]]}},{"type":"Feature","properties":{"id":"PB_5460.0","name":null,"slip_type":"Subduction_Thrust","catalog_name":"Bird 2003","catalog_id":"PB_5460.0","average_dip":null,"dip_dir":null,"net_slip_rate":"(15.2,,)"},"geometry":{"type":"LineString","coordinates":[[31.256,34.826],[31.74,34.634]]}},{"type":"Feature","properties":{"id":"PB_5461.0","name":null,"slip_type":"Subduction_Thrust","catalog_name":"Bird 2003","catalog_id":"PB_5461.0","average_dip":null,"dip_dir":null,"net_slip_rate":"(14.3,,)"},"geometry":{"type":"LineString","coordinates":[[31.74,34.634],[32.172,34.487]]}},{"type":"Feature","properties":{"id":"PB_5462.0","name":null,"slip_type":"Subduction_Thrust","catalog_name":"Bird 2003","catalog_id":"PB_5462.0","average_dip":null,"dip_dir":null,"net_slip_rate":"(13.5,,)"},"geometry":{"type":"LineString","coordinates":[[32.172,34.487],[32.668,34.39]]}},{"type":"Feature","properties":{"id":"PB_5463.0","name":null,"slip_type":"Subduction_Thrust","catalog_name":"Bird 2003","catalog_id":"PB_5463.0","average_dip":null,"dip_dir":null,"net_slip_rate":"(12.7,,)"},"geometry":{"type":"LineString","coordinates":[[32.668,34.39],[33.101,34.29]]}},{"type":"Feature","properties":{"id":"PB_5464.0","name":null,"slip_type":"Subduction_Thrust","catalog_name":"Bird 2003","catalog_id":"PB_5464.0","average_dip":null,"dip_dir":null,"net_slip_rate":"(12.0,,)"},"geometry":{"type":"LineString","coordinates":[[33.101,34.29],[33.735,34.302]]}},{"type":"Feature","properties":{"id":"PB_5465.0","name":null,"slip_type":"Subduction_Thrust","catalog_name":"Bird 2003","catalog_id":"PB_5465.0","average_dip":null,"dip_dir":null,"net_slip_rate":"(11.5,,)"},"geometry":{"type":"LineString","coordinates":[[33.735,34.302],[34.054,34.505]]}},{"type":"Feature","properties":{"id":"PB_5466.0","name":null,"slip_type":"Subduction_Thrust","catalog_name":"Bird 2003","catalog_id":"PB_5466.0","average_dip":null,"dip_dir":null,"net_slip_rate":"(11.5,,)"},"geometry":{"type":"LineString","coordinates":[[34.054,34.505],[34.5,34.785]]}}]}
